# Blender 5.0.0
# www.blender.org
mtllib orangepi.mtl
o 平面
v -0.525768 0.004680 0.329752
v -0.525768 0.009780 0.324652
v -0.530868 0.009780 0.329752
v -0.525768 0.005409 0.329023
v -0.525768 0.006137 0.328294
v -0.525768 0.006866 0.327566
v -0.525776 0.005380 0.329060
v -0.525785 0.006084 0.328369
v -0.525794 0.006799 0.327677
v -0.525784 0.005351 0.329098
v -0.525801 0.006031 0.328443
v -0.525820 0.006732 0.327788
v -0.525908 0.009780 0.325783
v -0.526291 0.009780 0.326855
v -0.526900 0.009780 0.327816
v -0.525768 0.009051 0.325380
v -0.525971 0.008921 0.326360
v -0.526279 0.008814 0.327282
v -0.526763 0.008750 0.328095
v -0.525768 0.008323 0.326109
v -0.525974 0.008085 0.326931
v -0.526241 0.007889 0.327701
v -0.526620 0.007772 0.328372
v -0.525768 0.007594 0.326837
v -0.525936 0.007292 0.327502
v -0.526148 0.007043 0.328123
v -0.526442 0.006895 0.328662
v -0.530140 0.009051 0.329752
v -0.529411 0.008323 0.329752
v -0.528683 0.007594 0.329752
v -0.529737 0.009780 0.329612
v -0.529172 0.008921 0.329521
v -0.528592 0.008085 0.329540
v -0.528018 0.007292 0.329584
v -0.528665 0.009780 0.329229
v -0.528252 0.008814 0.329204
v -0.527822 0.007889 0.329272
v -0.527397 0.007043 0.329372
v -0.527704 0.009780 0.328620
v -0.527430 0.008749 0.328740
v -0.527149 0.007772 0.328897
v -0.526858 0.006895 0.329078
v -0.526497 0.005409 0.329752
v -0.525793 0.005322 0.329135
v -0.525784 0.005351 0.329098
v -0.527225 0.006137 0.329752
v -0.525818 0.005979 0.328518
v -0.525801 0.006031 0.328444
v -0.527954 0.006866 0.329752
v -0.525845 0.006664 0.327899
v -1.555269 0.004680 0.329752
v -1.550169 0.009780 0.329752
v -1.555269 0.009780 0.324652
v -1.554541 0.005408 0.329752
v -1.553812 0.006137 0.329752
v -1.553083 0.006866 0.329752
v -1.554578 0.005379 0.329743
v -1.553887 0.006084 0.329735
v -1.553194 0.006799 0.329726
v -1.554615 0.005351 0.329735
v -1.553961 0.006031 0.329719
v -1.553305 0.006731 0.329700
v -1.551301 0.009780 0.329612
v -1.552373 0.009780 0.329229
v -1.553334 0.009780 0.328620
v -1.550898 0.009051 0.329752
v -1.551877 0.008921 0.329549
v -1.552800 0.008813 0.329241
v -1.553612 0.008749 0.328757
v -1.551626 0.008323 0.329752
v -1.552448 0.008085 0.329546
v -1.553218 0.007889 0.329279
v -1.553890 0.007772 0.328900
v -1.552355 0.007594 0.329752
v -1.553019 0.007292 0.329584
v -1.553641 0.007043 0.329372
v -1.554179 0.006894 0.329078
v -1.555269 0.009051 0.325380
v -1.555269 0.008323 0.326109
v -1.555269 0.007594 0.326837
v -1.555130 0.009780 0.325783
v -1.555038 0.008921 0.326348
v -1.555058 0.008085 0.326928
v -1.555101 0.007292 0.327502
v -1.554746 0.009780 0.326855
v -1.554722 0.008813 0.327267
v -1.554789 0.007889 0.327698
v -1.554890 0.007043 0.328123
v -1.554138 0.009780 0.327816
v -1.554257 0.008749 0.328090
v -1.554414 0.007772 0.328371
v -1.554595 0.006894 0.328662
v -1.555269 0.005408 0.329023
v -1.554653 0.005322 0.329727
v -1.554615 0.005351 0.329735
v -1.555269 0.006137 0.328294
v -1.554036 0.005978 0.329702
v -1.553961 0.006031 0.329719
v -1.555269 0.006866 0.327566
v -1.553416 0.006664 0.329674
v -1.553305 0.006731 0.329700
v -0.525768 0.004680 -0.449752
v -0.530868 0.009780 -0.449752
v -0.525768 0.009780 -0.444652
v -0.525768 0.005409 -0.449024
v -0.526385 0.005322 -0.449728
v -0.526422 0.005351 -0.449736
v -0.525768 0.006137 -0.448295
v -0.527002 0.005979 -0.449703
v -0.527076 0.006031 -0.449719
v -0.525768 0.006866 -0.447567
v -0.527621 0.006664 -0.449675
v -0.527732 0.006732 -0.449701
v -0.526497 0.005409 -0.449752
v -0.527225 0.006137 -0.449752
v -0.527954 0.006866 -0.449752
v -0.526459 0.005380 -0.449744
v -0.527151 0.006084 -0.449736
v -0.527843 0.006799 -0.449727
v -0.526422 0.005351 -0.449736
v -0.527076 0.006031 -0.449719
v -0.527732 0.006732 -0.449701
v -0.529737 0.009780 -0.449613
v -0.528665 0.009780 -0.449229
v -0.527704 0.009780 -0.448621
v -0.530140 0.009051 -0.449752
v -0.529160 0.008921 -0.449550
v -0.528238 0.008814 -0.449241
v -0.527425 0.008750 -0.448757
v -0.529411 0.008323 -0.449752
v -0.528589 0.008085 -0.449547
v -0.527819 0.007889 -0.449280
v -0.527148 0.007772 -0.448901
v -0.528683 0.007594 -0.449752
v -0.528018 0.007292 -0.449584
v -0.527397 0.007043 -0.449373
v -0.526858 0.006895 -0.449079
v -0.525768 0.009051 -0.445381
v -0.525768 0.008323 -0.446109
v -0.525768 0.007594 -0.446838
v -0.525908 0.009780 -0.445784
v -0.525999 0.008921 -0.446348
v -0.525980 0.008085 -0.446929
v -0.525936 0.007292 -0.447503
v -0.526291 0.009780 -0.446856
v -0.526315 0.008814 -0.447268
v -0.526248 0.007889 -0.447698
v -0.526148 0.007043 -0.448124
v -0.526900 0.009780 -0.447817
v -0.526780 0.008749 -0.448091
v -0.526623 0.007772 -0.448372
v -0.526442 0.006895 -0.448662
v -1.555269 0.004680 -0.449752
v -1.555269 0.009780 -0.444652
v -1.550169 0.009780 -0.449752
v -1.555269 0.005408 -0.449024
v -1.555269 0.006137 -0.448295
v -1.555269 0.006866 -0.447567
v -1.555261 0.005379 -0.449061
v -1.555253 0.006084 -0.448370
v -1.555243 0.006799 -0.447677
v -1.555253 0.005351 -0.449099
v -1.555236 0.006031 -0.448444
v -1.555218 0.006731 -0.447788
v -1.555130 0.009780 -0.445784
v -1.554746 0.009780 -0.446856
v -1.554138 0.009780 -0.447817
v -1.555269 0.009051 -0.445381
v -1.555067 0.008921 -0.446360
v -1.554758 0.008813 -0.447283
v -1.554274 0.008749 -0.448096
v -1.555269 0.008323 -0.446109
v -1.555063 0.008085 -0.446931
v -1.554796 0.007889 -0.447701
v -1.554417 0.007772 -0.448373
v -1.555269 0.007594 -0.446838
v -1.555101 0.007292 -0.447503
v -1.554890 0.007043 -0.448124
v -1.554595 0.006894 -0.448662
v -1.550898 0.009051 -0.449752
v -1.551626 0.008323 -0.449752
v -1.552355 0.007594 -0.449752
v -1.551301 0.009780 -0.449613
v -1.551865 0.008921 -0.449521
v -1.552446 0.008085 -0.449541
v -1.553020 0.007292 -0.449584
v -1.552373 0.009780 -0.449229
v -1.552785 0.008813 -0.449205
v -1.553215 0.007889 -0.449272
v -1.553641 0.007043 -0.449373
v -1.553334 0.009780 -0.448621
v -1.553608 0.008749 -0.448741
v -1.553889 0.007772 -0.448897
v -1.554179 0.006894 -0.449079
v -1.554541 0.005408 -0.449752
v -1.555245 0.005322 -0.449136
v -1.555253 0.005351 -0.449099
v -1.553812 0.006137 -0.449752
v -1.555219 0.005978 -0.448519
v -1.555236 0.006031 -0.448444
v -1.553083 0.006866 -0.449752
v -1.555192 0.006664 -0.447899
v -1.555218 0.006731 -0.447788
v -0.538879 0.004680 -0.436641
v -0.533779 0.004680 -0.441741
v -0.538151 0.004680 -0.437370
v -0.538254 0.004680 -0.437266
v -0.538220 0.004680 -0.437301
v -0.537422 0.004680 -0.438098
v -0.537624 0.004680 -0.437897
v -0.537556 0.004680 -0.437964
v -0.536694 0.004680 -0.438827
v -0.536981 0.004680 -0.438540
v -0.536885 0.004680 -0.438635
v -0.538151 0.004680 -0.437370
v -0.537422 0.004680 -0.438098
v -0.537489 0.004680 -0.438031
v -0.536789 0.004680 -0.438731
v -0.538220 0.004680 -0.437301
v -0.537556 0.004680 -0.437964
v -0.536885 0.004680 -0.438635
v -0.534508 0.004680 -0.441013
v -0.535236 0.004680 -0.440284
v -0.535965 0.004680 -0.439555
v -0.535185 0.004680 -0.440335
v -0.535853 0.004680 -0.439668
v -0.536501 0.004680 -0.439020
v -0.535236 0.004680 -0.440284
v -0.535853 0.004680 -0.439668
v -0.536436 0.004680 -0.439084
v -0.536973 0.004680 -0.438547
v -0.535965 0.004680 -0.439555
v -0.536501 0.004680 -0.439020
v -0.536973 0.004680 -0.438547
v -0.537346 0.004680 -0.438174
v -0.538879 0.004680 0.316640
v -0.533779 0.004680 0.321741
v -0.538645 0.004680 0.316875
v -0.538341 0.004680 0.317179
v -0.537925 0.004680 0.317594
v -0.538879 0.004680 0.316640
v -0.538637 0.004680 0.316883
v -0.538340 0.004680 0.317180
v -0.537958 0.004680 0.317562
v -0.538620 0.004680 0.316900
v -0.538322 0.004680 0.317198
v -0.537981 0.004680 0.317539
v -0.534508 0.004680 0.321012
v -0.535236 0.004680 0.320283
v -0.535965 0.004680 0.319555
v -0.534914 0.004680 0.320606
v -0.535466 0.004680 0.320054
v -0.536035 0.004680 0.319485
v -0.536601 0.004680 0.318919
v -0.535992 0.004680 0.319528
v -0.536380 0.004680 0.319140
v -0.536778 0.004680 0.318741
v -0.537169 0.004680 0.318351
v -0.536959 0.004680 0.318561
v -0.537200 0.004680 0.318320
v -0.537421 0.004680 0.318099
v -0.537616 0.004680 0.317903
v -0.538879 0.004680 0.316640
v -0.538151 0.004680 0.317369
v -0.538505 0.004680 0.317015
v -0.538553 0.004680 0.316967
v -0.538594 0.004680 0.316925
v -0.537422 0.004680 0.318098
v -0.538122 0.004680 0.317398
v -0.538211 0.004680 0.317309
v -0.538288 0.004680 0.317232
v -0.536694 0.004680 0.318826
v -0.537738 0.004680 0.317781
v -0.537866 0.004680 0.317654
v -0.537973 0.004680 0.317547
v -1.542158 0.004680 0.316640
v -1.547258 0.004680 0.321741
v -1.542627 0.004680 0.317110
v -1.543112 0.004680 0.317595
v -1.543624 0.004680 0.318107
v -1.542590 0.004680 0.317072
v -1.543041 0.004680 0.317523
v -1.543519 0.004680 0.318001
v -1.542158 0.004680 0.316640
v -1.542540 0.004680 0.317022
v -1.542944 0.004680 0.317426
v -1.543375 0.004680 0.317858
v -1.546530 0.004680 0.321012
v -1.545801 0.004680 0.320283
v -1.545072 0.004680 0.319555
v -1.546530 0.004680 0.321012
v -1.545852 0.004680 0.320334
v -1.545185 0.004680 0.319667
v -1.544536 0.004680 0.319019
v -1.545801 0.004680 0.320283
v -1.545185 0.004680 0.319667
v -1.544601 0.004680 0.319083
v -1.544064 0.004680 0.318547
v -1.545072 0.004680 0.319555
v -1.544536 0.004680 0.319019
v -1.544064 0.004680 0.318547
v -1.543691 0.004680 0.318174
v -1.542887 0.004680 0.317369
v -1.542575 0.004680 0.317057
v -1.542521 0.004680 0.317004
v -1.542525 0.004680 0.317007
v -1.543615 0.004680 0.318098
v -1.543011 0.004680 0.317494
v -1.542909 0.004680 0.317391
v -1.542915 0.004680 0.317398
v -1.544344 0.004680 0.318826
v -1.543475 0.004680 0.317958
v -1.543313 0.004680 0.317795
v -1.543325 0.004680 0.317807
v -1.542158 0.004680 -0.436641
v -1.547258 0.004680 -0.441741
v -1.542887 0.004680 -0.437370
v -1.543615 0.004680 -0.438098
v -1.544344 0.004680 -0.438827
v -1.542868 0.004680 -0.437351
v -1.543578 0.004680 -0.438061
v -1.544291 0.004680 -0.438774
v -1.542848 0.004680 -0.437331
v -1.543541 0.004680 -0.438024
v -1.544238 0.004680 -0.438721
v -1.546530 0.004680 -0.441013
v -1.545801 0.004680 -0.440284
v -1.545072 0.004680 -0.439555
v -1.545852 0.004680 -0.440335
v -1.545185 0.004680 -0.439668
v -1.544536 0.004680 -0.439020
v -1.545801 0.004680 -0.440284
v -1.545185 0.004680 -0.439668
v -1.544601 0.004680 -0.439084
v -1.544064 0.004680 -0.438547
v -1.545072 0.004680 -0.439555
v -1.544536 0.004680 -0.439020
v -1.544064 0.004680 -0.438547
v -1.543692 0.004680 -0.438174
v -1.542158 0.004680 -0.436641
v -1.542767 0.004680 -0.437250
v -1.542810 0.004680 -0.437293
v -1.542848 0.004680 -0.437331
v -1.543615 0.004680 -0.438098
v -1.543384 0.004680 -0.437867
v -1.543467 0.004680 -0.437950
v -1.543541 0.004680 -0.438024
v -1.544344 0.004680 -0.438827
v -1.544014 0.004680 -0.438497
v -1.544132 0.004680 -0.438615
v -1.544238 0.004680 -0.438721
v -0.530868 0.004680 -0.444652
v -0.530140 0.004680 -0.445381
v -0.529411 0.004680 -0.446109
v -0.528683 0.004680 -0.446838
v -0.529462 0.004680 -0.446058
v -0.528795 0.004680 -0.446726
v -0.528147 0.004680 -0.447374
v -0.529411 0.004680 -0.446109
v -0.528795 0.004680 -0.446726
v -0.528211 0.004680 -0.447310
v -0.527674 0.004680 -0.447846
v -0.528683 0.004680 -0.446838
v -0.528147 0.004680 -0.447374
v -0.527674 0.004680 -0.447846
v -0.527301 0.004680 -0.448219
v -0.526497 0.004680 -0.449024
v -0.526393 0.004680 -0.449127
v -0.526428 0.004680 -0.449093
v -0.527225 0.004680 -0.448295
v -0.527024 0.004680 -0.448497
v -0.527091 0.004680 -0.448429
v -0.527954 0.004680 -0.447567
v -0.527667 0.004680 -0.447854
v -0.527762 0.004680 -0.447758
v -0.526497 0.004680 -0.449024
v -0.527954 0.004680 -0.447567
v -0.526462 0.004680 -0.449058
v -0.527158 0.004680 -0.448362
v -0.527858 0.004680 -0.447662
v -0.526428 0.004680 -0.449093
v -0.527091 0.004680 -0.448429
v -0.527763 0.004680 -0.447758
v -0.530868 0.004680 0.324652
v -0.526497 0.004680 0.329023
v -0.526393 0.004680 0.329127
v -0.526428 0.004680 0.329092
v -0.527225 0.004680 0.328294
v -0.527024 0.004680 0.328496
v -0.527091 0.004680 0.328429
v -0.527954 0.004680 0.327566
v -0.527667 0.004680 0.327853
v -0.527762 0.004680 0.327757
v -0.527954 0.004680 0.327566
v -0.526462 0.004680 0.329058
v -0.527158 0.004680 0.328362
v -0.527858 0.004680 0.327662
v -0.526428 0.004680 0.329092
v -0.527091 0.004680 0.328429
v -0.527763 0.004680 0.327757
v -0.530140 0.004680 0.325380
v -0.529411 0.004680 0.326109
v -0.528683 0.004680 0.326837
v -0.530140 0.004680 0.325380
v -0.529462 0.004680 0.326058
v -0.528795 0.004680 0.326725
v -0.528147 0.004680 0.327373
v -0.529411 0.004680 0.326109
v -0.528795 0.004680 0.326725
v -0.528211 0.004680 0.327309
v -0.527674 0.004680 0.327846
v -0.528683 0.004680 0.326837
v -0.528147 0.004680 0.327373
v -0.527674 0.004680 0.327846
v -0.527301 0.004680 0.328218
v -1.550169 0.004680 0.324652
v -1.554541 0.004680 0.329023
v -1.554644 0.004680 0.329127
v -1.554610 0.004680 0.329092
v -1.553812 0.004680 0.328294
v -1.554013 0.004680 0.328496
v -1.553946 0.004680 0.328429
v -1.553083 0.004680 0.327566
v -1.553371 0.004680 0.327853
v -1.553275 0.004680 0.327757
v -1.554541 0.004680 0.329023
v -1.553812 0.004680 0.328294
v -1.553083 0.004680 0.327566
v -1.554575 0.004680 0.329058
v -1.553879 0.004680 0.328362
v -1.553179 0.004680 0.327662
v -1.554610 0.004680 0.329092
v -1.553946 0.004680 0.328429
v -1.550898 0.004680 0.325380
v -1.551626 0.004680 0.326109
v -1.552355 0.004680 0.326837
v -1.550898 0.004680 0.325380
v -1.551575 0.004680 0.326058
v -1.552243 0.004680 0.326725
v -1.552891 0.004680 0.327373
v -1.551626 0.004680 0.326109
v -1.552243 0.004680 0.326725
v -1.552826 0.004680 0.327309
v -1.553363 0.004680 0.327846
v -1.552355 0.004680 0.326837
v -1.552891 0.004680 0.327373
v -1.553363 0.004680 0.327846
v -1.553736 0.004680 0.328218
v -1.550169 0.004680 -0.444652
v -1.554541 0.004680 -0.449024
v -1.554644 0.004680 -0.449127
v -1.554610 0.004680 -0.449093
v -1.553812 0.004680 -0.448295
v -1.554013 0.004680 -0.448497
v -1.553946 0.004680 -0.448429
v -1.553083 0.004680 -0.447567
v -1.553371 0.004680 -0.447854
v -1.553275 0.004680 -0.447758
v -1.554541 0.004680 -0.449024
v -1.553812 0.004680 -0.448295
v -1.553083 0.004680 -0.447567
v -1.554575 0.004680 -0.449058
v -1.553879 0.004680 -0.448362
v -1.553179 0.004680 -0.447662
v -1.554610 0.004680 -0.449093
v -1.553946 0.004680 -0.448429
v -1.553275 0.004680 -0.447758
v -1.550898 0.004680 -0.445381
v -1.551626 0.004680 -0.446109
v -1.552355 0.004680 -0.446838
v -1.551575 0.004680 -0.446058
v -1.552243 0.004680 -0.446726
v -1.552891 0.004680 -0.447374
v -1.551626 0.004680 -0.446109
v -1.552243 0.004680 -0.446726
v -1.552826 0.004680 -0.447309
v -1.553363 0.004680 -0.447846
v -1.552355 0.004680 -0.446838
v -1.552891 0.004680 -0.447374
v -1.553363 0.004680 -0.447846
v -1.553736 0.004680 -0.448219
v -0.538879 0.009780 -0.436641
v -0.544317 0.004680 -0.436641
v -0.538879 0.005409 -0.436641
v -0.538879 0.006137 -0.436641
v -0.538879 0.006866 -0.436641
v -0.539656 0.004680 -0.436641
v -0.539490 0.005253 -0.436641
v -0.539353 0.005835 -0.436641
v -0.539272 0.006435 -0.436641
v -0.540433 0.004680 -0.436641
v -0.540111 0.005124 -0.436641
v -0.539846 0.005587 -0.436641
v -0.539689 0.006076 -0.436641
v -0.541210 0.004680 -0.436641
v -0.540750 0.005048 -0.436641
v -0.540368 0.005440 -0.436641
v -0.540128 0.005851 -0.436641
v -0.539656 0.009051 -0.436641
v -0.540433 0.008323 -0.436641
v -0.541210 0.007594 -0.436641
v -0.538879 0.009051 -0.436641
v -0.539490 0.008374 -0.436641
v -0.540111 0.007707 -0.436641
v -0.540750 0.007058 -0.436641
v -0.538879 0.008323 -0.436641
v -0.539353 0.007707 -0.436641
v -0.539846 0.007123 -0.436641
v -0.540368 0.006586 -0.436641
v -0.538879 0.007594 -0.436641
v -0.539272 0.007058 -0.436641
v -0.539689 0.006586 -0.436641
v -0.540128 0.006213 -0.436641
v -0.543541 0.004680 -0.436641
v -0.542764 0.004680 -0.436641
v -0.541987 0.004680 -0.436641
v -0.543541 0.005409 -0.436641
v -0.542818 0.005253 -0.436641
v -0.542107 0.005124 -0.436641
v -0.541415 0.005048 -0.436641
v -0.542764 0.006137 -0.436641
v -0.542107 0.005835 -0.436641
v -0.541484 0.005587 -0.436641
v -0.540912 0.005440 -0.436641
v -0.541987 0.006866 -0.436641
v -0.541415 0.006435 -0.436641
v -0.540912 0.006076 -0.436641
v -0.540514 0.005852 -0.436641
v -0.544317 0.004680 0.316640
v -0.538879 0.009780 0.316640
v -0.539656 0.004680 0.316640
v -0.540433 0.004680 0.316640
v -0.541210 0.004680 0.316640
v -0.538879 0.005409 0.316640
v -0.539490 0.005253 0.316640
v -0.540111 0.005124 0.316640
v -0.540750 0.005048 0.316640
v -0.538879 0.006137 0.316640
v -0.539353 0.005835 0.316640
v -0.539846 0.005587 0.316640
v -0.540368 0.005440 0.316640
v -0.538879 0.006866 0.316640
v -0.539272 0.006435 0.316640
v -0.539689 0.006076 0.316640
v -0.540128 0.005852 0.316640
v -0.543541 0.005409 0.316640
v -0.542764 0.006137 0.316640
v -0.541987 0.006866 0.316640
v -0.543541 0.004680 0.316640
v -0.542818 0.005253 0.316640
v -0.542107 0.005835 0.316640
v -0.541415 0.006435 0.316640
v -0.542764 0.004680 0.316640
v -0.542107 0.005124 0.316640
v -0.541484 0.005587 0.316640
v -0.540912 0.006076 0.316640
v -0.541987 0.004680 0.316640
v -0.541415 0.005048 0.316640
v -0.540912 0.005440 0.316640
v -0.540514 0.005851 0.316640
v -0.538879 0.009051 0.316640
v -0.538879 0.008323 0.316640
v -0.538879 0.007594 0.316640
v -0.539656 0.009051 0.316640
v -0.539490 0.008374 0.316640
v -0.539353 0.007707 0.316640
v -0.539272 0.007058 0.316640
v -0.540433 0.008323 0.316640
v -0.540111 0.007707 0.316640
v -0.539846 0.007123 0.316640
v -0.539689 0.006586 0.316640
v -0.541210 0.007594 0.316640
v -0.540750 0.007058 0.316640
v -0.540368 0.006586 0.316640
v -0.540128 0.006213 0.316640
v -1.542158 0.009780 0.316640
v -1.536720 0.004680 0.316640
v -1.542158 0.005408 0.316640
v -1.542158 0.006137 0.316640
v -1.542158 0.006866 0.316640
v -1.541381 0.004680 0.316640
v -1.541547 0.005253 0.316640
v -1.541684 0.005835 0.316640
v -1.541766 0.006435 0.316640
v -1.540604 0.004680 0.316640
v -1.540926 0.005124 0.316640
v -1.541191 0.005587 0.316640
v -1.541348 0.006076 0.316640
v -1.539827 0.004680 0.316640
v -1.540287 0.005048 0.316640
v -1.540669 0.005440 0.316640
v -1.540909 0.005851 0.316640
v -1.541381 0.009051 0.316640
v -1.540604 0.008323 0.316640
v -1.539827 0.007594 0.316640
v -1.542158 0.009051 0.316640
v -1.541547 0.008374 0.316640
v -1.540926 0.007707 0.316640
v -1.540287 0.007058 0.316640
v -1.542158 0.008323 0.316640
v -1.541684 0.007707 0.316640
v -1.541191 0.007123 0.316640
v -1.540669 0.006586 0.316640
v -1.542158 0.007594 0.316640
v -1.541766 0.007058 0.316640
v -1.541348 0.006586 0.316640
v -1.540909 0.006213 0.316640
v -1.537497 0.004680 0.316640
v -1.538274 0.004680 0.316640
v -1.539051 0.004680 0.316640
v -1.537497 0.005408 0.316640
v -1.538219 0.005253 0.316640
v -1.538931 0.005124 0.316640
v -1.539622 0.005048 0.316640
v -1.538274 0.006137 0.316640
v -1.538931 0.005835 0.316640
v -1.539553 0.005587 0.316640
v -1.540126 0.005440 0.316640
v -1.539051 0.006866 0.316640
v -1.539622 0.006435 0.316640
v -1.540126 0.006076 0.316640
v -1.540523 0.005851 0.316640
v -1.536720 0.004680 -0.436641
v -1.542158 0.009780 -0.436641
v -1.541381 0.004680 -0.436641
v -1.540604 0.004680 -0.436641
v -1.539827 0.004680 -0.436641
v -1.542158 0.005408 -0.436641
v -1.541547 0.005253 -0.436641
v -1.540926 0.005124 -0.436641
v -1.540287 0.005048 -0.436641
v -1.542158 0.006137 -0.436641
v -1.541684 0.005835 -0.436641
v -1.541191 0.005587 -0.436641
v -1.540669 0.005440 -0.436641
v -1.542158 0.006866 -0.436641
v -1.541766 0.006435 -0.436641
v -1.541348 0.006076 -0.436641
v -1.540909 0.005851 -0.436641
v -1.537497 0.005408 -0.436641
v -1.538274 0.006137 -0.436641
v -1.539051 0.006866 -0.436641
v -1.537497 0.004680 -0.436641
v -1.538219 0.005253 -0.436641
v -1.538931 0.005835 -0.436641
v -1.539622 0.006435 -0.436641
v -1.538274 0.004680 -0.436641
v -1.538931 0.005124 -0.436641
v -1.539553 0.005587 -0.436641
v -1.540126 0.006076 -0.436641
v -1.539051 0.004680 -0.436641
v -1.539622 0.005048 -0.436641
v -1.540126 0.005440 -0.436641
v -1.540523 0.005851 -0.436641
v -1.542158 0.009051 -0.436641
v -1.542158 0.008323 -0.436641
v -1.542158 0.007594 -0.436641
v -1.541381 0.009051 -0.436641
v -1.541547 0.008374 -0.436641
v -1.541684 0.007707 -0.436641
v -1.541766 0.007058 -0.436641
v -1.540604 0.008323 -0.436641
v -1.540926 0.007707 -0.436641
v -1.541191 0.007123 -0.436641
v -1.541348 0.006586 -0.436641
v -1.539827 0.007594 -0.436641
v -1.540287 0.007058 -0.436641
v -1.540669 0.006586 -0.436641
v -1.540909 0.006213 -0.436641
v -0.538879 0.012180 -0.431541
v -0.543979 0.017280 -0.431541
v -0.544304 0.012180 -0.436641
v -0.539019 0.013312 -0.431541
v -0.539402 0.014384 -0.431541
v -0.540011 0.015345 -0.431541
v -0.539028 0.012180 -0.432672
v -0.539355 0.013305 -0.432654
v -0.539685 0.014357 -0.432652
v -0.540192 0.015267 -0.432648
v -0.539435 0.012180 -0.433744
v -0.539735 0.013294 -0.433702
v -0.540024 0.014309 -0.433666
v -0.540434 0.015147 -0.433623
v -0.540082 0.012180 -0.434705
v -0.540258 0.013287 -0.434622
v -0.540461 0.014262 -0.434506
v -0.540751 0.015000 -0.434360
v -0.544020 0.017141 -0.432673
v -0.544066 0.016757 -0.433745
v -0.544116 0.016149 -0.434706
v -0.542848 0.017141 -0.431541
v -0.542900 0.016819 -0.432666
v -0.542938 0.016490 -0.433718
v -0.542980 0.015984 -0.434628
v -0.541776 0.016757 -0.431541
v -0.541845 0.016460 -0.432655
v -0.541908 0.016171 -0.433670
v -0.541980 0.015761 -0.434508
v -0.540815 0.016149 -0.431541
v -0.540918 0.015967 -0.432649
v -0.541056 0.015758 -0.433623
v -0.541224 0.015465 -0.434361
v -0.543100 0.012180 -0.436502
v -0.541959 0.012180 -0.436118
v -0.540937 0.012180 -0.435509
v -0.544264 0.013312 -0.436502
v -0.543072 0.013293 -0.436180
v -0.541961 0.013292 -0.435851
v -0.540999 0.013287 -0.435345
v -0.544218 0.014384 -0.436118
v -0.543048 0.014341 -0.435821
v -0.541984 0.014306 -0.435532
v -0.541105 0.014262 -0.435122
v -0.544167 0.015345 -0.435510
v -0.543018 0.015262 -0.435328
v -0.542006 0.015146 -0.435119
v -0.541240 0.014999 -0.434826
v -0.538879 0.012180 0.311540
v -0.544304 0.012180 0.316640
v -0.543979 0.017280 0.311540
v -0.539047 0.012180 0.312675
v -0.539471 0.012180 0.313753
v -0.540129 0.012180 0.314720
v -0.538975 0.013314 0.311540
v -0.539168 0.013351 0.312723
v -0.539610 0.013346 0.313791
v -0.540228 0.013331 0.314676
v -0.539330 0.014392 0.311540
v -0.539544 0.014430 0.312716
v -0.539959 0.014367 0.313730
v -0.540484 0.014286 0.314511
v -0.539926 0.015360 0.311540
v -0.540107 0.015320 0.312695
v -0.540430 0.015151 0.313647
v -0.540804 0.014968 0.314328
v -0.544264 0.013314 0.316513
v -0.544218 0.014392 0.316136
v -0.544168 0.015360 0.315528
v -0.543130 0.012180 0.316513
v -0.543050 0.013363 0.316361
v -0.543008 0.014431 0.315966
v -0.542977 0.015315 0.315395
v -0.542005 0.012180 0.316136
v -0.541923 0.013356 0.315964
v -0.541945 0.014370 0.315594
v -0.541988 0.015150 0.315112
v -0.540988 0.012180 0.315528
v -0.540987 0.013335 0.315390
v -0.541123 0.014287 0.315111
v -0.541279 0.014968 0.314775
v -0.542813 0.017152 0.311540
v -0.541713 0.016775 0.311540
v -0.540734 0.016168 0.311540
v -0.544019 0.017152 0.312675
v -0.542805 0.017001 0.312711
v -0.541715 0.016605 0.312706
v -0.540820 0.016034 0.312692
v -0.544066 0.016775 0.313753
v -0.542859 0.016603 0.313791
v -0.541823 0.016234 0.313727
v -0.541030 0.015751 0.313646
v -0.544116 0.016168 0.314720
v -0.542928 0.016029 0.314681
v -0.541949 0.015750 0.314511
v -0.541251 0.015415 0.314328
v -1.536733 0.012180 0.316640
v -1.542158 0.012180 0.311540
v -1.537058 0.017280 0.311540
v -1.537937 0.012180 0.316501
v -1.539078 0.012180 0.316117
v -1.540101 0.012180 0.315508
v -1.536774 0.013312 0.316501
v -1.537965 0.013293 0.316180
v -1.539076 0.013291 0.315850
v -1.540039 0.013287 0.315344
v -1.536820 0.014383 0.316118
v -1.537989 0.014341 0.315820
v -1.539053 0.014306 0.315531
v -1.539932 0.014262 0.315121
v -1.536870 0.015345 0.315509
v -1.538020 0.015262 0.315328
v -1.539032 0.015145 0.315118
v -1.539798 0.014999 0.314825
v -1.542019 0.013312 0.311540
v -1.541635 0.014384 0.311540
v -1.541027 0.015345 0.311540
v -1.542010 0.012180 0.312672
v -1.541682 0.013305 0.312653
v -1.541353 0.014356 0.312652
v -1.540845 0.015267 0.312647
v -1.541602 0.012180 0.313743
v -1.541302 0.013294 0.313701
v -1.541014 0.014309 0.313665
v -1.540604 0.015147 0.313622
v -1.540956 0.012180 0.314704
v -1.540780 0.013287 0.314622
v -1.540576 0.014262 0.314505
v -1.540286 0.015000 0.314359
v -1.537018 0.017140 0.312672
v -1.536971 0.016757 0.313744
v -1.536921 0.016149 0.314705
v -1.538190 0.017140 0.311540
v -1.538137 0.016819 0.312665
v -1.538100 0.016490 0.313717
v -1.538058 0.015984 0.314627
v -1.539262 0.016757 0.311540
v -1.539192 0.016460 0.312654
v -1.539129 0.016171 0.313669
v -1.539057 0.015761 0.314507
v -1.540223 0.016149 0.311540
v -1.540120 0.015967 0.312648
v -1.539981 0.015758 0.313623
v -1.539813 0.015465 0.314360
v -1.542158 0.012180 -0.431541
v -1.536733 0.012180 -0.436641
v -1.537058 0.017280 -0.431541
v -1.541990 0.012180 -0.432676
v -1.541567 0.012180 -0.433753
v -1.540909 0.012180 -0.434721
v -1.542063 0.013314 -0.431541
v -1.541870 0.013351 -0.432724
v -1.541427 0.013346 -0.433792
v -1.540809 0.013331 -0.434676
v -1.541708 0.014392 -0.431541
v -1.541494 0.014430 -0.432717
v -1.541079 0.014366 -0.433731
v -1.540553 0.014285 -0.434511
v -1.541111 0.015360 -0.431541
v -1.540931 0.015320 -0.432696
v -1.540607 0.015151 -0.433648
v -1.540234 0.014968 -0.434329
v -1.536773 0.013314 -0.436513
v -1.536820 0.014392 -0.436136
v -1.536870 0.015360 -0.435529
v -1.537908 0.012180 -0.436513
v -1.537988 0.013363 -0.436362
v -1.538029 0.014431 -0.435967
v -1.538060 0.015315 -0.435395
v -1.539032 0.012180 -0.436136
v -1.539114 0.013356 -0.435964
v -1.539092 0.014369 -0.435595
v -1.539049 0.015150 -0.435113
v -1.540049 0.012180 -0.435529
v -1.540050 0.013335 -0.435390
v -1.539915 0.014287 -0.435111
v -1.539758 0.014968 -0.434776
v -1.538225 0.017152 -0.431541
v -1.539325 0.016775 -0.431541
v -1.540304 0.016167 -0.431541
v -1.537018 0.017152 -0.432676
v -1.538233 0.017001 -0.432712
v -1.539322 0.016605 -0.432707
v -1.540217 0.016034 -0.432692
v -1.536972 0.016775 -0.433753
v -1.538178 0.016603 -0.433791
v -1.539214 0.016234 -0.433728
v -1.540007 0.015751 -0.433647
v -1.536921 0.016167 -0.434721
v -1.538110 0.016029 -0.434682
v -1.539088 0.015750 -0.434512
v -1.539787 0.015415 -0.434329
v -0.953151 0.055498 -0.449752
v -0.953151 0.055498 -0.436641
v -0.953922 0.057701 -0.449752
v -0.953922 0.057701 -0.436641
v -0.641701 0.050628 -0.449752
v -0.641701 0.050628 -0.436641
v -0.643905 0.049857 -0.449752
v -0.643905 0.049857 -0.436641
v -0.951909 0.053521 -0.449752
v -0.951909 0.053521 -0.436641
v -0.638073 0.053521 -0.449752
v -0.638073 0.053521 -0.436641
v -0.636831 0.055498 -0.449752
v -0.636831 0.055498 -0.436641
v -0.950258 0.051870 -0.449752
v -0.950258 0.051870 -0.436641
v -0.954183 0.060021 -0.449752
v -0.954183 0.060021 -0.436641
v -0.646225 0.049595 -0.449752
v -0.646225 0.049595 -0.436641
v -0.635799 0.060021 -0.449752
v -0.635799 0.060021 -0.436641
v -0.639724 0.051870 -0.449752
v -0.639724 0.051870 -0.436641
v -0.636060 0.057701 -0.449752
v -0.636060 0.057701 -0.436641
v -0.946077 0.049857 -0.449752
v -0.946077 0.049857 -0.436641
v -0.943757 0.049595 -0.449752
v -0.943757 0.049595 -0.436641
v -0.948281 0.050628 -0.449752
v -0.948281 0.050628 -0.436641
v -0.954183 0.096401 -0.436641
v -0.609228 0.106783 -0.449752
v -0.609228 0.106783 -0.436641
v -0.606382 0.099913 -0.449752
v -0.606382 0.099913 -0.436641
v -0.607344 0.101517 -0.449752
v -0.607344 0.101517 -0.436641
v -0.596068 0.092264 -0.449752
v -0.596068 0.092264 -0.436641
v -0.573920 0.098411 -0.449752
v -0.573920 0.098411 -0.436641
v -0.601124 0.094655 -0.449752
v -0.601124 0.094655 -0.436641
v -0.599520 0.093693 -0.449752
v -0.599520 0.093693 -0.436641
v -0.597829 0.092894 -0.449752
v -0.597829 0.092894 -0.436641
v -0.608774 0.104969 -0.449752
v -0.608774 0.104969 -0.436641
v -0.569594 0.110502 -0.449752
v -0.569594 0.110502 -0.436641
v -0.605268 0.098411 -0.449752
v -0.605268 0.098411 -0.436641
v -0.604012 0.097025 -0.449752
v -0.604012 0.097025 -0.436641
v -0.602626 0.095769 -0.449752
v -0.602626 0.095769 -0.436641
v -0.588653 0.091443 -0.449752
v -0.588653 0.091443 -0.436641
v -0.586785 0.091535 -0.449752
v -0.586785 0.091535 -0.436641
v -0.576562 0.095769 -0.449752
v -0.576562 0.095769 -0.436641
v -0.581359 0.092894 -0.449752
v -0.581359 0.092894 -0.436641
v -0.575176 0.097025 -0.449752
v -0.575176 0.097025 -0.436641
v -0.583120 0.092264 -0.449752
v -0.583120 0.092264 -0.436641
v -0.609503 0.108633 -0.449752
v -0.609503 0.108633 -0.436641
v -0.608144 0.103208 -0.449752
v -0.608144 0.103208 -0.436641
v -0.609594 0.110502 -0.449752
v -0.609594 0.110502 -0.436641
v -0.579669 0.093693 -0.449752
v -0.579669 0.093693 -0.436641
v -0.584935 0.091809 -0.449752
v -0.584935 0.091809 -0.436641
v -0.578065 0.094655 -0.449752
v -0.578065 0.094655 -0.436641
v -0.590536 0.091443 -0.449752
v -0.590536 0.091443 -0.436641
v -0.571845 0.101517 -0.449752
v -0.571845 0.101517 -0.436641
v -0.572806 0.099913 -0.449752
v -0.572806 0.099913 -0.436641
v -0.592404 0.091535 -0.449752
v -0.592404 0.091535 -0.436641
v -0.569686 0.108633 -0.449752
v -0.569686 0.108633 -0.436641
v -0.570415 0.104969 -0.449752
v -0.570415 0.104969 -0.436641
v -0.594254 0.091809 -0.449752
v -0.594254 0.091809 -0.436641
v -0.569960 0.106783 -0.449752
v -0.569960 0.106783 -0.436641
v -0.571045 0.103208 -0.449752
v -0.571045 0.103208 -0.436641
v -1.063918 0.028222 -0.449752
v -1.063918 0.028222 -0.436641
v -1.065160 0.030199 -0.449752
v -1.065160 0.030199 -0.436641
v -1.062267 0.026571 -0.449752
v -1.062267 0.026571 -0.436641
v -1.003344 0.030199 -0.449752
v -1.003344 0.030199 -0.436641
v -1.002573 0.032403 -0.449752
v -1.002573 0.032403 -0.436641
v -1.060290 0.025329 -0.449752
v -1.060290 0.025329 -0.436641
v -1.006237 0.026571 -0.449752
v -1.006237 0.026571 -0.436641
v -1.008213 0.025329 -0.449752
v -1.008213 0.025329 -0.436641
v -1.004586 0.028222 -0.449752
v -1.004586 0.028222 -0.436641
v -1.010417 0.024558 -0.449752
v -1.010417 0.024558 -0.436641
v -1.065931 0.032403 -0.449752
v -1.065931 0.032403 -0.436641
v -1.066193 0.034723 -0.449752
v -1.066193 0.034723 -0.436641
v -1.002311 0.034723 -0.449752
v -1.002311 0.088893 -0.436641
v -1.002311 0.034723 -0.436641
v -1.012737 0.024297 -0.449752
v -1.012737 0.024297 -0.436641
v -1.055766 0.024297 -0.449752
v -1.055766 0.024297 -0.436641
v -1.058087 0.024558 -0.449752
v -1.058087 0.024558 -0.436641
v -1.066193 0.078928 -0.436641
v -1.190633 0.028222 -0.449752
v -1.190633 0.028222 -0.436641
v -1.191875 0.030199 -0.449752
v -1.191875 0.030199 -0.436641
v -1.188982 0.026571 -0.449752
v -1.188982 0.026571 -0.436641
v -1.131963 0.030199 -0.449752
v -1.131963 0.030199 -0.436641
v -1.131192 0.032403 -0.449752
v -1.131192 0.032403 -0.436641
v -1.187005 0.025329 -0.449752
v -1.187005 0.025329 -0.436641
v -1.134856 0.026571 -0.449752
v -1.134856 0.026571 -0.436641
v -1.136833 0.025329 -0.449752
v -1.136833 0.025329 -0.436641
v -1.133206 0.028222 -0.449752
v -1.133206 0.028222 -0.436641
v -1.139037 0.024558 -0.449752
v -1.139037 0.024558 -0.436641
v -1.192646 0.032403 -0.449752
v -1.192646 0.032403 -0.436641
v -1.192907 0.034723 -0.449752
v -1.192907 0.034723 -0.436641
v -1.130931 0.034723 -0.449752
v -1.130931 0.068829 -0.436641
v -1.130931 0.034723 -0.436641
v -1.141357 0.024297 -0.449752
v -1.141357 0.024297 -0.436641
v -1.182481 0.024297 -0.449752
v -1.182481 0.024297 -0.436641
v -1.184801 0.024558 -0.449752
v -1.184801 0.024558 -0.436641
v -1.192907 0.059161 -0.436641
v -1.320700 0.028222 -0.449752
v -1.320700 0.028222 -0.436641
v -1.321942 0.030199 -0.449752
v -1.321942 0.030199 -0.436641
v -1.319049 0.026571 -0.449752
v -1.319049 0.026571 -0.436641
v -1.261581 0.030199 -0.449752
v -1.261581 0.030199 -0.436641
v -1.260810 0.032403 -0.449752
v -1.260810 0.032403 -0.436641
v -1.317073 0.025329 -0.449752
v -1.317073 0.025329 -0.436641
v -1.264474 0.026571 -0.449752
v -1.264474 0.026571 -0.436641
v -1.266451 0.025329 -0.449753
v -1.266451 0.025329 -0.436641
v -1.262824 0.028222 -0.449752
v -1.262824 0.028222 -0.436641
v -1.268655 0.024558 -0.449753
v -1.268655 0.024558 -0.436641
v -1.322714 0.032403 -0.449752
v -1.322714 0.032403 -0.436641
v -1.322975 0.034723 -0.449752
v -1.322975 0.034723 -0.436641
v -1.260549 0.034723 -0.449752
v -1.260549 0.048610 -0.436641
v -1.260549 0.034723 -0.436641
v -1.270975 0.024297 -0.449753
v -1.270975 0.024297 -0.436641
v -1.312549 0.024297 -0.449752
v -1.312549 0.024297 -0.436641
v -1.314869 0.024558 -0.449752
v -1.314869 0.024558 -0.436641
v -1.322975 0.038871 -0.436641
v -1.519746 0.035170 -0.449752
v -1.519746 0.035170 -0.436641
v -1.522295 0.039226 -0.449752
v -1.522295 0.039226 -0.436641
v -1.516359 0.031782 -0.449752
v -1.516359 0.031782 -0.436641
v -1.360377 0.039226 -0.449752
v -1.360377 0.039226 -0.436641
v -1.358794 0.043747 -0.449752
v -1.358794 0.043747 -0.436641
v -1.512303 0.029234 -0.449752
v -1.512303 0.029234 -0.436641
v -1.366312 0.031782 -0.449752
v -1.366312 0.031782 -0.436641
v -1.370368 0.029234 -0.449752
v -1.370368 0.029234 -0.436641
v -1.362925 0.035170 -0.449752
v -1.362925 0.035170 -0.436641
v -1.374890 0.027652 -0.449752
v -1.374890 0.027652 -0.436641
v -1.365923 0.032172 -0.436641
v -1.523877 0.043747 -0.449752
v -1.523877 0.043747 -0.436641
v -1.524413 0.048507 -0.449752
v -1.524413 0.048507 -0.436641
v -1.358258 0.048507 -0.449752
v -1.358258 0.048507 -0.436641
v -1.379650 0.027115 -0.449752
v -1.379650 0.027115 -0.436641
v -1.503022 0.027115 -0.449752
v -1.503022 0.027115 -0.436641
v -1.507782 0.027652 -0.449752
v -1.507782 0.027652 -0.436641
v -1.398336 0.027115 -0.436641
v -1.555269 0.073600 -0.233035
v -1.542158 0.073600 -0.233035
v -1.555269 0.115672 -0.233035
v -1.542158 0.115672 -0.233035
v -1.555269 0.067154 -0.232309
v -1.542158 0.067154 -0.232309
v -1.555269 0.122117 -0.232309
v -1.542158 0.122117 -0.232309
v -1.555269 0.061033 -0.230167
v -1.542158 0.061033 -0.230167
v -1.555269 0.055541 -0.226716
v -1.542158 0.055541 -0.226716
v -1.555269 0.050955 -0.222130
v -1.542158 0.050955 -0.222130
v -1.555269 0.047504 -0.216638
v -1.542158 0.047504 -0.216638
v -1.555269 0.045362 -0.210516
v -1.542158 0.045362 -0.210516
v -1.555269 0.044635 -0.204071
v -1.542158 0.044635 -0.204071
v -1.555269 0.044635 0.258003
v -1.542158 0.044635 0.258003
v -1.555269 0.045362 0.264448
v -1.542158 0.045362 0.264448
v -1.555269 0.047504 0.270570
v -1.542158 0.047504 0.270570
v -1.555269 0.050955 0.276062
v -1.542158 0.050955 0.276062
v -1.555269 0.055541 0.280648
v -1.542158 0.055541 0.280648
v -1.555269 0.122117 0.286241
v -1.542158 0.122117 0.286241
v -1.555269 0.067154 0.286241
v -1.542158 0.067154 0.286241
v -1.555269 0.061033 0.284099
v -1.542158 0.061033 0.284099
v -1.555269 0.115672 0.286967
v -1.542158 0.115672 0.286967
v -1.555269 0.073600 0.286967
v -1.542158 0.073600 0.286967
v -0.931015 0.037390 0.329752
v -0.931015 0.037390 0.316640
v -0.928927 0.032349 0.329752
v -0.928927 0.032349 0.316640
v -0.929633 0.033526 0.329752
v -0.929633 0.033526 0.316640
v -0.921359 0.026736 0.329752
v -0.921359 0.026736 0.316640
v -0.775258 0.031247 0.329752
v -0.775258 0.031247 0.316640
v -0.925069 0.028491 0.329752
v -0.925069 0.028491 0.316640
v -0.923892 0.027785 0.329752
v -0.923892 0.027785 0.316640
v -0.922651 0.027199 0.329752
v -0.922651 0.027199 0.316640
v -0.930682 0.036059 0.329752
v -0.930682 0.036059 0.316640
v -0.772084 0.040119 0.329752
v -0.772084 0.040119 0.316640
v -0.928110 0.031247 0.329752
v -0.928110 0.031247 0.316640
v -0.927188 0.030230 0.329752
v -0.927188 0.030230 0.316640
v -0.926171 0.029308 0.329752
v -0.926171 0.029308 0.316640
v -0.786069 0.026134 0.329752
v -0.786069 0.026134 0.316640
v -0.784698 0.026201 0.329752
v -0.784698 0.026201 0.316640
v -0.777197 0.029308 0.329752
v -0.777197 0.029308 0.316640
v -0.780717 0.027199 0.329752
v -0.780717 0.027199 0.316640
v -0.776180 0.030230 0.329752
v -0.776180 0.030230 0.316640
v -0.782009 0.026736 0.329752
v -0.782009 0.026736 0.316640
v -0.931217 0.038748 0.329752
v -0.931217 0.038748 0.316640
v -0.930220 0.034767 0.329752
v -0.930220 0.034767 0.316640
v -0.931284 0.040119 0.329752
v -0.931284 0.040119 0.316640
v -0.779476 0.027785 0.329752
v -0.779476 0.027785 0.316640
v -0.783340 0.026403 0.329752
v -0.783340 0.026403 0.316640
v -0.778299 0.028491 0.329752
v -0.778299 0.028491 0.316640
v -0.917300 0.026134 0.329752
v -0.917300 0.026134 0.316640
v -0.773735 0.033526 0.329752
v -0.773735 0.033526 0.316640
v -0.774441 0.032349 0.329752
v -0.774441 0.032349 0.316640
v -0.918670 0.026201 0.329752
v -0.918670 0.026201 0.316640
v -0.772151 0.038748 0.329752
v -0.772151 0.038748 0.316640
v -0.772686 0.036059 0.329752
v -0.772686 0.036059 0.316640
v -0.920028 0.026403 0.329752
v -0.920028 0.026403 0.316640
v -0.772353 0.037390 0.329752
v -0.772353 0.037390 0.316640
v -0.773149 0.034767 0.329752
v -0.773149 0.034767 0.316640
v -1.105733 0.112213 0.329752
v -1.105733 0.112213 0.316640
v -1.106798 0.113908 0.329752
v -1.106798 0.113908 0.316640
v -1.104317 0.110797 0.329752
v -1.104317 0.110797 0.316640
v -1.042989 0.113908 0.329752
v -1.042989 0.113908 0.316640
v -1.042328 0.115798 0.329752
v -1.042328 0.115798 0.316640
v -1.102622 0.109732 0.329752
v -1.102622 0.109732 0.316640
v -1.045470 0.110797 0.329752
v -1.045470 0.110797 0.316640
v -1.047165 0.109732 0.329752
v -1.047165 0.109732 0.316640
v -1.044054 0.112213 0.329752
v -1.044054 0.112213 0.316640
v -1.049055 0.109071 0.329752
v -1.049055 0.109071 0.316640
v -1.107459 0.115798 0.329752
v -1.107459 0.115798 0.316640
v -1.107683 0.117787 0.329752
v -1.107683 0.117787 0.316640
v -1.042103 0.117787 0.329752
v -1.042103 0.117787 0.316640
v -1.051044 0.108846 0.329752
v -1.051044 0.108846 0.316640
v -1.098742 0.108846 0.329752
v -1.098742 0.108846 0.316640
v -1.100732 0.109071 0.329752
v -1.100732 0.109071 0.316640
v -0.971018 0.004680 0.122758
v -0.975414 0.004680 0.139161
v -0.972135 0.004680 0.131244
v -0.987415 0.004680 0.151162
v -1.322677 0.004680 0.155558
v -1.003818 0.004680 0.155558
v -0.995332 0.004680 0.154441
v -0.980625 0.004680 0.145951
v -0.971018 0.004680 -0.196102
v -0.972135 0.004680 -0.204589
v -0.975414 0.004680 -0.212505
v -0.980625 0.004680 -0.219295
v -0.987415 0.004680 -0.224506
v -0.995332 0.004680 -0.227785
v -1.003818 0.004680 -0.228902
v -1.339080 0.004680 0.151162
v -1.345870 0.004680 -0.219295
v -1.345870 0.004680 0.145951
v -1.339080 0.004680 -0.224506
v -1.354360 0.004680 0.131244
v -1.355477 0.004680 0.122758
v -1.355477 0.004680 -0.196102
v -1.354360 0.004680 -0.204588
v -1.351081 0.004680 -0.212505
v -1.351081 0.004680 0.139161
v -1.331163 0.004680 0.154441
v -1.322677 0.004680 -0.228902
v -1.331163 0.004680 -0.227785
v -0.971018 0.017280 0.122758
v -0.975414 0.017280 0.139161
v -0.972135 0.017280 0.131244
v -0.987415 0.017280 0.151162
v -1.322677 0.017280 0.155558
v -1.003818 0.017280 0.155558
v -0.995332 0.017280 0.154441
v -0.980625 0.017280 0.145951
v -0.971018 0.017280 -0.196102
v -0.972135 0.017280 -0.204588
v -0.975414 0.017280 -0.212505
v -0.980625 0.017280 -0.219295
v -0.987415 0.017280 -0.224506
v -0.995332 0.017280 -0.227785
v -1.322677 0.017280 -0.228902
v -1.003818 0.017280 -0.228902
v -1.339080 0.017280 -0.224506
v -1.345870 0.017280 0.145951
v -1.339080 0.017280 0.151162
v -1.345870 0.017280 -0.219295
v -1.354360 0.017280 -0.204589
v -1.355477 0.017280 0.122758
v -1.355477 0.017280 -0.196102
v -1.354360 0.017280 0.131244
v -1.351081 0.017280 -0.212505
v -1.351081 0.017280 0.139161
v -1.331163 0.017280 0.154441
v -1.331163 0.017280 -0.227785
v -0.525768 0.103325 -0.160032
v -0.538879 0.103325 -0.160032
v -0.525768 0.103073 -0.162185
v -0.538879 0.103073 -0.162185
v -0.525768 0.103325 -0.164419
v -0.538879 0.103325 -0.164419
v -0.525768 0.104068 -0.166542
v -0.538879 0.104068 -0.166542
v -0.525768 0.106854 -0.170035
v -0.538879 0.106854 -0.170035
v -0.525768 0.105264 -0.168445
v -0.538879 0.105264 -0.168445
v -0.525768 0.110880 -0.171974
v -0.538879 0.110880 -0.171974
v -0.525768 0.108757 -0.171231
v -0.538879 0.108757 -0.171231
v -0.525768 0.113114 -0.172226
v -0.538879 0.113114 -0.172226
v -0.525768 0.103073 -0.162266
v -0.538879 0.103073 -0.162266
v -0.525768 0.104068 -0.157910
v -0.538879 0.104068 -0.157910
v -0.525768 0.105264 -0.156006
v -0.538879 0.105264 -0.156006
v -0.525768 0.106854 -0.154416
v -0.538879 0.106854 -0.154416
v -0.525768 0.108757 -0.153220
v -0.538879 0.108757 -0.153220
v -0.525768 0.110880 -0.152477
v -0.538879 0.110880 -0.152477
v -0.525768 0.113114 -0.152226
v -0.538879 0.113114 -0.152226
v -0.525768 0.103325 -0.127299
v -0.538879 0.103325 -0.127299
v -0.525768 0.103073 -0.125064
v -0.538879 0.103073 -0.125064
v -0.525768 0.104068 -0.129421
v -0.538879 0.104068 -0.129421
v -0.525768 0.106854 -0.132914
v -0.538879 0.106854 -0.132914
v -0.525768 0.105264 -0.131325
v -0.538879 0.105264 -0.131325
v -0.525768 0.108757 -0.134111
v -0.538879 0.108757 -0.134111
v -0.525768 0.110880 -0.134853
v -0.538879 0.110880 -0.134853
v -0.525768 0.113114 -0.135105
v -0.538879 0.113114 -0.135105
v -0.525768 0.103073 -0.125145
v -0.538879 0.103073 -0.125145
v -0.525768 0.103325 -0.122911
v -0.538879 0.103325 -0.122911
v -0.525768 0.104068 -0.120789
v -0.538879 0.104068 -0.120789
v -0.525768 0.108757 -0.116099
v -0.538879 0.108757 -0.116099
v -0.525768 0.106854 -0.117295
v -0.538879 0.106854 -0.117295
v -0.525768 0.105264 -0.118885
v -0.538879 0.105264 -0.118885
v -0.525768 0.110880 -0.115356
v -0.538879 0.110880 -0.115356
v -0.525768 0.113114 -0.115105
v -0.538879 0.113114 -0.115105
v -0.525768 0.110880 -0.099261
v -0.538879 0.110880 -0.099261
v -0.525768 0.103073 -0.089553
v -0.538879 0.103073 -0.089553
v -0.525768 0.103325 -0.091706
v -0.538879 0.103325 -0.091706
v -0.525768 0.103073 -0.089472
v -0.538879 0.103073 -0.089472
v -0.525768 0.104068 -0.093828
v -0.538879 0.104068 -0.093828
v -0.525768 0.105264 -0.095732
v -0.538879 0.105264 -0.095732
v -0.525768 0.106854 -0.097322
v -0.538879 0.106854 -0.097322
v -0.525768 0.108757 -0.098518
v -0.538879 0.108757 -0.098518
v -0.525768 0.113114 -0.099512
v -0.538879 0.113114 -0.099512
v -0.525768 0.103325 -0.087319
v -0.538879 0.103325 -0.087319
v -0.525768 0.105264 -0.083293
v -0.538879 0.105264 -0.083293
v -0.525768 0.106854 -0.081703
v -0.538879 0.106854 -0.081703
v -0.525768 0.104068 -0.085196
v -0.538879 0.104068 -0.085196
v -0.525768 0.108757 -0.080507
v -0.538879 0.108757 -0.080507
v -0.525768 0.110880 -0.079764
v -0.538879 0.110880 -0.079764
v -0.525768 0.110880 -0.062140
v -0.538879 0.110880 -0.062140
v -0.525768 0.113114 -0.062392
v -0.538879 0.113114 -0.062392
v -0.525768 0.113114 -0.079512
v -0.538879 0.113114 -0.079512
v -0.525768 0.103073 -0.052351
v -0.538879 0.103073 -0.052351
v -0.525768 0.103325 -0.054585
v -0.538879 0.103325 -0.054585
v -0.525768 0.103073 -0.052432
v -0.538879 0.103073 -0.052432
v -0.525768 0.103325 -0.050198
v -0.538879 0.103325 -0.050198
v -0.525768 0.104068 -0.048076
v -0.538879 0.104068 -0.048076
v -0.525768 0.104068 -0.056708
v -0.538879 0.104068 -0.056708
v -0.525768 0.105264 -0.058611
v -0.538879 0.105264 -0.058611
v -0.525768 0.105264 -0.046172
v -0.538879 0.105264 -0.046172
v -0.525768 0.106854 -0.060201
v -0.538879 0.106854 -0.060201
v -0.525768 0.108757 -0.061397
v -0.538879 0.108757 -0.061397
v -0.525768 0.106854 -0.044582
v -0.538879 0.106854 -0.044582
v -0.525768 0.105264 -0.020016
v -0.538879 0.105264 -0.020016
v -0.525768 0.104068 -0.018112
v -0.538879 0.104068 -0.018112
v -0.525768 0.108757 -0.043386
v -0.538879 0.108757 -0.043386
v -0.525768 0.106854 -0.021606
v -0.538879 0.106854 -0.021606
v -0.525768 0.108757 -0.022802
v -0.538879 0.108757 -0.022802
v -0.525768 0.110880 -0.042643
v -0.538879 0.110880 -0.042643
v -0.525768 0.113114 -0.042392
v -0.538879 0.113114 -0.042392
v -0.525768 0.113114 -0.023796
v -0.538879 0.113114 -0.023796
v -0.525768 0.110880 -0.023545
v -0.538879 0.110880 -0.023545
v -0.525768 0.103073 -0.013837
v -0.538879 0.103073 -0.013837
v -0.525768 0.103073 -0.013756
v -0.538879 0.103073 -0.013756
v -0.525768 0.103325 -0.011603
v -0.538879 0.103325 -0.011603
v -0.525768 0.103325 -0.015990
v -0.538879 0.103325 -0.015990
v -0.525768 0.104068 -0.009480
v -0.538879 0.104068 -0.009480
v -0.525768 0.105264 -0.007577
v -0.538879 0.105264 -0.007577
v -0.525768 0.106854 -0.005987
v -0.538879 0.106854 -0.005987
v -0.525768 0.108757 -0.004791
v -0.538879 0.108757 -0.004791
v -0.525768 0.104068 0.019008
v -0.538879 0.104068 0.019008
v -0.525768 0.105264 0.017105
v -0.538879 0.105264 0.017105
v -0.525768 0.103325 0.021131
v -0.538879 0.103325 0.021131
v -0.525768 0.106854 0.015515
v -0.538879 0.106854 0.015515
v -0.525768 0.108757 0.014319
v -0.538879 0.108757 0.014319
v -0.525768 0.110880 0.013576
v -0.538879 0.110880 0.013576
v -0.525768 0.110880 -0.004048
v -0.538879 0.110880 -0.004048
v -0.525768 0.113114 -0.003796
v -0.538879 0.113114 -0.003796
v -0.525768 0.113114 0.013324
v -0.538879 0.113114 0.013324
v -0.525768 0.103073 0.023284
v -0.538879 0.103073 0.023284
v -0.525768 0.103325 0.025518
v -0.538879 0.103325 0.025518
v -0.525768 0.103073 0.023365
v -0.538879 0.103073 0.023365
v -0.525768 0.104068 0.027640
v -0.538879 0.104068 0.027640
v -0.525768 0.105264 0.029544
v -0.538879 0.105264 0.029544
v -0.525768 0.106854 0.031134
v -0.538879 0.106854 0.031134
v -0.525768 0.108757 0.032330
v -0.538879 0.108757 0.032330
v -0.525768 0.110880 0.033073
v -0.538879 0.110880 0.033073
v -0.525768 0.104068 0.054601
v -0.538879 0.104068 0.054601
v -0.525768 0.103325 0.056723
v -0.538879 0.103325 0.056723
v -0.525768 0.106854 0.051107
v -0.538879 0.106854 0.051107
v -0.525768 0.105264 0.052697
v -0.538879 0.105264 0.052697
v -0.525768 0.108757 0.049911
v -0.538879 0.108757 0.049911
v -0.525768 0.110880 0.049169
v -0.538879 0.110880 0.049169
v -0.525768 0.113114 0.048917
v -0.538879 0.113114 0.048917
v -0.525768 0.113114 0.033324
v -0.538879 0.113114 0.033324
v -0.525768 0.103073 0.058957
v -0.538879 0.103073 0.058957
v -0.525768 0.103073 0.058876
v -0.538879 0.103073 0.058876
v -0.525768 0.103325 0.061111
v -0.538879 0.103325 0.061111
v -0.525768 0.104068 0.063233
v -0.538879 0.104068 0.063233
v -0.525768 0.105264 0.065137
v -0.538879 0.105264 0.065137
v -0.525768 0.108757 0.067923
v -0.538879 0.108757 0.067923
v -0.525768 0.106854 0.066726
v -0.538879 0.106854 0.066726
v -0.525768 0.110880 0.068665
v -0.538879 0.110880 0.068665
v -0.525768 0.113114 0.068917
v -0.538879 0.113114 0.068917
v -0.525768 0.103073 0.096078
v -0.538879 0.103073 0.096078
v -0.525768 0.104068 0.091722
v -0.538879 0.104068 0.091722
v -0.525768 0.105264 0.089818
v -0.538879 0.105264 0.089818
v -0.525768 0.103325 0.093844
v -0.538879 0.103325 0.093844
v -0.525768 0.106854 0.088228
v -0.538879 0.106854 0.088228
v -0.525768 0.108757 0.087032
v -0.538879 0.108757 0.087032
v -0.525768 0.110880 0.086289
v -0.538879 0.110880 0.086289
v -0.525768 0.113114 0.086038
v -0.538879 0.113114 0.086038
v -0.525768 0.103325 0.098231
v -0.538879 0.103325 0.098231
v -0.525768 0.103073 0.095997
v -0.538879 0.103073 0.095997
v -0.525768 0.104068 0.100354
v -0.538879 0.104068 0.100354
v -0.525768 0.105264 0.102257
v -0.538879 0.105264 0.102257
v -0.525768 0.106854 0.103847
v -0.538879 0.106854 0.103847
v -0.525768 0.110880 0.105786
v -0.538879 0.110880 0.105786
v -0.525768 0.108757 0.105043
v -0.538879 0.108757 0.105043
v -0.525768 0.113114 0.106038
v -0.538879 0.113114 0.106038
v -0.618044 0.004680 0.137297
v -0.618044 0.004680 0.089211
v -0.618316 0.004680 0.134332
v -0.618316 0.004680 0.092177
v -0.618316 0.004680 0.140263
v -0.618316 0.004680 0.086245
v -0.619123 0.004680 0.131480
v -0.619123 0.004680 0.095028
v -0.620432 0.004680 0.128852
v -0.620432 0.004680 0.097657
v -0.620432 0.004680 0.145743
v -0.620432 0.004680 0.080765
v -0.619123 0.004680 0.143115
v -0.619123 0.004680 0.083393
v -0.622194 0.004680 0.126548
v -0.622194 0.004680 0.099960
v -0.624341 0.004680 0.124657
v -0.624341 0.004680 0.101851
v -0.624341 0.004680 0.149937
v -0.624341 0.004680 0.076571
v -0.626791 0.004680 0.123253
v -0.626791 0.004680 0.103256
v -0.629449 0.004680 0.122387
v -0.629449 0.004680 0.104121
v -0.629449 0.004680 0.152207
v -0.629449 0.004680 0.074301
v -0.626791 0.004680 0.151342
v -0.626791 0.004680 0.075166
v -0.632214 0.004680 0.152499
v -0.622194 0.004680 0.148047
v -0.622194 0.004680 0.078461
v -0.632214 0.004680 0.122095
v -0.632214 0.004680 0.104413
v -0.634978 0.004680 0.122387
v -0.634978 0.004680 0.104121
v -0.634978 0.004680 0.152207
v -0.634978 0.004680 0.074301
v -0.637636 0.004680 0.123253
v -0.637636 0.004680 0.103256
v -0.640086 0.004680 0.124657
v -0.640086 0.004680 0.101851
v -0.640086 0.004680 0.149937
v -0.640086 0.004680 0.076571
v -0.637636 0.004680 0.151342
v -0.637636 0.004680 0.075166
v -0.643996 0.004680 0.145743
v -0.643996 0.004680 0.128852
v -0.643996 0.004680 0.097657
v -0.643996 0.004680 0.080765
v -0.646384 0.004680 0.089211
v -0.646384 0.004680 0.137297
v -0.646112 0.004680 0.086245
v -0.646112 0.004680 0.140263
v -0.646112 0.004680 0.134332
v -0.646112 0.004680 0.092177
v -0.645305 0.004680 0.083393
v -0.645305 0.004680 0.143115
v -0.645305 0.004680 0.131480
v -0.645305 0.004680 0.095028
v -0.642233 0.004680 0.078461
v -0.642233 0.004680 0.148047
v -0.642233 0.004680 0.126548
v -0.642233 0.004680 0.099960
v -0.632214 0.004680 0.074009
v -0.618044 0.017280 0.137297
v -0.618044 0.017280 0.089211
v -0.618316 0.017280 0.092177
v -0.618316 0.017280 0.134332
v -0.618316 0.017280 0.140263
v -0.618316 0.017280 0.086245
v -0.619123 0.017280 0.095028
v -0.619123 0.017280 0.131480
v -0.620432 0.017280 0.097657
v -0.620432 0.017280 0.128852
v -0.620432 0.017280 0.145743
v -0.620432 0.017280 0.080765
v -0.619123 0.017280 0.143115
v -0.619123 0.017280 0.083393
v -0.622194 0.017280 0.099960
v -0.622194 0.017280 0.126548
v -0.624341 0.017280 0.101851
v -0.624341 0.017280 0.124657
v -0.624341 0.017280 0.149937
v -0.624341 0.017280 0.076571
v -0.626791 0.017280 0.103256
v -0.626791 0.017280 0.123253
v -0.629449 0.017280 0.104121
v -0.629449 0.017280 0.122387
v -0.629449 0.017280 0.152207
v -0.629449 0.017280 0.074301
v -0.626791 0.017280 0.151342
v -0.626791 0.017280 0.075166
v -0.632214 0.017280 0.152499
v -0.622194 0.017280 0.148047
v -0.622194 0.017280 0.078461
v -0.632214 0.017280 0.104413
v -0.632214 0.017280 0.122095
v -0.634978 0.017280 0.104121
v -0.634978 0.017280 0.122387
v -0.634978 0.017280 0.152207
v -0.634978 0.017280 0.074301
v -0.637636 0.017280 0.103256
v -0.637636 0.017280 0.123253
v -0.640086 0.017280 0.101851
v -0.640086 0.017280 0.124657
v -0.642233 0.017280 0.126548
v -0.640086 0.017280 0.149937
v -0.640086 0.017280 0.076571
v -0.637636 0.017280 0.151342
v -0.637636 0.017280 0.075166
v -0.643996 0.017280 0.128852
v -0.642233 0.017280 0.099960
v -0.645305 0.017280 0.131480
v -0.643996 0.017280 0.097657
v -0.643996 0.017280 0.145743
v -0.643996 0.017280 0.080765
v -0.646112 0.017280 0.134332
v -0.645305 0.017280 0.095028
v -0.646384 0.017280 0.089211
v -0.646384 0.017280 0.137297
v -0.646112 0.017280 0.092177
v -0.646112 0.017280 0.086245
v -0.646112 0.017280 0.140263
v -0.645305 0.017280 0.083393
v -0.645305 0.017280 0.143115
v -0.642233 0.017280 0.078461
v -0.642233 0.017280 0.148047
v -0.632214 0.017280 0.074009
v -1.553342 0.126397 0.328630
v -1.554148 0.126408 0.327824
v -1.555136 0.126424 0.325785
v -0.526283 0.117753 -0.446860
v -1.540568 0.128337 -0.436363
v -1.541101 0.128342 -0.436028
v -0.541380 0.115841 0.316640
v -0.540824 0.115836 0.316578
v -0.538879 0.116440 0.086038
v -0.538879 0.116738 -0.023796
v -1.542158 0.127795 -0.230322
v -0.525768 0.115656 0.324652
v -1.555269 0.128514 -0.444652
v -1.542088 0.126318 0.314475
v -0.541371 0.115841 0.316640
v -0.540830 0.115836 0.316578
v -0.540300 0.115831 0.316392
v -0.539130 0.115822 0.315205
v -0.541419 0.117884 -0.436641
v -0.540854 0.117878 -0.436578
v -0.540327 0.117872 -0.436388
v -0.539842 0.117866 -0.436083
v -0.525768 0.116249 0.106038
v -0.538879 0.117850 -0.434102
v -0.538879 0.115822 0.314149
v -1.066193 0.123410 -0.449752
v -0.525768 0.116404 0.048917
v -0.525768 0.116349 0.068917
v -0.525768 0.116949 -0.152226
v -0.525768 0.116547 -0.003796
v -0.528661 0.115674 0.329237
v -0.530868 0.115696 0.329752
v -0.529735 0.117797 -0.449618
v -1.552377 0.128496 -0.449239
v -1.550169 0.128474 -0.449752
v -1.542158 0.128347 -0.433802
v -1.541883 0.126314 0.315068
v -0.540305 0.115831 0.316391
v -0.539827 0.115826 0.316091
v -0.609594 0.118633 -0.449752
v -0.538879 0.116487 0.068917
v -0.538879 0.116541 0.048917
v -0.538879 0.116684 -0.003796
v -0.538879 0.117086 -0.152226
v -0.538879 0.116386 0.106038
v -1.539320 0.128325 -0.436641
v -1.524413 0.128205 -0.449752
v -1.550169 0.126361 0.329752
v -0.528660 0.117784 -0.449238
v -1.541544 0.128345 -0.435581
v -1.542087 0.128348 -0.434439
v -1.540023 0.126291 0.316572
v -1.540604 0.126297 0.316369
v -1.541118 0.126303 0.316038
v -1.541554 0.126309 0.315598
v -1.542158 0.126320 0.313848
v -0.538879 0.115822 0.314089
v -0.538944 0.117852 -0.434627
v -0.538879 0.117850 -0.434043
v -0.931284 0.119885 0.329752
v -1.524413 0.128169 -0.436641
v -1.539366 0.126283 0.316640
v -0.541431 0.115842 0.316640
v -0.954183 0.122238 -0.449752
v -0.609594 0.118597 -0.436641
v -0.541478 0.117884 -0.436641
v -0.525768 0.116446 0.033324
v -0.525768 0.117003 -0.172226
v -0.525768 0.116705 -0.062392
v -0.525768 0.116500 0.013324
v -0.525902 0.115655 0.325785
v -1.554756 0.126417 0.326860
v -1.555269 0.126428 0.324652
v -0.527696 0.117773 -0.448630
v -0.526891 0.117762 -0.447824
v -0.525902 0.117746 -0.445785
v -1.555136 0.128515 -0.445785
v -0.539135 0.117856 -0.435179
v -1.107683 0.121731 0.329752
v -0.538879 0.116583 0.033324
v -0.538879 0.116637 0.013324
v -0.538879 0.116843 -0.062392
v -0.931284 0.119921 0.316640
v -0.538879 0.117140 -0.172226
v -0.526283 0.115656 0.326859
v -1.554756 0.128514 -0.446860
v -0.539430 0.115823 0.315689
v -0.538943 0.115821 0.314663
v -0.540861 0.117878 -0.436577
v -0.540322 0.117871 -0.436389
v -0.539845 0.117866 -0.436082
v -0.539441 0.117860 -0.435672
v -1.107683 0.121767 0.316640
v -1.192907 0.124736 -0.449752
v -0.525768 0.116848 -0.115105
v -0.525768 0.116752 -0.079512
v -0.525768 0.116651 -0.042392
v -0.526891 0.115659 0.327823
v -0.527697 0.115666 0.328629
v -0.529735 0.115684 0.329618
v -1.551302 0.126373 0.329618
v -0.530868 0.117809 -0.449752
v -1.554148 0.128510 -0.447825
v -1.553342 0.128504 -0.448631
v -1.551302 0.128486 -0.449619
v -1.539365 0.128325 -0.436641
v -1.539986 0.128332 -0.436571
v -1.042103 0.121045 0.329752
v -0.538879 0.116788 -0.042392
v -0.538879 0.116889 -0.079512
v -0.538879 0.116985 -0.115105
v -1.552377 0.126385 0.329238
v -0.525768 0.117742 -0.444652
v -1.539373 0.128326 -0.436641
v -1.539980 0.128332 -0.436571
v -1.540572 0.128337 -0.436364
v -1.541879 0.128347 -0.435042
v -1.539421 0.126284 0.316640
v -1.540030 0.126291 0.316572
v -1.540599 0.126297 0.316368
v -1.541121 0.126303 0.316040
v -1.555269 0.127932 -0.230274
v -1.542158 0.126320 0.313902
v -1.322975 0.126097 -0.449752
v -1.542158 0.128347 -0.433855
v -0.525768 0.116303 0.086038
v -0.525768 0.116601 -0.023796
v -1.042103 0.121080 0.316640
v -0.538879 0.117040 -0.135105
v -0.525768 0.116902 -0.135105
v -1.542158 0.127862 -0.254802
v -1.322975 0.126061 -0.436641
v -1.555269 0.126536 0.284695
v -1.542158 0.126399 0.284743
v -0.538879 0.117165 -0.181464
v -1.358258 0.126466 -0.449752
v -1.358258 0.126430 -0.436641
v -1.002311 0.122706 -0.436641
v -1.002311 0.122742 -0.449752
v -0.635799 0.118871 -0.436641
v -0.954183 0.122203 -0.436641
v -1.192907 0.124700 -0.436641
v -0.635799 0.118907 -0.449752
v -0.772084 0.118255 0.316640
v -0.772084 0.118220 0.329752
v -0.538879 0.116943 -0.099512
v -0.525768 0.116806 -0.099512
v -1.260549 0.125444 -0.449752
v -1.260549 0.125408 -0.436641
v -1.066193 0.123374 -0.436641
v -1.130931 0.124087 -0.449752
v -0.569594 0.118178 -0.436641
v -0.569594 0.118214 -0.449752
v -1.130931 0.124052 -0.436641
vn 0.5903 0.5717 0.5699
vn 0.6553 0.5330 0.5353
vn 0.7423 0.4722 0.4754
vn 0.8340 0.3876 0.3928
vn 0.6002 0.5648 0.5663
vn 0.6611 0.5292 0.5319
vn 0.7507 0.4631 0.4711
vn 0.8136 0.3893 0.4318
vn 0.8045 0.2887 0.5190
vn 0.9816 0.0966 0.1650
vn 0.9306 0.1560 0.3312
vn 0.8220 0.2431 0.5151
vn 0.6763 0.2673 0.6864
vn 0.9430 0.2114 0.2569
vn 0.9125 0.2140 0.3486
vn 0.8194 0.2641 0.5087
vn 0.6679 0.2964 0.6827
vn 0.8897 0.3090 0.3360
vn 0.8644 0.3094 0.3964
vn 0.7897 0.3363 0.5131
vn 0.6598 0.3540 0.6628
vn 0.1785 0.0888 0.9799
vn 0.2804 0.2463 0.9277
vn 0.3417 0.3177 0.8845
vn 0.5900 0.3710 0.7171
vn 0.3347 0.1197 0.9347
vn 0.3565 0.2491 0.9005
vn 0.3988 0.3186 0.8599
vn 0.6249 0.5951 0.5053
vn -0.4279 -0.8752 -0.2257
vn 0.5091 0.2146 0.8335
vn 0.4952 0.2819 0.8218
vn 0.5106 0.3411 0.7892
vn -0.3421 -0.9262 -0.1584
vn 0.5769 0.5770 0.5781
vn 0.5925 0.5707 0.5686
vn -0.0000 -0.0000 -1.0000
vn 0.5766 0.5732 0.5822
vn 0.6644 0.5260 0.5310
vn 0.5877 0.0327 -0.8084
vn 0.5758 0.5661 0.5899
vn 0.7577 0.4554 0.4675
vn -0.0000 1.0000 -0.0000
vn 0.4775 -0.7377 0.4774
vn -0.5685 0.5678 0.5953
vn -0.5346 0.5329 0.6559
vn -0.4745 0.4715 0.7433
vn -0.3928 0.3874 0.8341
vn -0.5649 0.5695 0.5971
vn -0.5321 0.5276 0.6623
vn -0.4714 0.4646 0.7496
vn -0.4318 0.3893 0.8136
vn -0.5191 0.2883 0.8046
vn -0.1649 0.0966 0.9816
vn -0.3312 0.1560 0.9306
vn -0.5150 0.2431 0.8220
vn -0.6864 0.2673 0.6763
vn -0.2569 0.2115 0.9430
vn -0.3486 0.2141 0.9125
vn -0.5087 0.2641 0.8194
vn -0.6827 0.2964 0.6679
vn -0.3359 0.3090 0.8897
vn -0.3963 0.3093 0.8644
vn -0.5131 0.3363 0.7897
vn -0.6628 0.3540 0.6598
vn -0.9799 0.0888 0.1785
vn -0.9277 0.2463 0.2804
vn -0.8845 0.3177 0.3416
vn -0.7172 0.3710 0.5899
vn -0.9347 0.1197 0.3348
vn -0.9005 0.2491 0.3565
vn -0.8599 0.3186 0.3989
vn -0.5051 0.5952 0.6249
vn 0.2257 -0.8752 -0.4279
vn -0.8335 0.2146 0.5091
vn -0.8217 0.2820 0.4952
vn -0.7892 0.3412 0.5106
vn 0.1585 -0.9262 -0.3421
vn -0.5781 0.5770 0.5770
vn -0.5684 0.5679 0.5953
vn -0.0000 -1.0000 -0.0000
vn -0.5822 0.5732 0.5766
vn -0.5310 0.5263 0.6641
vn -0.0000 0.1238 -0.9923
vn 0.0156 0.9999 -0.0000
vn -0.5899 0.5661 0.5758
vn -0.4669 0.4551 0.7582
vn 0.0156 -0.0000 -0.9999
vn -0.0000 -0.4597 0.8881
vn -0.4777 -0.7372 0.4777
vn 0.5780 0.5770 -0.5770
vn 0.5718 0.5676 -0.5923
vn 0.5822 0.5732 -0.5766
vn 0.5308 0.5284 -0.6625
vn 0.4457 -0.3694 0.8154
vn 0.5899 0.5661 -0.5758
vn 0.4667 0.4547 -0.7586
vn 0.4766 0.2203 0.8511
vn 0.5700 0.5656 -0.5959
vn 0.5353 0.5335 -0.6549
vn 0.4753 0.4721 -0.7424
vn 0.3930 0.3877 -0.8338
vn 0.5654 0.5694 -0.5967
vn 0.5321 0.5276 -0.6623
vn 0.4707 0.4636 -0.7506
vn 0.4317 0.3893 -0.8136
vn 0.5191 0.2886 -0.8045
vn 0.1649 0.0967 -0.9816
vn 0.3312 0.1560 -0.9306
vn 0.5150 0.2431 -0.8220
vn 0.6864 0.2673 -0.6763
vn 0.2569 0.2114 -0.9430
vn 0.3486 0.2139 -0.9125
vn 0.5087 0.2641 -0.8194
vn 0.6827 0.2964 -0.6679
vn 0.3360 0.3091 -0.8897
vn 0.3963 0.3094 -0.8644
vn 0.5131 0.3362 -0.7897
vn 0.6628 0.3540 -0.6598
vn 0.9799 0.0888 -0.1785
vn 0.9277 0.2463 -0.2805
vn 0.8845 0.3177 -0.3417
vn 0.7171 0.3710 -0.5900
vn 0.9347 0.1197 -0.3348
vn 0.9005 0.2491 -0.3565
vn 0.8599 0.3186 -0.3988
vn 0.5048 0.5954 -0.6251
vn -0.2257 -0.8752 0.4279
vn 0.8335 0.2146 -0.5091
vn 0.8217 0.2819 -0.4952
vn 0.7892 0.3412 -0.5106
vn -0.1583 -0.9262 0.3422
vn 0.4772 -0.7379 -0.4773
vn -0.5924 0.5723 -0.5670
vn -0.6561 0.5328 -0.5345
vn -0.7429 0.4721 -0.4746
vn -0.8338 0.3876 -0.3930
vn -0.6001 0.5657 -0.5656
vn -0.6616 0.5292 -0.5313
vn -0.7504 0.4635 -0.4713
vn -0.8136 0.3894 -0.4317
vn -0.8046 0.2883 -0.5191
vn -0.9816 0.0966 -0.1650
vn -0.9306 0.1560 -0.3311
vn -0.8220 0.2431 -0.5151
vn -0.6763 0.2673 -0.6864
vn -0.9430 0.2115 -0.2569
vn -0.9125 0.2140 -0.3485
vn -0.8194 0.2641 -0.5087
vn -0.6679 0.2964 -0.6827
vn -0.8897 0.3091 -0.3360
vn -0.8645 0.3093 -0.3962
vn -0.7896 0.3363 -0.5132
vn -0.6598 0.3540 -0.6628
vn -0.1785 0.0888 -0.9799
vn -0.2804 0.2463 -0.9277
vn -0.3416 0.3177 -0.8845
vn -0.5900 0.3710 -0.7172
vn -0.3347 0.1197 -0.9347
vn -0.3564 0.2490 -0.9005
vn -0.3988 0.3186 -0.8599
vn -0.6250 0.5951 -0.5052
vn 0.4279 -0.8752 0.2256
vn -0.5091 0.2147 -0.8335
vn -0.4953 0.2820 -0.8217
vn -0.5107 0.3412 -0.7892
vn 0.3422 -0.9262 0.1584
vn -0.5770 0.5770 -0.5781
vn -0.5894 0.5691 -0.5734
vn -0.6854 0.7282 -0.0000
vn -0.5766 0.5732 -0.5822
vn -0.6654 0.5253 -0.5304
vn 0.0428 0.7253 -0.6871
vn -0.5758 0.5661 -0.5899
vn -0.7587 0.4544 -0.4668
vn 0.6854 0.7282 -0.0000
vn -0.4780 -0.7370 -0.4778
vn 0.4364 0.8729 0.2181
vn -0.4353 -0.8705 -0.2296
vn -0.0903 -0.9930 -0.0761
vn 0.2485 0.9229 0.2941
vn -0.2784 -0.9283 -0.2464
vn -0.7691 0.5127 -0.3815
vn 0.8893 -0.0000 0.4573
vn -0.8579 0.4289 -0.2829
vn -0.4313 0.8625 -0.2646
vn 0.7838 -0.3919 -0.4818
vn -0.0000 0.9975 0.0704
vn -0.4135 0.8269 -0.3811
vn 0.4290 0.8580 0.2825
vn 0.4058 0.8117 0.4201
vn 0.7068 -0.0000 0.7074
vn -0.4471 0.8942 0.0231
vn -0.4313 -0.8626 -0.2643
vn 0.0142 -0.9389 0.3440
vn -0.0000 -0.8923 -0.4513
vn 0.2425 -0.9701 -0.0000
vn 0.4472 -0.8944 -0.0000
vn -0.9101 -0.0000 0.4144
vn -0.0000 0.9323 0.3618
vn -0.6706 0.6706 0.3171
vn 0.6706 -0.6706 -0.3171
vn 0.4286 0.8573 -0.2852
vn -0.0000 -0.9565 -0.2919
vn -0.0000 -0.9322 -0.3619
vn 0.4385 0.8769 -0.1968
vn 0.9188 -0.0000 -0.3947
vn -0.2673 0.8018 0.5345
vn 0.3557 -0.0000 -0.9346
vn 0.4019 0.8038 -0.4387
vn -0.1779 -0.0000 0.9841
vn 0.4798 -0.6397 -0.6004
vn -0.7433 0.4956 0.4493
vn 0.6938 -0.6938 -0.1928
vn -0.8210 0.4105 0.3968
vn 0.6866 -0.2289 -0.6901
vn 0.4307 0.8614 0.2691
vn -0.2245 -0.8980 0.3783
vn -0.9176 -0.0000 0.3974
vn 0.8639 -0.0000 -0.5036
vn 0.4462 0.8924 0.0681
vn 0.2188 -0.9626 -0.1596
vn -0.6730 0.6730 0.3069
vn -0.4156 0.8311 0.3695
vn -0.4472 -0.8944 -0.0000
vn 0.2013 -0.9392 -0.2781
vn -0.6590 -0.1883 0.7282
vn -0.4386 0.8772 0.1951
vn 0.3074 0.9223 -0.2344
vn -0.0000 -0.0000 1.0000
vn -0.9999 -0.0000 0.0129
vn 0.4953 0.8667 0.0589
vn 0.6885 0.6885 0.2278
vn -0.8382 -0.0000 -0.5454
vn 0.6891 0.6891 0.2242
vn -0.6474 0.6474 -0.4023
vn -0.8310 0.4748 -0.2898
vn -0.2425 -0.9701 -0.0000
vn -0.0000 0.9453 0.3263
vn -0.0000 -0.9992 -0.0388
vn 0.6757 -0.6757 0.2947
vn -0.4444 -0.8888 0.1125
vn -0.2340 -0.9359 -0.2632
vn -0.0000 -0.9865 0.1635
vn -0.5547 0.8320 -0.0000
vn -0.0000 0.8427 -0.5383
vn -0.5550 0.5550 -0.6197
vn 0.8016 0.2672 0.5348
vn 0.3042 -0.9127 0.2728
vn -1.0000 -0.0000 -0.0000
vn -0.5579 0.5579 -0.6145
vn 0.3029 0.9087 0.2872
vn 0.4253 0.8505 0.3094
vn 1.0000 -0.0000 -0.0000
vn -0.5045 0.8409 -0.1960
vn 0.3712 -0.9280 -0.0318
vn 0.4033 -0.9151 0.0027
vn 0.5481 0.7439 0.3823
vn -0.0000 -0.7315 -0.6818
vn -0.9487 -0.3162 -0.0000
vn -0.6660 -0.7459 -0.0000
vn -0.0592 0.9465 0.3173
vn -0.4374 -0.8747 -0.2087
vn -0.4472 0.8944 -0.0000
vn -0.5547 -0.8320 -0.0000
vn -0.1077 0.9942 -0.0000
vn 0.4577 -0.3662 -0.8102
vn 0.9258 -0.0000 -0.3780
vn -0.9000 0.3000 0.3162
vn 0.4335 -0.8669 -0.2460
vn 0.8804 -0.0000 -0.4743
vn -0.0000 0.9669 0.2552
vn -0.6412 -0.0000 0.7674
vn -0.0000 -0.9583 0.2857
vn -0.8807 -0.0000 0.4737
vn -0.0000 -0.8923 0.4513
vn 0.4272 -0.8544 -0.2959
vn 0.6948 -0.0000 -0.7192
vn 0.4082 0.8164 -0.4085
vn -0.0000 0.9999 -0.0129
vn -0.4415 0.8831 0.1588
vn 0.7410 -0.3705 -0.5600
vn -0.0000 0.8924 0.4513
vn -0.0000 -0.9999 0.0129
vn 0.3082 0.9245 -0.2242
vn -0.0000 0.9569 0.2903
vn -0.4346 -0.8693 -0.2356
vn 0.6308 0.4731 -0.6150
vn -0.6926 -0.6925 0.2019
vn -0.3404 -0.0000 0.9403
vn 0.3150 0.9450 -0.0884
vn -0.0000 -0.9747 -0.2236
vn -0.4874 -0.8666 0.1072
vn -0.8747 -0.0000 0.4846
vn -0.0000 0.9122 0.4098
vn -0.0000 -0.9769 0.2138
vn -0.9982 -0.0000 -0.0593
vn -0.0000 -1.0000 -0.0001
vn 0.2352 0.9409 0.2435
vn -0.0000 -0.9990 0.0449
vn -0.0000 -0.9970 0.0769
vn -0.6609 0.6609 -0.3555
vn -0.0000 0.8943 0.4475
vn 0.7446 -0.0000 -0.6675
vn -0.4431 0.8861 -0.1362
vn -0.0000 -0.9990 -0.0449
vn 0.4467 -0.8935 0.0460
vn 0.3164 -0.9486 -0.0000
vn 0.6746 0.6746 0.2997
vn -0.8845 -0.0000 -0.4666
vn 0.4350 -0.8701 0.2318
vn -0.2261 0.4522 0.8628
vn -0.0000 -0.8895 -0.4569
vn -0.8168 -0.0000 0.5769
vn 0.3029 0.9520 0.0451
vn -0.9007 -0.2632 -0.3456
vn -0.3033 -0.9099 -0.2829
vn 0.8330 -0.0000 0.5533
vn -0.4328 0.8655 -0.2522
vn 0.3982 -0.7964 0.4551
vn 0.8791 -0.0000 0.4767
vn 0.8845 -0.0000 0.4665
vn 0.8833 -0.0000 0.4689
vn 0.9003 -0.0000 -0.4352
vn 0.4472 0.8944 -0.0000
vn -0.2176 0.8898 0.4011
vn -0.4211 -0.8422 0.3367
vn -0.7593 -0.6508 -0.0000
vn 0.8845 -0.0000 -0.4665
vn -0.6617 0.6617 0.3525
vn -0.0000 0.9999 -0.0138
vn 0.8374 -0.3680 -0.4041
vn 0.1238 -0.9907 -0.0569
vn -0.6926 0.6926 0.2018
vn -0.0000 -0.9986 0.0536
vn 0.5561 0.7945 -0.2441
vn -0.0000 -1.0000 0.0001
vn -0.4301 -0.8602 0.2738
vn -0.0000 0.9970 0.0769
vn 0.3643 0.9311 0.0179
vn -0.0000 -0.9599 -0.2805
vn 0.2425 0.9701 -0.0000
vn 0.3714 0.9285 -0.0000
vn -0.8716 -0.0000 0.4903
vn -0.0000 0.9998 -0.0204
vn 0.8512 -0.0000 0.5249
vn 0.7091 -0.0000 -0.7051
vn 0.6496 0.7195 -0.2455
vn -0.0000 -0.9623 0.2718
vn -0.0000 0.8923 0.4513
vn -0.0000 -0.7446 -0.6675
vn -0.7071 -0.7071 -0.0000
vn -0.8321 -0.5547 -0.0000
vn -0.4364 0.8729 -0.2181
vn -0.7800 -0.4680 -0.4155
vn 0.0525 -0.9980 0.0342
vn 0.8295 -0.3896 0.4003
vn -0.3499 0.9331 -0.0824
vn 0.3591 -0.9234 0.1356
vn 0.4348 0.8697 0.2336
vn -0.0000 -0.9999 -0.0138
vn -0.8839 -0.0000 -0.4677
vn -0.0000 0.9993 -0.0383
vn -0.8725 -0.0000 -0.4886
vn -0.0000 -0.9971 -0.0767
vn 0.9996 -0.0000 -0.0277
vn -0.0000 0.9895 0.1446
vn 0.2425 -0.9700 -0.0186
vn -0.0000 -0.9938 0.1111
vn 0.4247 -0.8494 0.3132
vn -0.8716 -0.0000 -0.4902
vn 0.4348 0.8696 0.2339
vn -0.6723 -0.6723 -0.3098
vn 0.3159 0.9476 -0.0487
vn 0.1622 -0.9735 0.1613
vn 0.8943 -0.0000 0.4475
vn -0.0000 0.9997 0.0258
vn -0.0000 0.9623 -0.2718
vn 0.4256 -0.8905 0.1609
vn -0.0000 -0.7030 -0.7112
vn -0.0000 0.7257 0.6880
vn -0.6288 0.6288 -0.4575
vn 0.4364 -0.8729 -0.2182
vn -0.8845 -0.0000 0.4666
vn -0.0000 0.9991 -0.0415
vn 0.8640 -0.0000 -0.5035
vn -0.0000 0.9665 0.2565
vn 0.4417 -0.8835 -0.1560
vn 0.7545 -0.6467 -0.1124
vn -0.7767 0.5548 0.2980
vn -0.4328 0.8655 0.2522
vn 0.8682 -0.0000 -0.4962
vn 0.8791 -0.0000 -0.4767
vn 0.8833 -0.0000 -0.4689
vn -0.0000 0.9720 0.2349
vn -0.0000 -0.9994 0.0353
vn 0.6609 -0.6609 -0.3555
vn 0.4012 0.8024 -0.4419
vn -0.0000 0.9970 -0.0769
vn 0.1309 0.9914 -0.0000
vn 0.4313 -0.8626 -0.2643
vn -0.8908 0.1713 0.4208
vn -0.4471 -0.8942 -0.0230
vn 0.0001 -0.0000 1.0000
vn -0.0000 -0.0001 1.0000
vn -0.0001 -0.0000 1.0000
vn -0.0000 0.0001 1.0000
vn -0.0001 0.0001 1.0000
vn 0.0001 -0.0001 1.0000
vn 0.0001 -0.0003 1.0000
vn -0.0000 0.0002 -1.0000
vn -0.0000 0.0001 -1.0000
vn -0.0000 -0.0001 -1.0000
vn -0.0001 -0.0000 -1.0000
vn -0.0001 0.0001 -1.0000
vn 0.0001 -0.0000 -1.0000
vn 0.0001 0.0001 -1.0000
vn -0.0001 -0.0001 -1.0000
vn -0.0001 -0.0002 -1.0000
vn -0.9576 -0.2000 0.2075
vn -0.9154 -0.3075 0.2597
vn -0.8415 -0.5020 0.1999
vn -0.6909 -0.7024 0.1709
vn -0.9040 -0.2629 0.3373
vn -0.9050 -0.2764 0.3233
vn -0.8456 -0.4514 0.2850
vn -0.6755 -0.6940 0.2491
vn -0.8307 -0.2071 0.5168
vn -0.8480 -0.2455 0.4698
vn -0.8025 -0.4090 0.4345
vn -0.6412 -0.6515 0.4055
vn -0.1969 -0.9590 0.2039
vn -0.2444 -0.9164 0.3170
vn -0.1836 -0.8406 0.5097
vn -0.1546 -0.6890 0.7080
vn -0.3188 -0.9090 0.2685
vn -0.3039 -0.9086 0.2865
vn -0.2645 -0.8471 0.4609
vn -0.2290 -0.6759 0.7006
vn -0.4920 -0.8424 0.2197
vn -0.4441 -0.8575 0.2598
vn -0.4078 -0.8092 0.4229
vn -0.3793 -0.6453 0.6631
vn -0.1868 -0.1921 0.9634
vn -0.2931 -0.2411 0.9252
vn -0.4822 -0.1804 0.8573
vn -0.6831 -0.1528 0.7142
vn -0.2483 -0.3129 0.9167
vn -0.2655 -0.3013 0.9158
vn -0.4353 -0.2631 0.8610
vn -0.6763 -0.2294 0.7000
vn -0.2015 -0.4881 0.8492
vn -0.2401 -0.4430 0.8638
vn -0.3981 -0.4086 0.8213
vn -0.6379 -0.3838 0.6677
vn -0.5654 -0.5733 0.5930
vn -0.9844 -0.0891 -0.1518
vn -0.9237 -0.0888 -0.3728
vn -0.8200 -0.0859 -0.5658
vn -0.6825 -0.0868 -0.7257
vn -0.9361 -0.3174 -0.1514
vn -0.8743 -0.3137 -0.3704
vn -0.7778 -0.3014 -0.5515
vn -0.6545 -0.2965 -0.6955
vn -0.8389 -0.5253 -0.1424
vn -0.7851 -0.5073 -0.3553
vn -0.7081 -0.4762 -0.5213
vn -0.6089 -0.4583 -0.6475
vn -0.1131 -0.1130 -0.9871
vn -0.1121 -0.3325 -0.9364
vn -0.1074 -0.5306 -0.8408
vn -0.1050 -0.6997 -0.7066
vn -0.3239 -0.1067 -0.9400
vn -0.3226 -0.3236 -0.8895
vn -0.3119 -0.5098 -0.8018
vn -0.3066 -0.6628 -0.6832
vn -0.5160 -0.0951 -0.8513
vn -0.5040 -0.3065 -0.8075
vn -0.4777 -0.4777 -0.7373
vn -0.4620 -0.6121 -0.6417
vn -0.1138 -0.9861 -0.1210
vn -0.3302 -0.9352 -0.1278
vn -0.5288 -0.8387 -0.1301
vn -0.7007 -0.7008 -0.1338
vn -0.1143 -0.9333 -0.3405
vn -0.3272 -0.8789 -0.3471
vn -0.5114 -0.7878 -0.3432
vn -0.6637 -0.6645 -0.3434
vn -0.1086 -0.8356 -0.5385
vn -0.3143 -0.7857 -0.5329
vn -0.4811 -0.7118 -0.5118
vn -0.6123 -0.6125 -0.5000
vn -0.5651 -0.5651 -0.6011
vn 0.1868 -0.1920 -0.9634
vn 0.2930 -0.2411 -0.9252
vn 0.4822 -0.1803 -0.8573
vn 0.6831 -0.1528 -0.7142
vn 0.2483 -0.3129 -0.9168
vn 0.2655 -0.3013 -0.9158
vn 0.4354 -0.2630 -0.8610
vn 0.6764 -0.2294 -0.6999
vn 0.2015 -0.4882 -0.8492
vn 0.2400 -0.4430 -0.8638
vn 0.3981 -0.4086 -0.8213
vn 0.6379 -0.3838 -0.6677
vn 0.9576 -0.2000 -0.2075
vn 0.9154 -0.3075 -0.2597
vn 0.8414 -0.5020 -0.1999
vn 0.6909 -0.7024 -0.1709
vn 0.9040 -0.2628 -0.3373
vn 0.9050 -0.2764 -0.3233
vn 0.8456 -0.4514 -0.2850
vn 0.6756 -0.6940 -0.2491
vn 0.8307 -0.2071 -0.5168
vn 0.8479 -0.2456 -0.4698
vn 0.8025 -0.4090 -0.4345
vn 0.6412 -0.6515 -0.4055
vn 0.1969 -0.9590 -0.2039
vn 0.2444 -0.9164 -0.3170
vn 0.1836 -0.8406 -0.5096
vn 0.1546 -0.6890 -0.7081
vn 0.3188 -0.9090 -0.2685
vn 0.3039 -0.9086 -0.2865
vn 0.2645 -0.8471 -0.4609
vn 0.2290 -0.6759 -0.7006
vn 0.4920 -0.8425 -0.2197
vn 0.4441 -0.8575 -0.2598
vn 0.4078 -0.8092 -0.4229
vn 0.3794 -0.6453 -0.6631
vn 0.5653 -0.5733 -0.5931
vn 0.9844 -0.0891 0.1518
vn 0.9237 -0.0888 0.3728
vn 0.8200 -0.0859 0.5658
vn 0.6825 -0.0868 0.7257
vn 0.9361 -0.3174 0.1514
vn 0.8743 -0.3136 0.3704
vn 0.7778 -0.3014 0.5515
vn 0.6545 -0.2964 0.6955
vn 0.8389 -0.5253 0.1424
vn 0.7851 -0.5074 0.3553
vn 0.7081 -0.4762 0.5213
vn 0.6089 -0.4583 0.6475
vn 0.1130 -0.1131 0.9871
vn 0.1121 -0.3325 0.9364
vn 0.1074 -0.5306 0.8408
vn 0.1050 -0.6998 0.7066
vn 0.3239 -0.1066 0.9400
vn 0.3226 -0.3236 0.8895
vn 0.3119 -0.5097 0.8018
vn 0.3066 -0.6628 0.6831
vn 0.5160 -0.0951 0.8513
vn 0.5040 -0.3065 0.8075
vn 0.4777 -0.4777 0.7373
vn 0.4620 -0.6122 0.6417
vn 0.1138 -0.9861 0.1210
vn 0.3302 -0.9352 0.1278
vn 0.5288 -0.8387 0.1301
vn 0.7007 -0.7008 0.1338
vn 0.1143 -0.9333 0.3405
vn 0.3272 -0.8789 0.3471
vn 0.5114 -0.7878 0.3432
vn 0.6637 -0.6645 0.3434
vn 0.1087 -0.8355 0.5386
vn 0.3143 -0.7857 0.5329
vn 0.4811 -0.7118 0.5118
vn 0.6123 -0.6125 0.5000
vn 0.5651 -0.5651 0.6011
vn 0.0001 -1.0000 -0.0000
vn -0.0001 -1.0000 -0.0000
vn -0.0000 -0.9739 -0.2270
vn -0.0000 0.9970 -0.0774
vn -0.0000 -0.9064 -0.4225
vn -0.0000 -0.9064 0.4225
vn -0.0000 -0.9663 0.2574
vn -0.0000 0.9981 0.0620
vn 0.1119 -0.0026 0.9937
vn 0.3301 -0.0065 0.9439
vn 0.5320 -0.0090 0.8467
vn 0.1119 -0.0026 -0.9937
vn 0.3302 -0.0066 -0.9439
vn 0.5320 -0.0090 -0.8467
vn 0.7187 -0.0098 -0.6952
vn 0.8547 -0.0088 -0.5191
vn 0.9474 -0.0063 -0.3200
vn 0.9942 -0.0025 -0.1076
vn -0.1119 -0.0026 -0.9937
vn -0.3302 -0.0065 -0.9439
vn -0.5320 -0.0090 -0.8467
vn -0.1119 -0.0026 0.9937
vn -0.3302 -0.0066 0.9439
vn -0.5319 -0.0090 0.8468
vn -0.7200 -0.0098 0.6939
vn -0.8553 -0.0088 0.5181
vn -0.9477 -0.0063 0.3190
vn -0.9942 -0.0025 0.1072
vn -0.9947 -0.1032 -0.0000
vn -0.9458 -0.3247 0.0001
vn -0.8481 -0.5298 0.0001
vn -0.7071 -0.7071 0.0001
vn -0.5312 -0.8472 0.0001
vn -0.3304 -0.9438 -0.0000
vn -0.1155 -0.9933 -0.0000
vn -0.0000 -0.1171 -0.9931
vn -0.0000 -0.3335 -0.9428
vn -0.0000 -0.5334 -0.8458
vn -0.0000 -0.7071 -0.7071
vn -0.0000 -0.8458 -0.5334
vn -0.0000 -0.9428 -0.3335
vn -0.0000 -0.9931 -0.1171
vn 0.9947 -0.1032 -0.0000
vn 0.9458 -0.3247 -0.0001
vn 0.8481 -0.5298 -0.0001
vn 0.7071 -0.7071 -0.0001
vn 0.5312 -0.8473 -0.0001
vn 0.3304 -0.9438 -0.0000
vn 0.1155 -0.9933 -0.0000
vn -0.0000 -0.1171 0.9931
vn -0.0000 -0.3334 0.9428
vn -0.0000 -0.5335 0.8458
vn -0.0000 -0.7071 0.7071
vn -0.0000 -0.8458 0.5335
vn -0.0000 -0.9428 0.3335
vn -0.0000 -0.9931 0.1171
vn -0.6470 -0.6899 -0.3246
vn 0.9909 0.0344 -0.1299
vn -0.6199 -0.6610 -0.4229
vn 0.9344 -0.0251 -0.3554
vn 0.3698 -0.3897 -0.8434
vn 0.3582 -0.2037 -0.9112
vn 0.2854 -0.0925 -0.9539
vn 0.1841 -0.0329 -0.9824
vn 0.0675 -0.0076 -0.9977
vn -0.9445 -0.2972 -0.1399
vn 0.6190 -0.6600 -0.4256
vn -0.8958 -0.2717 -0.3519
vn 0.5483 -0.5845 -0.5981
vn -0.3700 -0.3905 -0.8430
vn -0.3590 -0.2036 -0.9108
vn -0.2858 -0.0916 -0.9539
vn -0.1827 -0.0318 -0.9827
vn -0.0627 -0.0071 -0.9980
vn 0.0627 -0.0071 0.9980
vn 0.1827 -0.0318 0.9827
vn 0.2859 -0.0916 0.9539
vn 0.3590 -0.2036 0.9108
vn 0.3700 -0.3905 0.8430
vn -0.5483 -0.5846 0.5980
vn 0.8958 -0.2717 0.3519
vn -0.6190 -0.6601 0.4257
vn 0.9445 -0.2972 0.1399
vn -0.0675 -0.0076 0.9977
vn -0.1841 -0.0329 0.9824
vn -0.2854 -0.0925 0.9540
vn -0.3582 -0.2036 0.9112
vn -0.3697 -0.3898 0.8434
vn -0.9344 -0.0251 0.3553
vn 0.6199 -0.6610 0.4229
vn -0.9909 0.0344 0.1299
vn 0.6470 -0.6899 0.3246
vn -0.0132 0.9999 -0.0000
vn 0.0357 0.9994 -0.0000
vn 0.7071 0.7071 -0.0000
vn -0.9937 0.1120 -0.0000
vn -0.8467 0.5320 -0.0000
vn 0.9439 0.3303 -0.0000
vn -0.7071 0.7071 -0.0000
vn -0.5320 0.8467 -0.0000
vn 0.8467 0.5320 -0.0000
vn 0.1120 0.9937 -0.0000
vn -0.1120 0.9937 -0.0000
vn -0.9439 0.3303 -0.0000
vn 0.5320 0.8467 -0.0000
vn -0.3303 0.9439 -0.0000
vn 0.3303 0.9439 -0.0000
vn 0.9937 0.1120 -0.0000
vn -0.9416 0.3369 -0.0000
vn -0.9040 0.4276 -0.0000
vn -0.5957 0.8032 -0.0000
vn 0.9040 0.4275 -0.0000
vn -0.9700 0.2430 -0.0000
vn -0.1467 0.9892 -0.0000
vn -0.0491 0.9988 -0.0000
vn 0.0491 0.9988 -0.0000
vn 0.4276 0.9040 -0.0000
vn -0.4276 0.9040 -0.0000
vn 0.8032 0.5957 -0.0000
vn 0.9988 0.0491 -0.0000
vn 0.1467 0.9892 -0.0000
vn -0.3369 0.9415 -0.0000
vn 0.6716 0.7409 -0.0000
vn 0.5957 0.8032 -0.0000
vn -0.8032 0.5957 -0.0000
vn 0.8577 0.5141 -0.0000
vn -0.5141 0.8577 -0.0000
vn 0.9415 0.3369 -0.0000
vn 0.5141 0.8577 -0.0000
vn -0.7410 0.6716 -0.0000
vn 0.9700 0.2430 -0.0000
vn -0.8577 0.5141 -0.0000
vn -0.9988 0.0491 -0.0000
vn 0.2430 0.9700 -0.0000
vn -0.2430 0.9700 -0.0000
vn 0.9892 0.1467 -0.0000
vn -0.6716 0.7409 -0.0000
vn -0.9892 0.1467 -0.0000
vn 0.3369 0.9415 -0.0000
vn 0.7410 0.6716 -0.0000
vn -0.0000 0.9439 0.3303
vn -0.0000 0.5320 0.8467
vn -0.0000 0.7071 0.7071
vn -0.0000 0.7071 -0.7071
vn -0.0000 -0.1120 0.9937
vn -0.0000 0.9937 0.1120
vn -0.0000 0.3303 -0.9439
vn -0.0000 0.3303 0.9439
vn -0.0000 0.5320 -0.8467
vn -0.0000 0.1120 0.9937
vn -0.0000 0.9937 -0.1120
vn -0.0000 0.8467 -0.5320
vn -0.0000 0.8467 0.5320
vn -0.0000 0.9439 -0.3303
vn -0.0000 0.1120 -0.9937
vn -0.0000 -0.1120 -0.9937
vn -0.9415 0.3369 -0.0000
vn 0.9040 0.4276 -0.0000
vn -0.7409 0.6716 -0.0000
vn 0.7409 0.6716 -0.0000
vn 0.0322 -0.0001 -0.9995
vn -0.7071 -0.0001 -0.7071
vn -0.3351 -0.0001 0.9422
vn 0.7071 -0.0001 0.7071
vn -0.0000 -0.3303 -0.9439
vn -0.8454 -0.0001 -0.5341
vn 0.8454 -0.0001 0.5342
vn -0.9422 -0.0001 -0.3351
vn 0.9928 -0.0000 -0.1198
vn 0.7071 -0.0001 -0.7071
vn 0.9422 -0.0001 0.3352
vn -0.9942 -0.0025 -0.1072
vn 0.5010 -0.0000 0.8655
vn 0.1749 -0.0000 0.9846
vn 0.0318 -0.0000 0.9995
vn 0.9473 -0.0063 0.3202
vn 0.8545 -0.0088 0.5193
vn 0.5343 -0.0001 -0.8453
vn -0.1196 -0.0000 0.9928
vn -0.7203 -0.0098 -0.6936
vn 0.9942 -0.0025 0.1078
vn -0.1196 -0.0000 -0.9928
vn -0.5342 -0.0001 -0.8454
vn -0.3350 -0.0001 -0.9422
vn 0.1198 -0.0000 -0.9928
vn 0.3352 -0.0001 -0.9422
vn 0.1198 -0.0000 0.9928
vn 0.5342 -0.0001 0.8453
vn 0.3352 -0.0001 0.9421
vn -0.5023 -0.0001 -0.8647
vn -0.1728 -0.0001 -0.9850
vn -0.0329 -0.0001 -0.9995
vn -0.8556 -0.0088 -0.5176
vn -0.9478 -0.0063 -0.3187
vn -0.1701 -0.0000 0.9854
vn -0.9928 -0.0000 -0.1195
vn 0.9928 -0.0000 0.1199
vn -0.0000 -0.3303 0.9439
vn -0.0336 -0.0000 0.9994
vn 0.7185 -0.0098 0.6954
vn 0.1732 -0.0000 -0.9849
vn 0.8454 -0.0001 -0.5342
vn 0.9421 -0.0001 -0.3352
vn -0.9422 -0.0001 0.3351
vn -0.9928 -0.0000 0.1196
vn -0.8454 -0.0001 0.5342
vn -0.5341 -0.0001 0.8454
vn -0.7071 -0.0001 0.7071
vt 0.000000 0.000000
vt 0.000000 0.003739
vt 0.000000 0.002886
vt 0.000000 0.002089
vt 0.000000 0.001398
vt 0.000000 0.006543
vt 0.000000 0.005091
vt 0.000000 0.004351
vt 0.000000 0.005608
vt 0.000000 0.003716
vt 0.000000 0.003168
vt 0.000000 0.002483
vt 0.000000 0.002125
vt 0.001880 0.000000
vt 0.001614 0.000000
vt 0.000000 0.003619
vt 0.000000 0.004673
vt 0.000000 0.002631
vt 0.000000 0.001770
vt 0.001341 0.000000
vt 0.001059 0.000000
vt 0.004954 0.000000
vt 0.004246 0.000000
vt 0.003306 0.000000
vt 0.003855 0.000000
vt 0.003538 0.000000
vt 0.002743 0.000000
vt 0.002831 0.000000
vt 0.002185 0.000000
vt 0.002413 0.000000
vt 0.002813 0.000000
vt 0.001995 0.000000
vt 0.001582 0.000000
vt 1.000000 0.000000
vt 0.997169 0.000000
vt 0.997815 0.000000
vt 0.998418 0.000000
vt 0.998941 0.000000
vt 0.995046 0.000000
vt 0.996145 0.000000
vt 0.996705 0.000000
vt 0.995754 0.000000
vt 0.997187 0.000000
vt 0.997602 0.000000
vt 0.998120 0.000000
vt 0.998391 0.000000
vt 1.000000 0.002483
vt 1.000000 0.002131
vt 0.997260 0.000000
vt 0.996462 0.000000
vt 0.998008 0.000000
vt 0.998660 0.000000
vt 1.000000 0.001771
vt 1.000000 0.001398
vt 1.000000 0.006543
vt 1.000000 0.005608
vt 1.000000 0.004367
vt 1.000000 0.005091
vt 1.000000 0.004673
vt 1.000000 0.003622
vt 1.000000 0.003739
vt 1.000000 0.002886
vt 1.000000 0.003187
vt 1.000000 0.003716
vt 1.000000 0.002635
vt 1.000000 0.002089
vt 0.000000 1.000000
vt 0.000000 0.000002
vt 0.000000 -0.000001
vt 0.000000 -0.000000
vt 0.000000 0.000001
vt 0.000000 0.000001
vt 0.000000 -0.000000
vt 0.000000 -0.000000
vt 0.000000 -0.000000
vt 0.002831 1.000000
vt 0.002185 1.000000
vt 0.000000 0.000000
vt 0.001582 1.000000
vt 0.001059 1.000000
vt 0.004954 1.000000
vt 0.003855 1.000000
vt 0.003295 1.000000
vt 0.004246 1.000000
vt 0.002813 1.000000
vt 0.002398 1.000000
vt 0.001880 1.000000
vt 0.001609 1.000000
vt 0.000000 0.997517
vt 0.000000 0.997869
vt 0.002740 1.000000
vt 0.003538 1.000000
vt 0.001992 1.000000
vt 0.001340 1.000000
vt 0.000000 0.998229
vt 0.000000 0.998602
vt 0.000000 0.993457
vt 0.000000 0.994392
vt 0.000000 0.995633
vt 0.000000 0.994909
vt 0.000000 0.995327
vt 0.000000 0.996378
vt 0.000000 0.996261
vt 0.000000 0.997114
vt 0.000000 0.996813
vt 0.000000 0.996284
vt 0.000000 0.997365
vt 0.000000 0.997911
vt 0.000001 0.000000
vt -0.000001 0.000000
vt 1.000000 1.000000
vt 0.000000 0.000000
vt 0.000000 0.000000
vt -0.000000 0.000000
vt -0.000000 0.000000
vt 1.000000 0.996261
vt 1.000000 0.997114
vt 0.000001 0.000000
vt -0.000000 0.000000
vt 0.000000 0.000000
vt 1.000000 0.997911
vt 1.000000 0.998602
vt 1.000000 0.993457
vt 1.000000 0.994909
vt 1.000000 0.995648
vt 1.000000 0.994392
vt 1.000000 0.996284
vt 1.000000 0.996832
vt 1.000000 0.997517
vt 1.000000 0.997875
vt 0.998120 1.000000
vt 0.998386 1.000000
vt 1.000000 0.996381
vt 1.000000 0.995327
vt 1.000000 0.997369
vt 1.000000 0.998230
vt 0.998659 1.000000
vt 0.998941 1.000000
vt 0.995046 1.000000
vt 0.995754 1.000000
vt 0.996694 1.000000
vt 0.996145 1.000000
vt 0.996461 1.000000
vt 0.997257 1.000000
vt 0.997169 1.000000
vt 0.997815 1.000000
vt 0.997587 1.000000
vt 0.997187 1.000000
vt 0.998005 1.000000
vt 0.998418 1.000000
vt 0.001815 0.140094
vt 0.012735 0.983180
vt 0.000000 -0.000000
vt 0.000000 -0.000000
vt 0.009905 0.986919
vt 0.010425 0.986231
vt 0.000000 0.000000
vt -0.000000 -0.000000
vt 0.000000 -0.000000
vt 0.000000 0.000000
vt 0.010884 0.985625
vt 0.011246 0.985147
vt 0.009197 0.987854
vt 0.010425 0.986231
vt 0.009795 0.987063
vt 0.008489 0.988788
vt 0.009147 0.987919
vt 0.009795 0.987063
vt 0.009197 0.987854
vt 0.010363 0.986314
vt 0.010884 0.985625
vt 0.012735 0.016820
vt 0.000000 0.000000
vt -0.000000 0.000000
vt 0.000000 -0.000000
vt 0.000000 -0.000000
vt 0.000000 -0.000000
vt 0.000000 -0.000000
vt 0.010870 0.014356
vt 0.011104 0.014666
vt 0.000000 -0.000000
vt 0.000000 0.000000
vt -0.000000 -0.000000
vt 0.011319 0.014949
vt 0.007370 0.009734
vt 0.007781 0.010277
vt 0.008489 0.011212
vt 0.009420 0.012441
vt 0.008884 0.011733
vt 0.009197 0.012147
vt 0.009973 0.013171
vt 0.009905 0.013081
vt 0.010522 0.013897
vt 0.000000 -0.000000
vt -0.000000 0.000000
vt 0.010308 0.013614
vt 0.009931 0.013116
vt 0.010695 0.014125
vt 0.011074 0.014625
vt 0.011509 0.015200
vt -0.000000 0.000000
vt 0.987265 0.016820
vt 0.000000 -0.000000
vt 0.000000 -0.000000
vt 0.000000 -0.000000
vt 0.000000 0.000000
vt -0.000000 -0.000000
vt -0.000000 -0.000000
vt 0.990095 0.013081
vt 0.989575 0.013769
vt -0.000000 0.000000
vt 0.000000 -0.000000
vt 0.000000 0.000000
vt 0.000000 0.000000
vt 0.989116 0.014375
vt 0.454090 0.006599
vt 0.992218 0.010277
vt 0.991511 0.011212
vt 0.990853 0.012081
vt 0.991511 0.011212
vt 0.990803 0.012146
vt 0.990205 0.012937
vt 0.989575 0.013769
vt 0.990095 0.013081
vt 0.990205 0.012937
vt 0.990803 0.012147
vt 0.989637 0.013686
vt 0.989116 0.014375
vt 0.988754 0.014853
vt 0.015587 0.000227
vt 0.000000 0.000000
vt 0.987265 0.983180
vt -0.000000 -0.000000
vt -0.000000 -0.000000
vt -0.000000 0.000000
vt -0.000000 0.000000
vt 0.000000 0.000000
vt -0.000000 0.000000
vt 0.990095 0.986919
vt 0.989575 0.986231
vt 0.000000 -0.000000
vt 0.000000 0.000000
vt -0.000000 0.000000
vt 0.989116 0.985625
vt 0.988754 0.985147
vt 0.991511 0.988788
vt 0.990803 0.987854
vt 0.990205 0.987063
vt 0.990853 0.987919
vt 0.989575 0.986231
vt 0.990205 0.987063
vt 0.989638 0.986314
vt 0.004246 0.994392
vt 0.003538 0.995327
vt 0.002940 0.996117
vt 0.003588 0.995261
vt 0.002831 0.996261
vt 0.002310 0.996949
vt 0.000000 -0.000000
vt 0.000000 0.000000
vt 0.002940 0.996117
vt 0.003538 0.995327
vt 0.002373 0.996866
vt 0.001851 0.997555
vt 0.000461 0.198964
vt 0.002831 0.996261
vt 0.002373 0.996866
vt 0.002310 0.996949
vt 0.001489 0.998033
vt 0.001851 0.997555
vt 0.001851 0.997555
vt 0.000000 -0.000000
vt 0.000000 0.142444
vt 0.000000 -0.000001
vt 0.000000 0.000001
vt 0.000000 -0.000001
vt 0.000000 -0.000001
vt 0.000000 -0.000001
vt 0.000000 0.000001
vt 0.002831 0.003739
vt 0.002310 0.003051
vt 0.001851 0.002445
vt 0.001489 0.001967
vt 0.004954 0.006543
vt 0.004246 0.005608
vt 0.003588 0.004739
vt 0.004246 0.005608
vt 0.003538 0.004673
vt 0.002940 0.003883
vt 0.002831 0.003739
vt 0.002310 0.003051
vt 0.002940 0.003883
vt 0.003538 0.004673
vt 0.002373 0.003134
vt 0.001851 0.002445
vt 0.997169 0.003739
vt 0.997690 0.003051
vt 0.998149 0.002445
vt 0.998511 0.001967
vt 0.995046 0.006543
vt 0.995754 0.005608
vt 0.996412 0.004739
vt 0.995754 0.005608
vt 0.996462 0.004673
vt 0.997060 0.003883
vt 0.997169 0.003739
vt 0.997690 0.003051
vt 0.996462 0.004673
vt 0.997627 0.003134
vt 0.998149 0.002445
vt 0.000001 0.000000
vt 0.142446 0.142446
vt -0.000000 0.000000
vt -0.000000 0.000000
vt -0.000000 0.000000
vt -0.000000 0.000000
vt -0.000000 0.000000
vt -0.000000 0.000000
vt 0.997169 0.996261
vt 0.997690 0.996949
vt 0.998149 0.997555
vt 0.998511 0.998033
vt 0.995754 0.994392
vt 0.996462 0.995327
vt 0.997060 0.996117
vt 0.996412 0.995261
vt 0.997169 0.996261
vt 0.997690 0.996949
vt -0.000000 0.000000
vt 0.997060 0.996117
vt 0.996462 0.995327
vt 0.997627 0.996866
vt 0.998149 0.997555
vt 0.199111 0.198964
vt 0.010916 0.842726
vt 0.012886 0.983180
vt 0.012735 0.983180
vt 0.010188 0.786544
vt 0.013037 0.983180
vt 0.013188 0.983180
vt 0.009452 0.589908
vt 0.000000 0.000000
vt 0.012735 0.983180
vt 0.012735 0.983180
vt -0.000000 -0.000001
vt 0.009552 0.737385
vt 0.012735 0.983180
vt 0.003184 0.245795
vt 0.018018 0.983180
vt 0.017263 0.983180
vt 0.000000 -0.000001
vt 0.010358 0.589908
vt 0.016508 0.983180
vt 0.000000 -0.000001
vt 0.015754 0.983180
vt 0.000000 -0.000001
vt 0.013490 0.983180
vt -0.000000 0.000000
vt 0.009905 0.589908
vt -0.000000 -0.000001
vt -0.000000 -0.000001
vt 0.006368 0.491590
vt 0.018018 0.016820
vt 0.017263 0.016820
vt 0.016561 0.016820
vt 0.017263 0.016820
vt 0.016508 0.016820
vt 0.015870 0.016820
vt 0.015754 0.016820
vt 0.015199 0.016820
vt 0.013188 0.016820
vt 0.016508 0.016820
vt 0.015265 0.016820
vt 0.014709 0.016820
vt 0.014999 0.016820
vt 0.013794 0.016820
vt 0.010916 0.014417
vt 0.010188 0.013456
vt 0.012735 0.016820
vt 0.012886 0.016820
vt 0.010188 0.013456
vt 0.010188 0.013456
vt 0.008490 0.011213
vt 0.012735 0.016820
vt 0.013037 0.016820
vt 0.012735 0.016820
vt 0.846227 0.014417
vt 0.987114 0.016820
vt 0.789812 0.013456
vt 0.986963 0.016820
vt 0.986812 0.016820
vt 0.590548 0.010092
vt -0.000000 -0.000000
vt 0.000000 0.000000
vt 0.740448 0.012615
vt 0.986860 0.016820
vt 0.246418 0.004205
vt 0.981982 0.016820
vt 0.982737 0.016820
vt -0.000001 -0.000000
vt 0.589642 0.010092
vt 0.983492 0.016820
vt 0.000000 -0.000000
vt 0.984246 0.016820
vt 0.000001 -0.000000
vt 0.986510 0.016820
vt 0.000000 -0.000000
vt 0.590095 0.010092
vt -0.000000 -0.000000
vt 0.000000 0.000000
vt 0.493025 0.008410
vt 0.981982 0.983180
vt 0.982737 0.983180
vt 0.983439 0.983180
vt 0.982737 0.983180
vt 0.983492 0.983180
vt 0.984130 0.983180
vt 0.984246 0.983180
vt 0.984801 0.983180
vt 0.986812 0.983180
vt 0.984130 0.983180
vt 0.983492 0.983180
vt 0.984735 0.983180
vt 0.985291 0.983180
vt 0.985001 0.983180
vt 0.985677 0.983180
vt 0.986961 0.983180
vt 0.846227 0.842726
vt 0.789812 0.786544
vt 0.987114 0.983180
vt 0.789812 0.786544
vt 0.987265 0.983180
vt 0.658176 0.655453
vt 0.987265 0.983180
vt 0.986963 0.983180
vt 0.986658 0.983180
vt 0.012735 0.976638
vt 0.012735 0.976638
vt 0.012735 0.978065
vt 0.012735 0.978089
vt 0.012735 0.976638
vt 0.012735 0.978063
vt 0.012735 0.976638
vt 0.012735 0.978058
vt 0.014615 0.976638
vt 0.014715 0.978058
vt 0.012735 0.979409
vt 0.012735 0.979463
vt 0.012735 0.979364
vt 0.012735 0.979308
vt 0.014850 0.979309
vt 0.012735 0.980590
vt 0.012735 0.980696
vt 0.012735 0.980441
vt 0.012735 0.980254
vt 0.015013 0.980255
vt 0.017689 0.976638
vt 0.017729 0.978089
vt 0.016641 0.978081
vt 0.016590 0.976638
vt 0.017774 0.979465
vt 0.016678 0.979430
vt 0.017822 0.980698
vt 0.016718 0.980598
vt 0.017872 0.983180
vt 0.016755 0.983180
vt 0.015616 0.978067
vt 0.015549 0.976638
vt 0.015677 0.979369
vt 0.015747 0.980443
vt 0.015772 0.983180
vt 0.015028 0.983180
vt 0.018005 0.983180
vt 0.016835 0.983180
vt 0.016808 0.983180
vt 0.017966 0.983180
vt 0.015727 0.983180
vt 0.015729 0.983180
vt 0.014734 0.983180
vt 0.014794 0.983180
vt 0.016785 0.983180
vt 0.017921 0.983180
vt 0.015751 0.983180
vt 0.014897 0.983180
vt 0.012735 0.023362
vt 0.012735 0.021907
vt 0.012735 0.021845
vt 0.012735 0.023362
vt 0.012735 0.020524
vt 0.012735 0.020475
vt 0.012735 0.019283
vt 0.012735 0.019340
vt 0.014784 0.016820
vt 0.014783 0.016820
vt 0.012735 0.021854
vt 0.012735 0.020554
vt 0.012735 0.019552
vt 0.014915 0.016820
vt 0.012735 0.021881
vt 0.012735 0.023362
vt 0.012735 0.020660
vt 0.012735 0.019786
vt 0.015067 0.016820
vt 0.018005 0.016820
vt 0.017966 0.016820
vt 0.016786 0.016820
vt 0.016864 0.016820
vt 0.017921 0.016820
vt 0.016746 0.016820
vt 0.017872 0.016820
vt 0.016716 0.016820
vt 0.017822 0.019283
vt 0.016668 0.019334
vt 0.015692 0.016820
vt 0.015772 0.016820
vt 0.015713 0.016820
vt 0.015755 0.016820
vt 0.015717 0.019551
vt 0.015039 0.019786
vt 0.017689 0.023362
vt 0.016556 0.023362
vt 0.016548 0.021861
vt 0.017728 0.021907
vt 0.015487 0.023362
vt 0.015490 0.021867
vt 0.014537 0.023362
vt 0.014621 0.021886
vt 0.016601 0.020476
vt 0.017773 0.020524
vt 0.015595 0.020557
vt 0.014825 0.020661
vt 0.981995 0.016820
vt 0.983165 0.016820
vt 0.983192 0.016820
vt 0.982034 0.016820
vt 0.984273 0.016820
vt 0.984271 0.016820
vt 0.985266 0.016820
vt 0.985206 0.016820
vt 0.987265 0.019304
vt 0.987265 0.019410
vt 0.983215 0.016820
vt 0.982079 0.016820
vt 0.984249 0.016820
vt 0.985103 0.016820
vt 0.987265 0.019559
vt 0.983245 0.016820
vt 0.982128 0.016820
vt 0.984228 0.016820
vt 0.984972 0.016820
vt 0.987265 0.019746
vt 0.987265 0.023362
vt 0.987265 0.023362
vt 0.987265 0.021935
vt 0.987265 0.021911
vt 0.987265 0.023362
vt 0.987265 0.021937
vt 0.987265 0.021942
vt 0.985385 0.023362
vt 0.985285 0.021942
vt 0.987265 0.020591
vt 0.987265 0.020537
vt 0.987265 0.020637
vt 0.987265 0.020692
vt 0.985150 0.020691
vt 0.984987 0.019745
vt 0.982311 0.023362
vt 0.982271 0.021911
vt 0.983359 0.021919
vt 0.983410 0.023362
vt 0.982226 0.020536
vt 0.983323 0.020570
vt 0.982178 0.019303
vt 0.983282 0.019402
vt 0.984384 0.021933
vt 0.984451 0.023362
vt 0.984322 0.020631
vt 0.984253 0.019557
vt 0.987265 0.976638
vt 0.987265 0.978093
vt 0.987265 0.978155
vt 0.987265 0.976638
vt 0.987265 0.979476
vt 0.987265 0.979525
vt 0.987265 0.980717
vt 0.987265 0.980660
vt 0.985216 0.983180
vt 0.985217 0.983180
vt 0.987265 0.978146
vt 0.987265 0.976638
vt 0.987265 0.979446
vt 0.987265 0.980448
vt 0.985086 0.983180
vt 0.987265 0.978119
vt 0.987265 0.976638
vt 0.987265 0.979340
vt 0.987265 0.980214
vt 0.984933 0.983180
vt 0.981995 0.983180
vt 0.982034 0.983180
vt 0.983214 0.983180
vt 0.983136 0.983180
vt 0.982079 0.983180
vt 0.983254 0.983180
vt 0.982128 0.983180
vt 0.983284 0.983180
vt 0.982178 0.980717
vt 0.983332 0.980666
vt 0.984308 0.983180
vt 0.984228 0.983180
vt 0.984287 0.983180
vt 0.984245 0.983180
vt 0.984283 0.980449
vt 0.984961 0.980214
vt 0.982311 0.976638
vt 0.983444 0.976638
vt 0.983452 0.978139
vt 0.982272 0.978093
vt 0.984513 0.976638
vt 0.984510 0.978133
vt 0.985463 0.976638
vt 0.985379 0.978114
vt 0.983399 0.979524
vt 0.982227 0.979476
vt 0.984405 0.979443
vt 0.985175 0.979339
vt 0.004954 0.993457
vt 0.995046 0.993457
vt 0.007782 0.989723
vt 0.992218 0.989723
vt 0.000000 -0.000000
vt -0.000000 0.000000
vt 0.984246 0.983180
vt 0.005000 0.005607
vt 0.004748 0.005607
vt 0.004497 0.005607
vt 0.895915 0.894235
vt 0.896900 0.894195
vt 0.897195 0.894492
vt 0.897488 0.894364
vt 0.897781 0.894658
vt 0.898044 0.894447
vt 0.919269 0.015707
vt 0.919864 0.015707
vt 0.894031 0.015267
vt 0.894601 0.015267
vt 0.894900 0.015272
vt 0.895413 0.015272
vt 0.873076 0.014892
vt 0.658176 0.011213
vt 0.836868 0.015595
vt 0.837372 0.016283
vt 0.837871 0.017053
vt 0.987265 0.020402
vt 0.013259 0.015105
vt 0.012381 0.015145
vt 0.012389 0.015151
vt 0.012131 0.015270
vt 0.012138 0.015276
vt 0.011906 0.015469
vt 0.014289 0.912677
vt 0.013740 0.912673
vt 0.013386 0.884801
vt 0.012862 0.884796
vt 0.012871 0.885124
vt 0.012400 0.885118
vt 0.012091 0.861010
vt 0.008490 0.655454
vt 0.010632 0.819575
vt 0.010639 0.819473
vt 0.010646 0.819292
vt 0.012735 0.979847
vt 0.000000 0.286995
vt 0.000000 0.006543
vt -0.000000 0.000000
vt 0.000000 0.000000
vt 0.000000 0.000000
vt -0.000000 0.000000
vt 0.011698 0.535971
vt 0.011698 0.535875
vt 0.011700 0.538604
vt 0.011698 0.494066
vt 0.011698 0.493971
vt 0.011700 0.496692
vt 0.011698 0.579672
vt 0.011698 0.579576
vt 0.011700 0.582313
vt 0.011700 0.402362
vt 0.011698 0.404921
vt 0.011698 0.404825
vt 0.011700 0.447811
vt 0.011698 0.450361
vt 0.011698 0.450266
vt 0.011700 0.491525
vt 0.011700 0.533437
vt 0.011700 0.577147
vt 0.011700 0.407529
vt 0.011700 0.452978
vt 0.101344 0.239076
vt 0.098669 0.238488
vt 0.096099 0.237260
vt 0.093731 0.235439
vt 0.091657 0.233097
vt 0.089957 0.230328
vt 0.088697 0.227236
vt 0.087924 0.223942
vt 0.087669 0.220570
vt 0.087943 0.217249
vt 0.088733 0.214103
vt 0.090011 0.211252
vt 0.091728 0.208802
vt 0.093816 0.206847
vt 0.096196 0.205460
vt 0.733733 0.658747
vt 0.729699 0.666917
vt 0.724501 0.672678
vt 0.718463 0.675568
vt 0.446286 0.693223
vt 0.438435 0.691595
vt 0.430982 0.687053
vt 0.424468 0.679930
vt 0.419344 0.670734
vt 0.415965 0.660105
vt 0.414572 0.648810
vt 0.110912 0.289762
vt 0.108833 0.291690
vt 0.106462 0.293023
vt 0.103892 0.293713
vt 0.101220 0.293733
vt 0.098548 0.293085
vt 0.095981 0.291796
vt 0.093615 0.289918
vt 0.091543 0.287525
vt 0.089844 0.284711
vt 0.088582 0.281585
vt 0.087808 0.278266
vt 0.087550 0.274881
vt 0.087820 0.271558
vt 0.088606 0.268422
vt 0.089878 0.265592
vt 0.091588 0.263174
vt 0.093670 0.261259
vt 0.096043 0.259921
vt 0.098617 0.259210
vt 0.101292 0.259157
vt 0.103965 0.259763
vt 0.106534 0.261009
vt 0.108899 0.262849
vt 0.110970 0.265215
vt 0.112667 0.268016
vt 0.113925 0.271147
vt 0.114696 0.274487
vt 0.114951 0.277905
vt 0.114679 0.281270
vt 0.113893 0.284449
vt 0.112621 0.287317
vt 0.416868 0.249048
vt 0.418389 0.238829
vt 0.421906 0.229322
vt 0.427173 0.221185
vt 0.433825 0.214956
vt 0.441403 0.211051
vt 0.449358 0.209742
vt 0.726831 0.205697
vt 0.732935 0.206712
vt 0.738035 0.210245
vt 0.741811 0.216038
vt 0.098776 0.204695
vt 0.101456 0.204583
vt 0.104134 0.205130
vt 0.106706 0.206317
vt 0.109073 0.208101
vt 0.111145 0.210416
vt 0.112841 0.213174
vt 0.114098 0.216269
vt 0.114866 0.219584
vt 0.115117 0.222988
vt 0.114841 0.226349
vt 0.114049 0.229537
vt 0.112771 0.232425
vt 0.111057 0.234901
vt 0.108972 0.236869
vt 0.106596 0.238251
vt 0.104021 0.238996
vt 0.744091 0.223701
vt 0.744814 0.232733
vt 0.744004 0.242519
vt 0.737303 0.626497
vt 0.737606 0.637774
vt 0.736405 0.648791
vt 0.801663 0.244503
vt 0.796602 0.235791
vt 0.796602 0.704354
vt 0.801663 0.695643
vt 0.804848 0.685488
vt 0.805933 0.674601
vt 0.805933 0.265545
vt 0.804848 0.254658
vt 0.103395 0.289080
vt 0.103395 0.266395
vt 0.106080 0.266021
vt 0.108662 0.264911
vt 0.111042 0.263109
vt 0.113128 0.260683
vt 0.114840 0.257728
vt 0.116112 0.254356
vt 0.116895 0.250698
vt 0.117159 0.246893
vt 0.116895 0.243089
vt 0.116112 0.239430
vt 0.114840 0.236058
vt 0.113128 0.233103
vt 0.111042 0.230678
vt 0.108663 0.228875
vt 0.106081 0.227766
vt 0.103395 0.227391
vt 0.100710 0.227766
vt 0.098128 0.228875
vt 0.790006 0.229106
vt 0.782316 0.224900
vt 0.774073 0.223467
vt 0.464351 0.223467
vt 0.456108 0.224900
vt 0.448418 0.229106
vt 0.441823 0.235791
vt 0.436761 0.244503
vt 0.433576 0.254658
vt 0.432491 0.265545
vt 0.432491 0.674601
vt 0.433576 0.685487
vt 0.436761 0.695643
vt 0.113128 0.322372
vt 0.114840 0.319417
vt 0.116112 0.316045
vt 0.116895 0.312387
vt 0.117159 0.308582
vt 0.116895 0.304777
vt 0.116112 0.301119
vt 0.114840 0.297747
vt 0.113128 0.294792
vt 0.111042 0.292366
vt 0.108662 0.290564
vt 0.106081 0.289454
vt 0.100710 0.289454
vt 0.098128 0.290564
vt 0.095748 0.292366
vt 0.093663 0.294792
vt 0.091951 0.297747
vt 0.090679 0.301119
vt 0.089896 0.304777
vt 0.089631 0.308582
vt 0.089896 0.312387
vt 0.090679 0.316045
vt 0.091951 0.319417
vt 0.093663 0.322372
vt 0.095748 0.324797
vt 0.098128 0.326600
vt 0.100710 0.327709
vt 0.103395 0.328084
vt 0.106080 0.327709
vt 0.108663 0.326600
vt 0.111042 0.324797
vt 0.441823 0.704354
vt 0.448418 0.711039
vt 0.456108 0.715246
vt 0.464351 0.716679
vt 0.774073 0.716679
vt 0.782316 0.715246
vt 0.790006 0.711039
vt 0.095749 0.230678
vt 0.093663 0.233103
vt 0.091951 0.236058
vt 0.090679 0.239430
vt 0.089896 0.243088
vt 0.089631 0.246893
vt 0.089896 0.250698
vt 0.090679 0.254356
vt 0.091951 0.257728
vt 0.093663 0.260683
vt 0.095749 0.263109
vt 0.098128 0.264911
vt 0.100710 0.266021
vt 0.618386 0.595936
vt 0.618386 0.606077
vt 0.621385 0.605890
vt 0.621385 0.595648
vt 0.607433 0.143664
vt 0.607433 0.153667
vt 0.611342 0.153789
vt 0.611342 0.143779
vt 0.615055 0.144116
vt 0.615055 0.154150
vt 0.618386 0.154730
vt 0.618386 0.144659
vt 0.611342 0.596288
vt 0.611342 0.606306
vt 0.615055 0.606218
vt 0.615055 0.596153
vt 0.622682 0.155531
vt 0.622833 0.145408
vt 0.081458 0.983176
vt 0.106933 0.983177
vt 0.106910 0.983178
vt 0.081456 0.983176
vt 0.875000 0.606336
vt 0.875000 0.596333
vt 0.870366 0.596333
vt 0.870366 0.606336
vt 0.630532 0.595724
vt 0.630532 0.605939
vt 0.866813 0.606336
vt 0.866813 0.596333
vt 0.624774 0.594919
vt 0.624774 0.605415
vt 0.868635 0.606336
vt 0.868635 0.596333
vt 0.623461 0.605665
vt 0.623461 0.595304
vt 0.508278 0.143664
vt 0.508218 0.153667
vt 0.607433 0.596333
vt 0.607433 0.606335
vt 0.593257 0.084786
vt 0.593257 0.100933
vt 0.597390 0.102240
vt 0.597390 0.085884
vt 0.601358 0.103899
vt 0.601358 0.087278
vt 0.831450 0.666644
vt 0.831450 0.650770
vt 0.822061 0.650770
vt 0.822061 0.666644
vt 0.597390 0.652333
vt 0.597390 0.669171
vt 0.601358 0.670563
vt 0.601358 0.653195
vt 0.589000 0.083994
vt 0.589000 0.099990
vt 0.779123 0.666644
vt 0.779123 0.650770
vt 0.767560 0.650770
vt 0.767560 0.666644
vt 0.755884 0.650770
vt 0.755884 0.666644
vt 0.642401 0.669295
vt 0.642401 0.696581
vt 0.644547 0.699816
vt 0.644547 0.671297
vt 0.042570 1.000000
vt 0.004954 1.000000
vt 0.630886 0.661626
vt 0.630886 0.684189
vt 0.634185 0.687133
vt 0.634185 0.663448
vt 0.812035 0.666644
vt 0.812035 0.650770
vt 0.801468 0.650770
vt 0.801468 0.666644
vt 0.605123 0.654231
vt 0.605123 0.672238
vt 0.608648 0.674178
vt 0.608648 0.655432
vt 0.580274 0.650770
vt 0.580274 0.666644
vt 0.584658 0.666804
vt 0.584658 0.650869
vt 0.639970 0.667301
vt 0.639970 0.693359
vt 0.790462 0.650770
vt 0.790462 0.666644
vt 0.614044 0.656785
vt 0.614044 0.676366
vt 0.623635 0.678779
vt 0.623635 0.658279
vt 0.562258 0.083356
vt 0.562175 0.099230
vt 0.580274 0.099230
vt 0.580274 0.083356
vt 0.627359 0.681395
vt 0.627359 0.659898
vt 0.605123 0.088954
vt 0.605123 0.105894
vt 0.608648 0.108206
vt 0.608648 0.090896
vt 0.593257 0.651654
vt 0.593257 0.668074
vt 0.620264 0.111844
vt 0.621021 0.093952
vt 0.589000 0.651164
vt 0.589000 0.667282
vt 0.584658 0.099421
vt 0.584658 0.083516
vt 0.637223 0.665346
vt 0.637223 0.690200
vt 0.875000 0.666644
vt 0.875000 0.650770
vt 0.561193 0.650770
vt 0.561276 0.666644
vt 0.851901 0.614575
vt 0.851901 0.603782
vt 0.843277 0.603782
vt 0.843277 0.614575
vt 0.616398 0.137364
vt 0.616398 0.148312
vt 0.619284 0.150830
vt 0.619283 0.139696
vt 0.623185 0.154659
vt 0.623319 0.143243
vt 0.619337 0.602443
vt 0.619337 0.613918
vt 0.623842 0.613440
vt 0.623842 0.601472
vt 0.834198 0.603782
vt 0.834198 0.614575
vt 0.613330 0.603628
vt 0.613330 0.614500
vt 0.616497 0.614277
vt 0.616497 0.603174
vt 0.647688 0.600707
vt 0.647688 0.613065
vt 0.613182 0.135916
vt 0.613182 0.146748
vt 0.609798 0.135425
vt 0.609798 0.146218
vt 0.628288 0.599012
vt 0.628288 0.612232
vt 0.626315 0.612869
vt 0.626315 0.600308
vt 0.875000 0.614575
vt 0.875000 0.603782
vt 0.609992 0.603782
vt 0.609992 0.614575
vt 0.851191 0.621672
vt 0.851191 0.607344
vt 0.842302 0.607344
vt 0.842302 0.621672
vt 0.616504 0.130271
vt 0.616504 0.144817
vt 0.619349 0.147416
vt 0.619349 0.132609
vt 0.623221 0.151261
vt 0.623399 0.136068
vt 0.619349 0.606165
vt 0.619349 0.621450
vt 0.623465 0.621289
vt 0.623465 0.605311
vt 0.832944 0.607344
vt 0.832944 0.621672
vt 0.613332 0.607208
vt 0.613332 0.621647
vt 0.616504 0.621571
vt 0.616504 0.606809
vt 0.645287 0.604269
vt 0.645287 0.621093
vt 0.713725 1.000000
vt 0.648022 1.000000
vt 0.648022 1.000000
vt 0.713725 1.000000
vt 0.613332 0.128820
vt 0.613332 0.143203
vt 0.609992 0.128328
vt 0.609992 0.142656
vt 0.627634 0.603146
vt 0.627634 0.620881
vt 0.625816 0.621096
vt 0.625816 0.604287
vt 0.875000 0.621672
vt 0.875000 0.607344
vt 0.609992 0.607344
vt 0.609992 0.621672
vt 0.851363 0.618558
vt 0.851363 0.608080
vt 0.842538 0.608080
vt 0.842537 0.618558
vt 0.808634 1.000000
vt 0.774362 1.000000
vt 0.774362 1.000000
vt 0.808634 1.000000
vt 0.616494 0.133356
vt 0.616494 0.143986
vt 0.619343 0.146471
vt 0.619343 0.135658
vt 0.623258 0.150275
vt 0.623386 0.139181
vt 0.619343 0.606995
vt 0.619343 0.618145
vt 0.623998 0.617845
vt 0.623998 0.606208
vt 0.833247 0.608080
vt 0.833247 0.618558
vt 0.613318 0.607956
vt 0.613318 0.618511
vt 0.616494 0.618370
vt 0.616494 0.607588
vt 0.648439 0.605601
vt 0.648439 0.617614
vt 0.613318 0.131926
vt 0.613318 0.142443
vt 0.609975 0.131442
vt 0.609975 0.141920
vt 0.628557 0.604213
vt 0.628557 0.617085
vt 0.626522 0.617486
vt 0.626522 0.605264
vt 0.875000 0.618558
vt 0.875000 0.608080
vt 0.609975 0.608080
vt 0.609975 0.618558
vt 0.856779 0.625390
vt 0.856779 0.609068
vt 0.849976 0.609068
vt 0.849976 0.625390
vt 0.477085 0.609068
vt 0.477137 0.625390
vt 0.593699 0.625390
vt 0.593699 0.609068
vt 0.607280 0.126096
vt 0.607280 0.142613
vt 0.613215 0.144636
vt 0.613215 0.127885
vt 0.620733 0.130155
vt 0.621278 0.147537
vt 0.621709 0.130450
vt 0.613215 0.608231
vt 0.613215 0.625411
vt 0.619390 0.625425
vt 0.619390 0.607623
vt 0.842814 0.609068
vt 0.842814 0.625390
vt 0.600664 0.608972
vt 0.600664 0.625392
vt 0.607280 0.625399
vt 0.607280 0.608688
vt 0.812158 0.625396
vt 0.640420 0.606931
vt 0.640420 0.625442
vt 0.600664 0.124986
vt 0.600664 0.141358
vt 0.593699 0.124610
vt 0.593699 0.140932
vt 0.625875 0.606084
vt 0.625875 0.625463
vt 0.623272 0.625443
vt 0.623272 0.606895
vt 0.875000 0.625390
vt 0.875000 0.609068
vt 0.479681 0.124610
vt 0.479629 0.140932
vt 0.781112 0.508083
vt 0.769507 0.508069
vt 0.771558 0.511081
vt 0.782937 0.511101
vt 0.584008 0.341067
vt 0.584008 0.352488
vt 0.597737 0.352177
vt 0.597737 0.340613
vt 0.609976 0.351657
vt 0.609952 0.339895
vt 0.597737 0.896089
vt 0.597737 0.907520
vt 0.619617 0.906769
vt 0.618951 0.895245
vt 0.447410 0.352747
vt 0.447410 0.341445
vt 0.431297 0.341349
vt 0.431297 0.352682
vt 0.772253 0.514253
vt 0.783555 0.514278
vt 0.552590 0.352747
vt 0.552590 0.341445
vt 0.568703 0.897119
vt 0.568703 0.908436
vt 0.584008 0.908085
vt 0.584008 0.896725
vt 0.772253 0.741637
vt 0.783555 0.742064
vt 1.000000 0.721049
vt 1.000000 0.721981
vt 1.000000 0.054887
vt 1.000000 0.054887
vt 1.000000 0.055818
vt 1.000000 0.058566
vt 1.000000 0.062993
vt 1.000000 0.068877
vt 1.000000 0.075922
vt 1.000000 0.083775
vt 1.000000 0.092044
vt 1.000000 0.684824
vt 1.000000 0.693092
vt 1.000000 0.700946
vt 1.000000 0.707991
vt 1.000000 0.713874
vt 1.000000 0.718301
vt 0.568703 0.341349
vt 0.568703 0.352682
vt 0.447410 0.897253
vt 0.447410 0.908555
vt 0.552590 0.908555
vt 0.552590 0.897253
vt 0.771558 0.744809
vt 0.782937 0.745241
vt 0.766204 0.753883
vt 0.778172 0.754556
vt 0.781112 0.748259
vt 0.769507 0.747821
vt 0.778172 0.501787
vt 0.766204 0.502007
vt 0.431297 0.897119
vt 0.431297 0.908436
vt 0.610560 0.101958
vt 0.610560 0.113258
vt 0.612440 0.113576
vt 0.612440 0.102245
vt 0.614245 0.113980
vt 0.614245 0.102608
vt 0.866971 0.648415
vt 0.866971 0.637157
vt 0.865240 0.637157
vt 0.865240 0.648415
vt 0.612440 0.637315
vt 0.612440 0.648720
vt 0.614245 0.648887
vt 0.614245 0.637402
vt 0.608624 0.101751
vt 0.608624 0.113028
vt 0.857324 0.648415
vt 0.857324 0.637157
vt 0.855192 0.637157
vt 0.855192 0.648415
vt 0.853039 0.637157
vt 0.853039 0.648415
vt 0.625470 0.639029
vt 0.625470 0.652020
vt 0.637886 0.650115
vt 0.637886 0.638040
vt 0.622998 0.638254
vt 0.622998 0.650528
vt 0.623883 0.650882
vt 0.623883 0.638438
vt 0.863392 0.648415
vt 0.863392 0.637157
vt 0.861443 0.637157
vt 0.861443 0.648415
vt 0.615958 0.637507
vt 0.615958 0.649089
vt 0.617561 0.649322
vt 0.617561 0.637628
vt 0.604654 0.637157
vt 0.604654 0.648415
vt 0.606649 0.648435
vt 0.606649 0.637167
vt 0.625125 0.638827
vt 0.625125 0.651632
vt 0.859414 0.637157
vt 0.859414 0.648415
vt 0.619211 0.637765
vt 0.619211 0.649586
vt 0.620743 0.649876
vt 0.620743 0.637916
vt 0.621948 0.650191
vt 0.621948 0.638079
vt 0.615958 0.103046
vt 0.615958 0.114466
vt 0.617562 0.115029
vt 0.617562 0.103552
vt 0.610560 0.637246
vt 0.610560 0.648587
vt 0.622349 0.115704
vt 0.622614 0.104160
vt 0.608624 0.637197
vt 0.608624 0.648492
vt 0.604654 0.101585
vt 0.604654 0.112843
vt 0.606649 0.112889
vt 0.606649 0.101626
vt 0.624594 0.638630
vt 0.624594 0.651252
vt 0.875000 0.648415
vt 0.875000 0.637157
vt 0.488554 0.637157
vt 0.488605 0.648415
vt 0.855705 0.571344
vt 0.855705 0.552273
vt 0.848500 0.552273
vt 0.848500 0.571344
vt 0.588858 0.571344
vt 0.599921 0.571344
vt 0.599921 0.552273
vt 0.588759 0.552273
vt 0.610802 0.180811
vt 0.610802 0.200112
vt 0.615557 0.202982
vt 0.615557 0.183404
vt 0.620916 0.207306
vt 0.621310 0.187311
vt 0.615557 0.548407
vt 0.615557 0.568492
vt 0.621478 0.566422
vt 0.621478 0.545602
vt 0.840916 0.552273
vt 0.840916 0.571344
vt 0.605501 0.551829
vt 0.605501 0.571016
vt 0.610802 0.570049
vt 0.610802 0.550518
vt 0.645337 0.544275
vt 0.645337 0.565443
vt 0.605501 0.179202
vt 0.605501 0.198331
vt 0.599921 0.178656
vt 0.599921 0.197727
vt 0.627260 0.538497
vt 0.627260 0.561181
vt 0.624836 0.563944
vt 0.624836 0.542242
vt 0.875000 0.571344
vt 0.875000 0.552273
vt 0.590783 0.178656
vt 0.590684 0.197727
vt 0.610089 0.285998
vt 0.610089 0.366578
vt 0.616817 0.364693
vt 0.616738 0.273791
vt 0.822312 0.508965
vt 0.753209 0.520723
vt 0.755278 0.571051
vt 0.823207 0.571051
vt 0.585397 0.301049
vt 0.585397 0.368002
vt 0.594210 0.367839
vt 0.594210 0.299319
vt 0.755278 0.678950
vt 0.823207 0.678950
vt 0.823763 0.652422
vt 0.756562 0.652422
vt 0.000000 0.586335
vt 0.000000 0.583468
vt 0.000000 0.583572
vt 0.000000 0.540674
vt 0.000000 0.537808
vt 0.000000 0.537912
vt 0.000000 0.299772
vt 0.000000 0.299876
vt 0.000000 0.297010
vt 0.000000 0.347393
vt 0.000000 0.347497
vt 0.000000 0.344631
vt 0.000000 0.393054
vt 0.000000 0.393157
vt 0.000000 0.390291
vt 0.000000 0.443541
vt 0.000000 0.440675
vt 0.000000 0.440778
vt 0.000000 0.493053
vt 0.000000 0.490187
vt 0.000000 0.490291
vt 0.000000 0.580706
vt 0.000000 0.535046
vt 0.000000 0.302638
vt 0.000000 0.350259
vt 0.000000 0.395920
vt 0.000000 0.437912
vt 0.000000 0.487425
vt 0.602580 0.367356
vt 0.602580 0.294217
vt 0.594209 0.880618
vt 0.594209 0.948354
vt 0.602580 0.946593
vt 0.602580 0.876547
vt 0.610089 0.869990
vt 0.610089 0.943756
vt 0.623361 0.939986
vt 0.621211 0.861275
vt 0.753209 0.729277
vt 0.822312 0.741035
vt 0.011816 0.597453
vt 0.011816 0.609291
vt 0.011782 0.595721
vt 0.823763 0.597578
vt 0.756562 0.597578
vt 0.756998 0.625505
vt 0.823951 0.625505
vt 0.823951 0.624495
vt 0.756998 0.624495
vt 0.570507 0.881998
vt 0.571048 0.948951
vt 0.585397 0.948951
vt 0.585397 0.881998
vt 0.570126 0.881998
vt 0.570667 0.948951
vt 0.571713 0.881998
vt 0.572254 0.948951
vt 0.572040 0.301049
vt 0.571499 0.368002
vt 0.571316 0.881998
vt 0.571857 0.948951
vt 0.572491 0.881998
vt 0.573032 0.948951
vt 0.570453 0.301049
vt 0.569912 0.368002
vt 0.570834 0.301049
vt 0.570293 0.368002
vt 0.570056 0.301049
vt 0.569515 0.368002
vt 0.571644 0.301049
vt 0.571102 0.368002
vt 0.569729 0.881998
vt 0.570270 0.948951
vt 0.571231 0.301049
vt 0.570690 0.368002
vt 0.570904 0.881998
vt 0.571445 0.948951
vt 0.572094 0.881998
vt 0.572635 0.948951
vt 0.572818 0.301049
vt 0.572277 0.368002
vt 0.572421 0.301049
vt 0.571880 0.368002
vt 0.921225 0.919434
vt 1.000000 0.997527
vt 0.998128 1.000000
vt 0.996147 0.000000
vt 0.997191 0.000000
vt 0.000000 0.002474
vt 0.001873 0.000000
vt 0.883507 0.050793
vt 0.887695 0.050119
vt 0.923268 0.915874
vt 0.922953 0.702825
vt 0.915032 0.669103
vt 0.887695 0.648709
vt 0.883507 0.644787
vt 0.879529 0.639427
vt 0.875961 0.632913
vt 0.872981 0.625578
vt 0.870739 0.617785
vt 0.869347 0.609909
vt 0.868875 0.602325
vt 0.868875 0.082049
vt 0.869347 0.074821
vt 0.870739 0.068012
vt 0.872981 0.061935
vt 0.875961 0.056876
vt 0.879529 0.053092
vt 0.603996 0.618558
vt 0.478293 0.608080
vt 0.478345 0.618558
vt 0.420249 0.896834
vt 0.420592 0.908191
vt 1.000000 0.996290
vt 0.000000 0.003710
vt 1.000000 0.994911
vt 0.000000 0.994911
vt 0.000000 0.993457
vt 0.001873 1.000000
vt 0.000000 0.997526
vt 0.000000 0.005089
vt 0.530815 0.135425
vt 0.481515 0.135425
vt 0.481463 0.146218
vt 0.546137 0.606335
vt 0.502605 0.596333
vt 0.502665 0.606335
vt 0.574814 0.621672
vt 0.480422 0.607344
vt 0.480473 0.621672
vt 0.002809 1.000000
vt 0.985755 0.016820
vt 0.986510 0.016820
vt 0.984553 0.016820
vt 0.564993 0.016817
vt 0.565002 0.016817
vt 0.564788 0.016817
vt 0.564149 0.016817
vt 0.563118 0.016817
vt 0.561745 0.016817
vt 0.560099 0.016817
vt 0.558264 0.016817
vt 0.556331 0.016817
vt 0.509971 0.016816
vt 0.508037 0.016816
vt 0.506199 0.016816
vt 0.504548 0.016816
vt 0.503169 0.016816
vt 0.502129 0.016816
vt 0.501482 0.016816
vt 0.501259 0.016816
vt 0.501251 0.016816
vt 0.393535 0.016815
vt 0.393785 0.016818
vt 0.393724 0.016818
vt 0.393532 0.016818
vt 0.393213 0.016819
vt 0.392768 0.016819
vt 0.392202 0.016819
vt 0.391520 0.016819
vt 0.390729 0.016819
vt 0.389837 0.016819
vt 0.388852 0.016819
vt 0.387784 0.016819
vt 0.386642 0.016819
vt 0.385439 0.016819
vt 0.384185 0.016819
vt 0.382893 0.016819
vt 0.381575 0.016819
vt 0.380243 0.016819
vt 0.252756 0.016819
vt 0.251424 0.016819
vt 0.250104 0.016818
vt 0.248810 0.016818
vt 0.247552 0.016818
vt 0.246345 0.016818
vt 0.245198 0.016818
vt 0.244124 0.016818
vt 0.243132 0.016818
vt 0.242233 0.016818
vt 0.241434 0.016818
vt 0.240743 0.016818
vt 0.240168 0.016818
vt 0.239714 0.016818
vt 0.239384 0.016817
vt 0.239183 0.016817
vt 0.239112 0.016817
vt 0.238784 0.016814
vt 0.014594 0.016820
vt 0.491029 0.101585
vt 0.490977 0.112843
vt 0.042659 1.000000
vt 0.106877 1.000000
vt 0.106877 1.000000
vt 0.081424 1.000000
vt 0.081335 1.000000
vt 0.081068 1.000000
vt 0.080627 1.000000
vt 0.080015 1.000000
vt 0.079238 1.000000
vt 0.078304 1.000000
vt 0.077222 1.000000
vt 0.076002 1.000000
vt 0.074656 1.000000
vt 0.073197 1.000000
vt 0.071638 1.000000
vt 0.069996 1.000000
vt 0.068285 1.000000
vt 0.066523 1.000000
vt 0.064726 1.000000
vt 0.062912 1.000000
vt 0.061083 1.000000
vt 0.059268 1.000000
vt 0.057471 1.000000
vt 0.055709 1.000000
vt 0.053998 1.000000
vt 0.052356 1.000000
vt 0.050798 1.000000
vt 0.049338 1.000000
vt 0.047992 1.000000
vt 0.046772 1.000000
vt 0.045690 1.000000
vt 0.044756 1.000000
vt 0.043979 1.000000
vt 0.043367 1.000000
vt 0.042926 1.000000
vt 0.010593 0.014804
vt 0.996147 1.000000
vt 0.997191 1.000000
vt 0.003853 1.000000
vt 0.003853 0.000000
vt 0.004954 0.000000
vt 0.393896 0.000000
vt 0.501539 0.000000
vt 0.501757 0.000000
vt 0.502399 0.000000
vt 0.503434 0.000000
vt 0.504809 0.000000
vt 0.506456 0.000000
vt 0.508291 0.000000
vt 0.510224 0.000000
vt 0.556555 0.000000
vt 0.558488 0.000000
vt 0.560323 0.000000
vt 0.561970 0.000000
vt 0.563345 0.000000
vt 0.564380 0.000000
vt 0.565022 0.000000
vt 0.565240 0.000000
vt 0.239258 0.000000
vt 0.239257 0.000000
vt 0.239323 0.000000
vt 0.239518 0.000000
vt 0.239842 0.000000
vt 0.240291 0.000000
vt 0.240861 0.000000
vt 0.241547 0.000000
vt 0.242341 0.000000
vt 0.243236 0.000000
vt 0.244224 0.000000
vt 0.245295 0.000000
vt 0.246438 0.000000
vt 0.247643 0.000000
vt 0.248898 0.000000
vt 0.250191 0.000000
vt 0.251510 0.000000
vt 0.252841 0.000000
vt 0.380312 0.000000
vt 0.381643 0.000000
vt 0.382962 0.000000
vt 0.384255 0.000000
vt 0.385510 0.000000
vt 0.386715 0.000000
vt 0.387859 0.000000
vt 0.388929 0.000000
vt 0.389917 0.000000
vt 0.390812 0.000000
vt 0.391606 0.000000
vt 0.392292 0.000000
vt 0.392862 0.000000
vt 0.393311 0.000000
vt 0.393635 0.000000
vt 0.393830 0.000000
vt 0.393896 0.000000
vt 0.002809 0.000000
vt 0.000000 0.380277
vt 0.000000 0.360274
vt 0.000000 0.359951
vt 0.000000 0.358998
vt 0.000000 0.357464
vt 0.000000 0.355424
vt 0.000000 0.352982
vt 0.000000 0.341908
vt 0.000000 0.339466
vt 0.000000 0.337426
vt 0.000000 0.335892
vt 0.000000 0.334939
vt 0.000000 0.334616
vt 0.000000 0.312653
vt 0.000000 0.312330
vt 0.000000 0.311377
vt 0.000000 0.309843
vt 0.000000 0.307803
vt 0.000000 0.305361
vt 0.000000 0.294287
vt 0.000000 0.291845
vt 0.000000 0.289805
vt 0.000000 0.288271
vt 0.000000 0.287318
vt 0.000000 0.643970
vt 0.000000 0.643647
vt 0.000000 0.642695
vt 0.000000 0.641160
vt 0.000000 0.639121
vt 0.000000 0.636678
vt 0.000000 0.633956
vt 0.000000 0.631090
vt 0.000000 0.631193
vt 0.000000 0.628327
vt 0.000000 0.625605
vt 0.000000 0.623162
vt 0.000000 0.621123
vt 0.000000 0.619588
vt 0.000000 0.618636
vt 0.000000 0.618313
vt 0.000000 0.596349
vt 0.000000 0.596026
vt 0.000000 0.595074
vt 0.000000 0.593539
vt 0.000000 0.591499
vt 0.000000 0.589057
vt 0.000000 0.577983
vt 0.000000 0.575541
vt 0.000000 0.573502
vt 0.000000 0.571967
vt 0.000000 0.571015
vt 0.000000 0.570692
vt 0.000000 0.570692
vt 0.000000 0.550689
vt 0.000000 0.550366
vt 0.000000 0.549413
vt 0.000000 0.547879
vt 0.000000 0.545839
vt 0.000000 0.543397
vt 0.000000 0.532323
vt 0.000000 0.529881
vt 0.000000 0.527842
vt 0.000000 0.526307
vt 0.000000 0.525354
vt 0.000000 0.525031
vt 0.000000 0.503068
vt 0.000000 0.502745
vt 0.000000 0.501792
vt 0.000000 0.500258
vt 0.000000 0.498218
vt 0.000000 0.495776
vt 0.000000 0.484702
vt 0.000000 0.482260
vt 0.000000 0.480220
vt 0.000000 0.478686
vt 0.000000 0.477733
vt 0.000000 0.477410
vt 0.000000 0.477410
vt 0.000000 0.453555
vt 0.000000 0.453232
vt 0.000000 0.452280
vt 0.000000 0.450745
vt 0.000000 0.448706
vt 0.000000 0.446263
vt 0.000000 0.435190
vt 0.000000 0.432747
vt 0.000000 0.430708
vt 0.000000 0.429173
vt 0.000000 0.428221
vt 0.000000 0.427898
vt 0.000000 0.405934
vt 0.000000 0.405611
vt 0.000000 0.404659
vt 0.000000 0.403124
vt 0.000000 0.401084
vt 0.000000 0.398642
vt 0.000000 0.387569
vt 0.000000 0.385126
vt 0.000000 0.383087
vt 0.000000 0.381552
vt 0.000000 0.380600
vt 0.589962 0.131442
vt 0.479286 0.131442
vt 0.479235 0.141920
vt 0.546360 0.614575
vt 0.482330 0.603782
vt 0.482381 0.614575
vt 0.809155 1.000000
vt 0.774108 1.000000
vt 0.773359 1.000000
vt 0.772153 1.000000
vt 0.770549 1.000000
vt 0.768629 1.000000
vt 0.766489 1.000000
vt 0.764235 1.000000
vt 0.723852 1.000000
vt 0.721599 1.000000
vt 0.719458 1.000000
vt 0.717538 1.000000
vt 0.715935 1.000000
vt 0.714728 1.000000
vt 0.713979 1.000000
vt 0.647768 1.000000
vt 0.647019 1.000000
vt 0.645812 1.000000
vt 0.644209 1.000000
vt 0.642289 1.000000
vt 0.640148 1.000000
vt 0.637894 1.000000
vt 0.597949 1.000000
vt 0.595695 1.000000
vt 0.593555 1.000000
vt 0.591635 1.000000
vt 0.590031 1.000000
vt 0.588824 1.000000
vt 0.588075 1.000000
vt 0.587821 1.000000
vt 0.587821 1.000000
vt 0.524938 1.000000
vt 0.524938 1.000000
vt 0.524684 1.000000
vt 0.523935 1.000000
vt 0.522729 1.000000
vt 0.521125 1.000000
vt 0.519205 1.000000
vt 0.517064 1.000000
vt 0.514811 1.000000
vt 0.473014 1.000000
vt 0.470761 1.000000
vt 0.468620 1.000000
vt 0.466700 1.000000
vt 0.465097 1.000000
vt 0.463890 1.000000
vt 0.463141 1.000000
vt 0.462887 1.000000
vt 0.416138 1.000000
vt 0.415884 1.000000
vt 0.415136 1.000000
vt 0.413929 1.000000
vt 0.412325 1.000000
vt 0.410405 1.000000
vt 0.408265 1.000000
vt 0.406011 1.000000
vt 0.117005 1.000000
vt 0.114751 1.000000
vt 0.112611 1.000000
vt 0.110690 1.000000
vt 0.109087 1.000000
vt 0.107880 1.000000
vt 0.107131 1.000000
vt 0.970028 1.000000
vt 0.970028 1.000000
vt 0.969507 1.000000
vt 0.967970 1.000000
vt 0.965496 1.000000
vt 0.962205 1.000000
vt 0.958265 1.000000
vt 0.953873 1.000000
vt 0.949249 1.000000
vt 0.829413 1.000000
vt 0.824789 1.000000
vt 0.820398 1.000000
vt 0.816458 1.000000
vt 0.813167 1.000000
vt 0.810692 1.000000
vt 0.081366 0.983176
vt 0.107163 0.983178
vt 0.107911 0.983178
vt 0.109117 0.983179
vt 0.110721 0.983179
vt 0.112641 0.983179
vt 0.114781 0.983179
vt 0.117035 0.983179
vt 0.406108 0.983175
vt 0.408362 0.983175
vt 0.410505 0.983174
vt 0.412428 0.983174
vt 0.414035 0.983173
vt 0.415246 0.983173
vt 0.416000 0.983172
vt 0.416258 0.983172
vt 0.416333 0.983163
vt 0.463065 0.983164
vt 0.462948 0.983172
vt 0.463197 0.983173
vt 0.463942 0.983173
vt 0.465144 0.983174
vt 0.466745 0.983175
vt 0.468662 0.983175
vt 0.470801 0.983175
vt 0.473054 0.983175
vt 0.514850 0.983175
vt 0.517104 0.983175
vt 0.519246 0.983174
vt 0.521169 0.983174
vt 0.522775 0.983173
vt 0.523986 0.983172
vt 0.524739 0.983172
vt 0.524998 0.983171
vt 0.525095 0.983166
vt 0.587957 0.983168
vt 0.587880 0.983169
vt 0.588129 0.983170
vt 0.588874 0.983171
vt 0.590077 0.983172
vt 0.591677 0.983172
vt 0.593595 0.983173
vt 0.595734 0.983173
vt 0.597987 0.983173
vt 0.637932 0.983172
vt 0.640186 0.983172
vt 0.642328 0.983172
vt 0.644250 0.983171
vt 0.645856 0.983170
vt 0.647067 0.983169
vt 0.647820 0.983168
vt 0.648078 0.983167
vt 0.648137 0.983170
vt 0.713818 0.983172
vt 0.713779 0.983165
vt 0.714028 0.983166
vt 0.714773 0.983166
vt 0.715975 0.983167
vt 0.717576 0.983167
vt 0.719494 0.983168
vt 0.721633 0.983168
vt 0.723886 0.983169
vt 0.764266 0.983166
vt 0.766520 0.983165
vt 0.768661 0.983165
vt 0.770583 0.983163
vt 0.772190 0.983163
vt 0.773402 0.983163
vt 0.774157 0.983165
vt 0.774418 0.983167
vt 0.774435 0.983174
vt 0.816138 0.983175
vt 0.816514 0.983174
vt 0.820442 0.983168
vt 0.824828 0.983166
vt 0.829450 0.983166
vt 0.847612 0.983176
vt 0.328837 0.327727
vt 0.328585 0.327727
vt 0.328333 0.327727
vt 0.014245 0.983180
vt 0.013490 0.983180
vt 0.015260 0.983180
vt 0.042581 0.983178
vt 0.042580 0.983178
vt 0.042669 0.983178
vt 0.042936 0.983178
vt 0.043377 0.983178
vt 0.043989 0.983178
vt 0.044766 0.983178
vt 0.045701 0.983178
vt 0.046783 0.983178
vt 0.048003 0.983178
vt 0.049350 0.983178
vt 0.050810 0.983178
vt 0.052368 0.983178
vt 0.054011 0.983178
vt 0.055722 0.983178
vt 0.057485 0.983177
vt 0.059283 0.983177
vt 0.061098 0.983177
vt 0.062928 0.983177
vt 0.064744 0.983177
vt 0.066542 0.983177
vt 0.068305 0.983177
vt 0.070016 0.983177
vt 0.071660 0.983177
vt 0.073219 0.983177
vt 0.074680 0.983177
vt 0.076027 0.983177
vt 0.077248 0.983177
vt 0.078331 0.983177
vt 0.079266 0.983176
vt 0.080044 0.983176
vt 0.080657 0.983177
vt 0.081099 0.983177
vt 1.000000 0.057802
vt 1.000000 0.718439
vt 1.000000 0.721981
vt 1.000000 0.721049
vt 0.919220 0.671374
vt 0.922910 0.671751
vt 0.922002 0.053971
vt 0.921951 0.019220
vt 0.915032 0.051085
vt 0.919220 0.052088
vt 0.417101 0.341088
vt 0.416759 0.352498
vt 0.416391 0.983162
vt 0.463160 0.983167
vt 0.525243 0.983170
vt 0.588164 0.983172
vt 0.648408 0.983174
vt 0.714163 0.983176
vt 0.813240 0.983175
vt 0.774852 0.983177
vt 0.809154 0.983177
vt 0.808771 0.983175
vt 0.809268 0.983175
vt 0.810783 0.983175
vt 0.970704 0.983180
vt 0.985197 0.983180
vt 0.949350 0.983179
vt 0.953980 0.983179
vt 0.958382 0.983179
vt 0.962339 0.983180
vt 0.965650 0.983180
vt 0.968149 0.983180
vt 0.969712 0.983180
vt 0.970260 0.983180
vt 0.560897 0.128328
vt 0.481406 0.128328
vt 0.481355 0.142656
vt 0.011700 0.273042
vt 0.011698 0.275625
vt 0.011698 0.275530
vt 0.011700 0.278207
vt 0.011706 0.280848
vt 0.011716 0.283321
vt 0.011730 0.285505
vt 0.011746 0.287289
vt 0.011763 0.288583
vt 0.011782 0.289319
vt 0.011810 0.289975
vt 0.011810 0.310347
vt 0.011782 0.309629
vt 0.011763 0.309454
vt 0.011746 0.309881
vt 0.011730 0.310888
vt 0.011716 0.312422
vt 0.011706 0.314406
vt 0.011700 0.316743
vt 0.011698 0.319318
vt 0.011698 0.319223
vt 0.011700 0.321909
vt 0.011706 0.324575
vt 0.011716 0.327090
vt 0.011730 0.329328
vt 0.011746 0.331177
vt 0.011763 0.332543
vt 0.011782 0.333356
vt 0.011811 0.334147
vt 0.011811 0.352704
vt 0.011782 0.351854
vt 0.011763 0.351606
vt 0.011746 0.351964
vt 0.011730 0.352909
vt 0.011716 0.354392
vt 0.011706 0.356338
vt 0.011700 0.358651
vt 0.011698 0.361218
vt 0.011698 0.361123
vt 0.011700 0.363817
vt 0.011706 0.366508
vt 0.011716 0.369061
vt 0.011730 0.371350
vt 0.011746 0.373261
vt 0.011763 0.374697
vt 0.011782 0.375582
vt 0.011812 0.376509
vt 0.011812 0.396888
vt 0.011782 0.395894
vt 0.011763 0.395570
vt 0.011746 0.395857
vt 0.011730 0.396738
vt 0.011716 0.398168
vt 0.011706 0.400073
vt 0.011706 0.410244
vt 0.011716 0.412838
vt 0.011730 0.415181
vt 0.011746 0.417156
vt 0.011763 0.418662
vt 0.011782 0.419622
vt 0.011813 0.420697
vt 0.011813 0.442835
vt 0.011782 0.441684
vt 0.011763 0.441283
vt 0.011746 0.441496
vt 0.011730 0.442310
vt 0.011716 0.443684
vt 0.011706 0.445549
vt 0.011706 0.455719
vt 0.011716 0.458355
vt 0.011730 0.460753
vt 0.011746 0.462794
vt 0.011763 0.464375
vt 0.011782 0.465413
vt 0.011813 0.466648
vt 0.011814 0.487034
vt 0.011782 0.485726
vt 0.011763 0.485249
vt 0.011746 0.485391
vt 0.011730 0.486142
vt 0.011716 0.487463
vt 0.011706 0.489287
vt 0.011706 0.499458
vt 0.011716 0.502133
vt 0.011730 0.504585
vt 0.011746 0.506690
vt 0.011763 0.508341
vt 0.011782 0.509455
vt 0.011814 0.510851
vt 0.011815 0.529419
vt 0.011782 0.527954
vt 0.011763 0.527405
vt 0.011746 0.527479
vt 0.011730 0.528168
vt 0.011716 0.529438
vt 0.011706 0.531223
vt 0.011706 0.541394
vt 0.011716 0.544107
vt 0.011730 0.546610
vt 0.011746 0.548777
vt 0.011763 0.550497
vt 0.011782 0.551682
vt 0.011815 0.553239
vt 0.011815 0.573631
vt 0.011782 0.571994
vt 0.011763 0.571370
vt 0.011746 0.571372
vt 0.011730 0.571997
vt 0.011716 0.573213
vt 0.011706 0.574958
vt 0.011706 0.585128
vt 0.011716 0.587881
vt 0.011730 0.590438
vt 0.011746 0.592668
vt 0.011763 0.594460
vt 0.011822 0.909398
vt 0.011805 0.018787
vt 0.011810 0.266180
vt 0.011782 0.265595
vt 0.011763 0.265496
vt 0.011746 0.265996
vt 0.011730 0.267067
vt 0.011716 0.268655
vt 0.011706 0.270680
vt 0.013620 0.015591
vt 0.839915 0.835533
vt 0.000000 0.996290
vt 1.000000 0.003710
vt 1.000000 0.005089
vt 1.000000 0.002473
vt 0.998128 0.000000
s 0
f 1/1/1 4/1/1 7/1/1
f 4/1/2 5/1/2 8/1/2 7/1/2
f 5/1/3 6/1/3 9/1/3 8/1/3
f 6/1/4 24/2/4 25/3/4 9/1/4
f 1/1/5 7/1/5 10/1/5
f 7/1/6 8/1/6 11/1/6 10/1/6
f 8/1/7 9/1/7 12/1/7 11/1/7
f 9/1/8 25/3/8 26/4/8 12/1/8
f 27/5/9 12/1/9 26/4/9
f 2/6/10 13/7/10 17/8/10 16/9/10
f 13/7/11 14/10/11 18/11/11 17/8/11
f 14/10/12 15/12/12 19/13/12 18/11/12
f 15/12/13 39/14/13 40/15/13 19/13/13
f 16/9/14 17/8/14 21/16/14 20/17/14
f 17/8/15 18/11/15 22/18/15 21/16/15
f 18/11/16 19/13/16 23/19/16 22/18/16
f 19/13/17 40/15/17 41/20/17 23/19/17
f 20/17/18 21/16/18 25/3/18 24/2/18
f 21/16/19 22/18/19 26/4/19 25/3/19
f 22/18/20 23/19/20 27/5/20 26/4/20
f 23/19/21 41/20/21 42/21/21 27/5/21
f 3/22/22 28/23/22 32/24/22 31/25/22
f 28/23/23 29/26/23 33/27/23 32/24/23
f 29/26/24 30/28/24 34/29/24 33/27/24
f 30/28/25 49/1/25 50/1/25 34/29/25
f 31/25/26 32/24/26 36/30/26 35/31/26
f 32/24/27 33/27/27 37/32/27 36/30/27
f 33/27/28 34/29/28 38/33/28 37/32/28
f 50/1/29 12/1/29 38/33/29
f 34/29/30 50/1/30 38/33/30
f 35/31/31 36/30/31 40/15/31 39/14/31
f 36/30/32 37/32/32 41/20/32 40/15/32
f 37/32/33 38/33/33 42/21/33 41/20/33
f 12/1/34 42/21/34 38/33/34
f 1/1/35 44/1/35 43/1/35
f 1/1/36 45/1/36 44/1/36
f 1/1/37 10/1/37 45/1/37
f 43/1/38 44/1/38 47/1/38 46/1/38
f 44/1/39 45/1/39 48/1/39 47/1/39
f 45/1/40 10/1/40 11/1/40 48/1/40
f 46/1/41 47/1/41 50/1/41 49/1/41
f 47/1/42 48/1/42 12/1/42 50/1/42
f 11/1/43 12/1/43 48/1/43
f 12/1/44 27/5/44 42/21/44
f 54/1/45 57/1/45 51/34/45
f 54/1/46 55/1/46 58/1/46 57/1/46
f 55/1/47 56/1/47 59/1/47 58/1/47
f 56/1/48 74/35/48 75/36/48 59/1/48
f 57/1/49 60/1/49 51/34/49
f 57/1/50 58/1/50 61/1/50 60/1/50
f 58/1/51 59/1/51 62/1/51 61/1/51
f 59/1/52 75/36/52 76/37/52 62/1/52
f 62/1/53 76/37/53 77/38/53
f 52/39/54 63/40/54 67/41/54 66/42/54
f 63/40/55 64/43/55 68/44/55 67/41/55
f 64/43/56 65/45/56 69/46/56 68/44/56
f 65/45/57 89/47/57 90/48/57 69/46/57
f 66/42/58 67/41/58 71/49/58 70/50/58
f 67/41/59 68/44/59 72/51/59 71/49/59
f 68/44/60 69/46/60 73/52/60 72/51/60
f 69/46/61 90/48/61 91/53/61 73/52/61
f 70/50/62 71/49/62 75/36/62 74/35/62
f 71/49/63 72/51/63 76/37/63 75/36/63
f 72/51/64 73/52/64 77/38/64 76/37/64
f 73/52/65 91/53/65 92/54/65 77/38/65
f 53/55/66 78/56/66 82/57/66 81/58/66
f 78/56/67 79/59/67 83/60/67 82/57/67
f 79/59/68 80/61/68 84/62/68 83/60/68
f 80/61/69 99/1/69 100/1/69 84/62/69
f 81/58/70 82/57/70 86/63/70 85/64/70
f 82/57/71 83/60/71 87/65/71 86/63/71
f 83/60/72 84/62/72 88/66/72 87/65/72
f 100/1/73 101/1/73 88/66/73
f 84/62/74 100/1/74 88/66/74
f 85/64/75 86/63/75 90/48/75 89/47/75
f 86/63/76 87/65/76 91/53/76 90/48/76
f 87/65/77 88/66/77 92/54/77 91/53/77
f 101/1/78 92/54/78 88/66/78
f 51/34/79 94/1/79 93/1/79
f 95/1/80 94/1/80 51/34/80
f 60/1/81 95/1/81 51/34/81
f 93/1/82 94/1/82 97/1/82 96/1/82
f 94/1/83 95/1/83 98/1/83 97/1/83
f 60/1/84 61/1/84 98/1/84
f 95/1/85 60/1/85 98/1/85
f 96/1/86 97/1/86 100/1/86 99/1/86
f 97/1/87 98/1/87 101/1/87 100/1/87
f 98/1/88 61/1/88 101/1/88
f 61/1/89 62/1/89 101/1/89
f 62/1/43 77/38/43 101/1/43
f 77/38/90 92/54/90 101/1/90
f 105/1/91 102/67/91 106/1/91
f 102/67/92 107/1/92 106/1/92
f 102/67/81 120/68/81 107/1/81
f 105/1/93 106/1/93 109/1/93 108/1/93
f 106/1/94 107/1/94 110/1/94 109/1/94
f 107/1/95 120/68/95 121/69/95 110/1/95
f 108/1/96 109/1/96 112/1/96 111/1/96
f 109/1/97 110/1/97 113/1/97 112/1/97
f 110/1/98 121/69/98 122/1/98 113/1/98
f 102/67/99 114/70/99 117/71/99
f 114/70/100 115/72/100 118/73/100 117/71/100
f 115/72/101 116/74/101 119/75/101 118/73/101
f 116/74/102 134/76/102 135/77/102 119/75/102
f 102/67/103 117/71/103 120/68/103
f 117/71/104 118/73/104 121/69/104 120/68/104
f 118/73/105 119/75/105 122/78/105 121/69/105
f 119/75/106 135/77/106 136/79/106 122/78/106
f 137/80/107 122/78/107 136/79/107
f 103/81/108 123/82/108 127/83/108 126/84/108
f 123/82/109 124/85/109 128/86/109 127/83/109
f 124/85/110 125/87/110 129/88/110 128/86/110
f 125/87/111 149/89/111 150/90/111 129/88/111
f 126/84/112 127/83/112 131/91/112 130/92/112
f 127/83/113 128/86/113 132/93/113 131/91/113
f 128/86/114 129/88/114 133/94/114 132/93/114
f 129/88/115 150/90/115 151/95/115 133/94/115
f 130/92/116 131/91/116 135/77/116 134/76/116
f 131/91/117 132/93/117 136/79/117 135/77/117
f 132/93/118 133/94/118 137/80/118 136/79/118
f 133/94/119 151/95/119 152/96/119 137/80/119
f 104/97/120 138/98/120 142/99/120 141/100/120
f 138/98/121 139/101/121 143/102/121 142/99/121
f 139/101/122 140/103/122 144/104/122 143/102/122
f 140/103/123 111/1/123 112/1/123 144/104/123
f 141/100/124 142/99/124 146/105/124 145/106/124
f 142/99/125 143/102/125 147/107/125 146/105/125
f 143/102/126 144/104/126 148/108/126 147/107/126
f 112/1/127 113/1/127 148/108/127
f 144/104/128 112/1/128 148/108/128
f 145/106/129 146/105/129 150/90/129 149/89/129
f 146/105/130 147/107/130 151/95/130 150/90/130
f 147/107/131 148/108/131 152/96/131 151/95/131
f 152/96/132 148/108/132 113/1/132
f 113/1/133 122/78/133 137/80/133 152/96/133
f 156/109/134 159/110/134 153/111/134
f 156/109/135 157/112/135 160/113/135 159/110/135
f 157/112/136 158/114/136 161/115/136 160/113/136
f 158/114/137 176/116/137 177/117/137 161/115/137
f 159/110/138 162/118/138 153/111/138
f 159/110/139 160/113/139 163/119/139 162/118/139
f 160/113/140 161/115/140 164/120/140 163/119/140
f 161/115/141 177/117/141 178/121/141 164/120/141
f 164/120/142 178/121/142 179/122/142
f 154/123/143 165/124/143 169/125/143 168/126/143
f 165/124/144 166/127/144 170/128/144 169/125/144
f 166/127/145 167/129/145 171/130/145 170/128/145
f 167/129/146 191/131/146 192/132/146 171/130/146
f 168/126/147 169/125/147 173/133/147 172/134/147
f 169/125/148 170/128/148 174/135/148 173/133/148
f 170/128/149 171/130/149 175/136/149 174/135/149
f 171/130/150 192/132/150 193/137/150 175/136/150
f 172/134/151 173/133/151 177/117/151 176/116/151
f 173/133/152 174/135/152 178/121/152 177/117/152
f 174/135/153 175/136/153 179/122/153 178/121/153
f 175/136/154 193/137/154 194/138/154 179/122/154
f 155/139/155 180/140/155 184/141/155 183/142/155
f 180/140/156 181/143/156 185/144/156 184/141/156
f 181/143/157 182/145/157 186/146/157 185/144/157
f 182/145/158 201/1/158 202/1/158 186/146/158
f 183/142/159 184/141/159 188/147/159 187/148/159
f 184/141/160 185/144/160 189/149/160 188/147/160
f 185/144/161 186/146/161 190/150/161 189/149/161
f 202/1/162 203/1/162 190/150/162
f 186/146/163 202/1/163 190/150/163
f 187/148/164 188/147/164 192/132/164 191/131/164
f 188/147/165 189/149/165 193/137/165 192/132/165
f 189/149/166 190/150/166 194/138/166 193/137/166
f 194/138/167 190/150/167 203/1/167
f 195/1/168 153/111/168 196/1/168
f 197/1/169 196/1/169 153/111/169
f 162/118/170 197/1/170 153/111/170
f 195/1/171 196/1/171 199/1/171 198/1/171
f 196/1/172 197/1/172 200/1/172 199/1/172
f 197/1/173 162/118/173 163/1/173 200/1/173
f 198/1/174 199/1/174 202/1/174 201/1/174
f 199/1/175 200/1/175 203/1/175 202/1/175
f 200/1/176 163/119/176 164/120/176
f 164/120/81 179/122/81 203/1/81
f 179/122/177 194/138/177 203/1/177
f 207/151/81 206/1/81 204/152/81
f 207/1/178 204/152/178 208/1/178
f 219/153/179 208/1/179 204/152/179
f 206/1/180 207/1/180 210/1/180 209/1/180
f 207/1/181 208/1/181 211/1/181 210/1/181
f 220/1/182 208/1/182 219/153/182
f 209/1/183 210/1/183 213/1/183 212/1/183
f 211/1/184 213/1/184 210/1/184
f 212/154/185 232/155/185 233/156/185 218/157/185
f 217/158/186 218/157/186 221/159/186 220/160/186
f 233/156/187 221/159/187 218/157/187
f 221/159/188 234/161/188 235/162/188
f 223/163/189 224/155/189 227/164/189 226/165/189
f 224/155/190 212/1/190 213/1/190 227/164/190
f 222/166/191 225/167/191 229/168/191 228/169/191
f 225/167/192 226/165/192 230/170/192 229/168/192
f 226/165/193 227/164/193 231/171/193 230/170/193
f 213/1/194 214/1/194 231/171/194
f 227/164/195 213/1/195 231/171/195
f 228/169/196 229/168/196 233/156/196 232/155/196
f 229/168/197 230/170/197 234/161/197 233/156/197
f 230/170/198 231/171/198 235/162/198 234/161/198
f 214/1/199 235/162/199 231/171/199
f 214/1/37 221/159/37 235/162/37
f 236/172/200 238/173/200 242/174/200 241/172/200
f 238/173/201 239/175/201 242/174/201
f 239/175/202 243/176/202 242/174/202
f 244/177/203 239/175/203 240/178/203
f 239/175/204 244/177/204 243/176/204
f 240/178/37 259/179/37 260/180/37 244/177/37
f 245/181/205 241/172/205 242/174/205
f 242/174/206 243/176/206 246/182/206 245/181/206
f 243/176/81 244/177/81 246/182/81
f 244/177/81 247/183/81 246/182/81
f 244/177/207 260/180/207 261/184/207 247/183/207
f 262/185/37 247/183/37 261/184/37
f 237/186/208 248/187/208 252/188/208 251/189/208
f 248/187/209 249/190/209 253/191/209 252/188/209
f 249/190/210 250/192/210 254/193/210 253/191/210
f 250/192/37 272/194/37 273/195/37 254/193/37
f 251/189/211 252/188/211 256/196/211 255/197/211
f 252/188/212 253/191/212 257/198/212 256/196/212
f 253/191/213 254/193/213 258/199/213 257/198/213
f 254/193/214 273/195/214 274/1/214 258/199/214
f 255/197/215 256/196/215 260/180/215 259/179/215
f 256/196/216 257/198/216 261/184/216 260/180/216
f 257/198/217 258/199/217 262/200/217 261/184/217
f 258/199/218 274/1/218 275/1/218 262/200/218
f 263/172/219 265/1/219 264/1/219
f 236/172/220 263/172/220 264/1/220
f 265/1/221 263/172/221 266/1/221
f 236/172/222 267/1/222 266/1/222
f 241/172/81 236/172/81 266/1/81
f 245/181/223 267/1/223 236/172/223
f 264/1/224 265/1/224 269/1/224 268/1/224
f 266/1/225 270/1/225 269/1/225
f 265/1/43 266/1/43 269/1/43
f 266/1/226 267/1/226 271/1/226 270/1/226
f 267/1/227 245/181/227 246/182/227 271/1/227
f 268/1/228 269/1/228 273/195/228 272/194/228
f 269/1/225 270/1/225 274/201/225
f 270/1/229 271/1/229 275/1/229 274/1/229
f 247/183/230 275/1/230 271/1/230
f 247/183/231 262/200/231 275/1/231
f 276/202/232 278/203/232 281/204/232
f 278/203/233 279/205/233 282/206/233 281/204/233
f 280/207/234 283/208/234 279/205/234
f 282/206/235 279/205/235 283/208/235
f 280/207/236 299/209/236 300/210/236 283/211/236
f 276/202/237 281/204/237 285/212/237
f 281/204/238 282/206/238 286/213/238
f 283/211/239 287/214/239 286/213/239
f 282/206/240 283/211/240 286/213/240
f 283/211/241 300/210/241 301/215/241 287/214/241
f 302/216/242 287/214/242 301/215/242
f 277/217/243 288/218/243 292/219/243 291/220/243
f 288/218/244 289/221/244 293/222/244 292/219/244
f 294/223/245 293/222/245 290/224/245
f 290/224/246 311/1/246 312/1/246 294/223/246
f 291/220/247 292/219/247 296/225/247 295/226/247
f 292/219/248 293/222/248 297/227/248 296/225/248
f 293/222/249 294/223/249 298/228/249 297/227/249
f 294/223/81 312/1/81 298/228/81
f 312/1/250 313/1/250 298/228/250
f 295/226/251 296/225/251 300/210/251 299/209/251
f 296/225/252 297/227/252 301/215/252 300/210/252
f 297/227/253 298/228/253 302/229/253 301/215/253
f 298/228/43 313/1/43 302/229/43
f 313/1/254 314/230/254 302/229/254
f 276/202/255 284/202/255 304/1/255 303/1/255
f 284/202/256 276/202/256 305/1/256 304/1/256
f 284/202/257 306/1/257 305/1/257
f 276/202/250 284/202/250 305/1/250
f 284/202/258 285/212/258 306/1/258
f 303/1/259 304/1/259 308/1/259 307/231/259
f 304/1/260 305/1/260 309/1/260 308/1/260
f 305/1/81 306/1/81 309/1/81
f 306/1/261 310/1/261 309/1/261
f 306/1/262 285/212/262 286/213/262 310/1/262
f 307/231/263 308/1/263 312/1/263 311/1/263
f 308/1/264 309/1/264 313/1/264 312/1/264
f 310/1/265 314/1/265 313/1/265
f 309/1/254 310/1/254 313/1/254
f 310/1/43 286/1/43 314/1/43
f 286/1/198 287/214/198 314/1/198
f 287/214/250 302/229/250 314/1/250
f 315/232/266 317/233/266 320/234/266
f 317/233/267 318/235/267 321/236/267
f 318/235/268 319/237/268 322/238/268 321/236/268
f 336/239/269 337/240/269 322/238/269
f 319/237/220 336/239/220 322/238/220
f 323/241/270 315/232/270 320/234/270
f 320/234/271 321/236/271 324/242/271 323/241/271
f 322/238/272 325/243/272 321/236/272
f 322/238/273 337/240/273 338/244/273 325/243/273
f 338/244/274 339/245/274 325/243/274
f 326/246/275 327/247/275 330/248/275 329/249/275
f 327/247/276 328/239/276 331/250/276 330/248/276
f 328/239/277 348/1/277 349/1/277 331/250/277
f 326/246/278 329/249/278 333/251/278 332/247/278
f 329/249/279 330/248/279 334/252/279 333/251/279
f 330/248/280 331/250/280 335/244/280 334/252/280
f 349/1/281 350/1/281 335/244/281
f 331/250/282 349/1/282 335/244/282
f 332/247/283 333/251/283 337/240/283 336/239/283
f 333/251/284 334/252/284 338/244/284 337/240/284
f 334/252/285 335/244/285 339/245/285 338/244/285
f 350/1/286 351/1/286 339/245/286
f 335/244/287 350/1/287 339/245/287
f 315/232/288 342/1/288 341/1/288
f 342/1/289 340/232/289 343/1/289
f 315/232/290 323/241/290 343/1/290
f 317/1/291 341/1/291 345/1/291 344/1/291
f 342/1/292 345/1/292 341/1/292
f 342/1/293 343/1/293 347/1/293 346/1/293
f 323/241/294 347/1/294 343/1/294
f 344/1/295 345/1/295 349/1/295 348/1/295
f 350/1/296 349/1/296 346/1/296
f 346/1/297 347/1/297 350/1/297
f 325/243/298 339/245/298 351/1/298
f 353/253/299 354/254/299 357/255/299 356/256/299
f 355/257/300 358/258/300 357/255/300
f 355/257/301 373/259/301 374/260/301 358/258/301
f 353/253/302 356/256/302 360/261/302 359/262/302
f 356/256/303 357/255/303 361/263/303 360/261/303
f 357/255/304 358/258/304 362/264/304 361/263/304
f 375/265/305 362/264/305 358/258/305
f 360/261/306 363/266/306 359/262/306
f 360/261/307 361/267/307 364/268/307
f 366/269/308 365/270/308 362/271/308
f 362/264/37 375/272/37 366/269/37
f 102/67/81 368/273/81 367/274/81
f 102/67/309 369/275/309 368/276/309
f 102/67/310 381/1/310 369/275/310
f 367/274/311 368/276/311 371/277/311 370/278/311
f 368/276/312 369/275/312 372/279/312 371/277/312
f 369/275/313 382/1/313 372/279/313
f 370/278/314 371/277/314 374/260/314 373/259/314
f 371/277/315 372/279/315 375/272/315 374/260/315
f 372/279/316 382/1/316 383/1/316 375/272/316
f 102/67/317 376/1/317 378/1/317
f 370/1/318 379/1/318 378/1/318
f 376/1/319 370/1/319 378/1/319
f 370/1/320 377/1/320 380/1/320 379/1/320
f 377/1/321 363/266/321 364/268/321 380/1/321
f 381/1/322 102/67/322 378/1/322
f 381/1/323 378/1/323 382/1/323
f 379/1/324 380/1/324 383/1/324 382/1/324
f 364/268/264 365/270/264 383/1/264
f 380/1/325 364/268/325 383/1/325
f 365/270/37 366/269/37 383/1/37
f 366/269/326 375/272/326 383/1/326
f 1/1/327 386/1/327 385/1/327
f 1/1/328 387/1/328 386/1/328
f 387/1/329 1/1/329 398/1/329
f 385/1/330 386/1/330 389/1/330 388/1/330
f 389/1/37 387/1/37 390/1/37
f 387/1/331 389/1/331 386/1/331
f 387/1/332 398/1/332 399/1/332 390/1/332
f 389/1/333 392/1/333 391/1/333
f 388/1/334 389/1/334 391/1/334
f 389/1/335 390/1/335 392/1/335
f 390/1/336 393/1/336 392/1/336
f 400/1/337 393/1/337 390/1/337
f 395/1/230 1/1/230 385/1/230
f 385/1/250 396/1/250 395/1/250
f 388/1/338 394/1/338 397/1/338 396/1/338
f 394/1/339 412/280/339 413/281/339 397/1/339
f 1/1/340 395/1/340 398/1/340
f 395/1/341 396/1/341 399/1/341 398/1/341
f 396/1/342 397/1/342 400/1/342
f 397/1/43 413/281/43 414/282/43 400/1/43
f 415/283/343 400/1/343 414/282/343
f 384/284/344 401/285/344 405/286/344 404/287/344
f 401/285/345 402/288/345 406/289/345 405/286/345
f 402/288/81 403/290/81 407/291/81 406/289/81
f 403/290/346 391/1/346 407/291/346
f 391/1/81 392/1/81 407/291/81
f 404/287/347 405/286/347 409/292/347 408/293/347
f 405/286/43 406/289/43 410/294/43 409/292/43
f 406/289/81 407/291/81 411/295/81 410/294/81
f 407/291/348 392/1/348 411/295/348
f 392/1/349 393/1/349 411/295/349
f 408/293/350 409/292/350 413/281/350 412/280/350
f 409/292/351 410/294/351 414/282/351 413/281/351
f 410/294/352 411/295/352 415/283/352 414/282/352
f 415/283/353 411/295/353 393/1/353
f 393/1/81 400/1/81 415/283/81
f 417/1/354 51/34/354 418/1/354
f 419/1/81 418/1/81 51/34/81
f 51/34/322 432/1/322 419/1/322
f 417/1/355 418/1/355 421/1/355 420/1/355
f 418/1/356 419/1/356 422/1/356 421/1/356
f 419/1/357 432/1/357 433/1/357 422/1/357
f 420/1/358 421/1/358 424/1/358 423/1/358
f 421/1/359 422/1/359 425/1/359 424/1/359
f 433/1/360 425/1/360 422/1/360
f 426/1/361 429/1/361 51/34/361
f 426/1/362 427/1/362 430/1/362 429/1/362
f 428/1/363 431/1/363 427/1/363
f 430/1/364 427/1/364 431/1/364
f 428/1/230 445/296/230 431/1/230
f 445/296/365 446/297/365 431/1/365
f 432/1/366 51/34/366 429/1/366
f 429/1/367 430/1/367 433/1/367 432/1/367
f 431/1/368 425/1/368 433/1/368
f 430/1/230 431/1/230 433/1/230
f 431/1/369 446/297/369 447/298/369 425/1/369
f 425/1/370 447/298/370 448/299/370
f 416/300/371 434/301/371 438/302/371 437/303/371
f 434/301/372 435/304/372 439/305/372 438/302/372
f 435/304/373 436/306/373 440/307/373 439/305/373
f 436/306/374 423/1/374 424/1/374 440/307/374
f 437/303/375 438/302/375 442/305/375 441/308/375
f 438/302/376 439/305/376 443/309/376 442/305/376
f 439/305/377 440/307/377 444/310/377 443/309/377
f 424/1/378 425/1/378 444/310/378
f 440/307/379 424/1/379 444/310/379
f 441/308/380 442/305/380 446/297/380 445/296/380
f 442/305/381 443/309/381 447/298/381 446/297/381
f 443/309/382 444/310/382 448/299/382 447/298/382
f 425/1/250 448/299/250 444/310/250
f 450/311/43 153/111/43 451/312/43
f 452/313/383 451/314/383 153/111/383
f 465/1/384 452/313/384 153/111/384
f 451/314/385 454/315/385 450/311/385
f 453/316/386 450/311/386 454/315/386
f 451/314/37 452/313/37 454/315/37
f 455/317/387 452/313/387 466/1/387
f 453/316/388 454/315/388 457/114/388
f 454/315/389 455/317/389 458/318/389 457/114/389
f 455/317/390 466/1/390 467/1/390 458/318/390
f 459/1/391 462/1/391 153/111/391
f 463/1/220 459/1/220 460/1/220
f 460/1/392 461/1/392 464/1/392 463/1/392
f 461/1/393 478/319/393 479/320/393 464/1/393
f 465/1/329 153/111/329 462/1/329
f 462/1/394 466/1/394 465/1/394
f 463/1/395 464/1/395 467/1/395 466/1/395
f 479/320/325 480/321/325 467/1/325
f 464/1/81 479/320/81 467/1/81
f 467/1/396 480/321/396 481/322/396
f 468/323/397 469/324/397 472/325/397 471/326/397
f 469/324/398 470/327/398 473/328/398 472/325/398
f 470/327/399 456/329/399 457/114/399 473/328/399
f 468/323/275 471/326/275 475/330/275 474/331/275
f 476/332/400 475/330/400 472/325/400
f 472/325/230 473/328/230 477/333/230 476/332/230
f 457/114/401 458/334/401 477/333/401
f 473/328/402 457/114/402 477/333/402
f 475/330/403 476/332/403 480/321/403 479/320/403
f 476/332/43 477/333/43 481/322/43 480/321/43
f 458/318/230 481/322/230 477/333/230
f 458/318/37 467/1/37 481/322/37
f 204/1/230 484/1/230 488/1/230 487/1/230
f 484/1/230 485/1/230 489/1/230 488/1/230
f 485/1/404 486/1/404 490/1/404 489/1/404
f 486/1/230 510/1/230 511/1/230 490/1/230
f 487/1/230 488/1/230 492/1/230 491/1/230
f 488/1/404 489/1/404 493/1/404 492/1/404
f 489/1/405 490/1/405 494/1/405 493/1/405
f 490/1/406 511/1/406 512/1/406 494/1/406
f 491/1/230 492/1/230 496/1/230 495/1/230
f 492/1/230 493/1/230 497/1/230 496/1/230
f 493/1/405 494/1/405 498/1/405 497/1/405
f 494/1/404 512/1/404 513/1/404 498/1/404
f 482/335/230 499/336/230 503/337/230 502/338/230
f 499/336/230 500/339/230 504/337/230 503/337/230
f 500/339/230 501/340/230 505/337/230 504/337/230
f 501/340/407 525/341/407 526/342/407 505/337/407
f 502/338/230 503/337/230 507/343/230 506/338/230
f 503/337/404 504/337/404 508/344/404 507/343/404
f 504/337/230 505/337/230 509/337/230 508/344/230
f 505/337/230 526/342/230 527/345/230 509/337/230
f 506/338/230 507/343/230 511/343/230 510/346/230
f 507/343/404 508/344/404 512/347/404 511/343/404
f 508/344/230 509/337/230 513/344/230 512/347/230
f 509/337/408 527/345/408 528/348/408 513/344/408
f 483/349/230 514/350/230 518/351/230 517/352/230
f 514/350/230 515/353/230 519/354/230 518/351/230
f 515/353/230 516/355/230 520/356/230 519/354/230
f 516/355/405 495/357/405 496/337/405 520/356/405
f 517/352/230 518/351/230 522/358/230 521/359/230
f 518/351/230 519/354/230 523/360/230 522/358/230
f 519/354/230 520/356/230 524/361/230 523/360/230
f 520/356/230 496/337/230 497/337/230 524/361/230
f 521/359/230 522/358/230 526/342/230 525/341/230
f 522/358/230 523/360/230 527/345/230 526/342/230
f 523/360/408 524/361/408 528/348/408 527/345/408
f 524/361/409 497/337/409 498/362/409 528/348/409
f 498/362/410 513/344/410 528/348/410
f 236/1/37 531/1/37 535/1/37 534/1/37
f 531/1/37 532/1/37 536/1/37 535/1/37
f 532/1/37 533/1/37 537/1/37 536/1/37
f 533/1/411 557/1/411 558/1/411 537/1/411
f 534/1/37 535/1/37 539/1/37 538/1/37
f 535/1/37 536/1/37 540/1/37 539/1/37
f 536/1/412 537/1/412 541/1/412 540/1/412
f 537/1/37 558/1/37 559/1/37 541/1/37
f 538/1/37 539/1/37 543/1/37 542/1/37
f 539/1/412 540/1/412 544/1/412 543/1/412
f 540/1/37 541/1/37 545/1/37 544/1/37
f 541/1/412 559/1/412 560/1/412 545/1/412
f 529/363/37 546/364/37 550/365/37 549/366/37
f 546/364/413 547/367/413 551/368/413 550/365/413
f 547/367/37 548/369/37 552/370/37 551/368/37
f 548/369/37 572/371/37 573/172/37 552/370/37
f 549/366/412 550/365/412 554/368/412 553/372/412
f 550/365/37 551/368/37 555/373/37 554/368/37
f 551/368/37 552/370/37 556/374/37 555/373/37
f 552/370/37 573/172/37 574/172/37 556/374/37
f 553/372/37 554/368/37 558/172/37 557/375/37
f 554/368/37 555/373/37 559/172/37 558/172/37
f 555/373/37 556/374/37 560/376/37 559/172/37
f 556/374/37 574/172/37 575/172/37 560/376/37
f 530/377/37 561/378/37 565/379/37 564/380/37
f 561/378/414 562/381/414 566/172/414 565/379/414
f 562/381/413 563/382/413 567/172/413 566/172/413
f 563/382/415 542/383/415 543/172/415 567/172/415
f 564/380/37 565/379/37 569/384/37 568/385/37
f 565/379/414 566/172/414 570/172/414 569/384/414
f 566/172/416 567/172/416 571/386/416 570/172/416
f 567/172/37 543/172/37 544/172/37 571/386/37
f 568/385/37 569/384/37 573/172/37 572/371/37
f 569/384/37 570/172/37 574/172/37 573/172/37
f 570/172/413 571/386/413 575/172/413 574/172/413
f 571/386/413 544/172/413 545/172/413 575/172/413
f 545/172/37 560/376/37 575/172/37
f 276/1/37 578/1/37 582/1/37 581/1/37
f 578/1/37 579/1/37 583/1/37 582/1/37
f 579/1/37 580/1/37 584/1/37 583/1/37
f 580/1/37 604/1/37 605/1/37 584/1/37
f 581/1/37 582/1/37 586/1/37 585/1/37
f 582/1/37 583/1/37 587/1/37 586/1/37
f 583/1/417 584/1/417 588/1/417 587/1/417
f 584/1/413 605/1/413 606/1/413 588/1/413
f 585/1/37 586/1/37 590/1/37 589/1/37
f 586/1/411 587/1/411 591/1/411 590/1/411
f 587/1/37 588/1/37 592/1/37 591/1/37
f 588/1/418 606/1/418 607/1/418 592/1/418
f 576/387/37 593/388/37 597/202/37 596/389/37
f 593/388/37 594/390/37 598/202/37 597/202/37
f 594/390/37 595/391/37 599/202/37 598/202/37
f 595/391/37 619/392/37 620/393/37 599/202/37
f 596/389/37 597/202/37 601/202/37 600/389/37
f 597/202/37 598/202/37 602/202/37 601/202/37
f 598/202/37 599/202/37 603/202/37 602/202/37
f 599/202/412 620/393/412 621/394/412 603/202/412
f 600/389/416 601/202/416 605/202/416 604/395/416
f 601/202/37 602/202/37 606/202/37 605/202/37
f 602/202/416 603/202/416 607/396/416 606/202/416
f 603/202/412 621/394/412 622/397/412 607/396/412
f 577/398/37 608/399/37 612/400/37 611/401/37
f 608/399/412 609/402/412 613/403/412 612/400/412
f 609/402/413 610/404/413 614/405/413 613/403/413
f 610/404/37 589/406/37 590/202/37 614/405/37
f 611/401/37 612/400/37 616/407/37 615/408/37
f 612/400/37 613/403/37 617/409/37 616/407/37
f 613/403/37 614/405/37 618/410/37 617/409/37
f 614/405/413 590/202/413 591/202/413 618/410/413
f 615/408/37 616/407/37 620/393/37 619/392/37
f 616/407/37 617/409/37 621/394/37 620/393/37
f 617/409/37 618/410/37 622/397/37 621/394/37
f 618/410/413 591/202/413 592/411/413 622/397/413
f 592/411/419 607/396/419 622/397/419
f 315/1/407 625/1/407 629/1/407 628/1/407
f 625/1/230 626/1/230 630/1/230 629/1/230
f 626/1/405 627/1/405 631/1/405 630/1/405
f 627/1/405 651/1/405 652/1/405 631/1/405
f 628/1/405 629/1/405 633/1/405 632/1/405
f 629/1/230 630/1/230 634/1/230 633/1/230
f 630/1/407 631/1/407 635/1/407 634/1/407
f 631/1/230 652/1/230 653/1/230 635/1/230
f 632/1/230 633/1/230 637/1/230 636/1/230
f 633/1/407 634/1/407 638/1/407 637/1/407
f 634/1/230 635/1/230 639/1/230 638/1/230
f 635/1/230 653/1/230 654/1/230 639/1/230
f 623/412/230 640/413/230 644/414/230 643/415/230
f 640/413/230 641/416/230 645/417/230 644/414/230
f 641/416/230 642/418/230 646/419/230 645/417/230
f 642/418/230 666/420/230 667/232/230 646/419/230
f 643/415/407 644/414/407 648/421/407 647/422/407
f 644/414/230 645/417/230 649/423/230 648/421/230
f 645/417/230 646/419/230 650/424/230 649/423/230
f 646/419/230 667/232/230 668/232/230 650/424/230
f 647/422/230 648/421/230 652/232/230 651/425/230
f 648/421/230 649/423/230 653/232/230 652/232/230
f 649/423/230 650/424/230 654/426/230 653/232/230
f 650/424/406 668/232/406 669/427/406 654/426/406
f 624/428/230 655/429/230 659/232/230 658/430/230
f 655/429/406 656/431/406 660/432/406 659/232/406
f 656/431/230 657/431/230 661/232/230 660/432/230
f 657/431/404 636/433/404 637/432/404 661/232/404
f 658/430/230 659/232/230 663/434/230 662/435/230
f 659/232/230 660/432/230 664/232/230 663/434/230
f 660/432/406 661/232/406 665/232/406 664/232/406
f 661/232/230 637/432/230 638/232/230 665/232/230
f 662/435/230 663/434/230 667/232/230 666/420/230
f 663/434/230 664/232/230 668/232/230 667/232/230
f 664/232/230 665/232/230 669/427/230 668/232/230
f 665/232/404 638/232/404 639/436/404 669/427/404
f 639/436/230 654/426/230 669/427/230
f 670/437/420 673/438/420 677/439/420 676/440/420
f 673/438/421 674/441/421 678/442/421 677/439/421
f 674/441/422 675/443/422 679/444/422 678/442/422
f 675/443/423 699/445/423 700/446/423 679/444/423
f 676/440/424 677/439/424 681/447/424 680/448/424
f 677/439/425 678/442/425 682/449/425 681/447/425
f 678/442/426 679/444/426 683/450/426 682/449/426
f 679/444/427 700/446/427 701/451/427 683/450/427
f 680/448/428 681/447/428 685/452/428 684/453/428
f 681/447/429 682/449/429 686/454/429 685/452/429
f 682/449/430 683/450/430 687/455/430 686/454/430
f 683/450/431 701/451/431 702/456/431 687/455/431
f 671/457/432 688/458/432 692/459/432 691/460/432
f 688/458/433 689/461/433 693/462/433 692/459/433
f 689/461/434 690/463/434 694/464/434 693/462/434
f 690/463/435 714/465/435 715/466/435 694/464/435
f 691/460/436 692/459/436 696/467/436 695/468/436
f 692/459/437 693/462/437 697/469/437 696/467/437
f 693/462/438 694/464/438 698/470/438 697/469/438
f 694/464/439 715/466/439 716/471/439 698/470/439
f 695/468/440 696/467/440 700/446/440 699/445/440
f 696/467/441 697/469/441 701/451/441 700/446/441
f 697/469/442 698/470/442 702/456/442 701/451/442
f 698/470/443 716/471/443 717/472/443 702/456/443
f 672/473/444 703/474/444 707/475/444 706/476/444
f 703/474/445 704/477/445 708/478/445 707/475/445
f 704/477/446 705/479/446 709/480/446 708/478/446
f 705/479/447 684/453/447 685/452/447 709/480/447
f 706/476/448 707/475/448 711/481/448 710/482/448
f 707/475/449 708/478/449 712/483/449 711/481/449
f 708/478/450 709/480/450 713/484/450 712/483/450
f 709/480/451 685/452/451 686/454/451 713/484/451
f 710/482/452 711/481/452 715/466/452 714/465/452
f 711/481/453 712/483/453 716/471/453 715/466/453
f 712/483/454 713/484/454 717/472/454 716/471/454
f 713/484/455 686/454/455 687/455/455 717/472/455
f 687/455/456 702/456/456 717/472/456
f 718/485/457 721/486/457 725/487/457 724/488/457
f 721/486/458 722/489/458 726/490/458 725/487/458
f 722/489/459 723/491/459 727/492/459 726/490/459
f 723/491/460 747/493/460 748/494/460 727/492/460
f 724/488/461 725/487/461 729/495/461 728/488/461
f 725/487/462 726/490/462 730/496/462 729/495/462
f 726/490/463 727/492/463 731/497/463 730/496/463
f 727/492/464 748/494/464 749/498/464 731/497/464
f 728/488/465 729/495/465 733/499/465 732/500/465
f 729/495/466 730/496/466 734/501/466 733/499/466
f 730/496/467 731/497/467 735/502/467 734/501/467
f 731/497/468 749/498/468 750/503/468 735/502/468
f 719/504/469 736/505/469 740/506/469 739/507/469
f 736/505/470 737/508/470 741/509/470 740/506/470
f 737/508/471 738/510/471 742/511/471 741/509/471
f 738/510/472 762/512/472 763/513/472 742/511/472
f 739/507/473 740/506/473 744/514/473 743/515/473
f 740/506/474 741/509/474 745/516/474 744/514/474
f 741/509/475 742/511/475 746/517/475 745/516/475
f 742/511/476 763/513/476 764/518/476 746/517/476
f 743/515/477 744/514/477 748/494/477 747/493/477
f 744/514/478 745/516/478 749/498/478 748/494/478
f 745/516/479 746/517/479 750/503/479 749/498/479
f 746/517/480 764/518/480 765/519/480 750/503/480
f 720/520/481 751/521/481 755/522/481 754/523/481
f 751/521/482 752/524/482 756/525/482 755/522/482
f 752/524/483 753/526/483 757/527/483 756/525/483
f 753/526/484 732/500/484 733/499/484 757/527/484
f 754/523/485 755/522/485 759/528/485 758/529/485
f 755/522/486 756/525/486 760/530/486 759/528/486
f 756/525/487 757/527/487 761/531/487 760/530/487
f 757/527/488 733/499/488 734/501/488 761/531/488
f 758/529/489 759/528/489 763/513/489 762/512/489
f 759/528/490 760/530/490 764/518/490 763/513/490
f 760/530/491 761/531/491 765/519/491 764/518/491
f 761/531/492 734/501/492 735/502/492 765/519/492
f 735/502/493 750/503/493 765/519/493
f 766/532/494 769/533/494 773/534/494 772/535/494
f 769/533/495 770/536/495 774/537/495 773/534/495
f 770/536/496 771/538/496 775/539/496 774/537/496
f 771/538/497 795/540/497 796/541/497 775/539/497
f 772/535/498 773/534/498 777/542/498 776/543/498
f 773/534/499 774/537/499 778/544/499 777/542/499
f 774/537/500 775/539/500 779/545/500 778/544/500
f 775/539/501 796/541/501 797/546/501 779/545/501
f 776/543/502 777/542/502 781/547/502 780/548/502
f 777/542/503 778/544/503 782/549/503 781/547/503
f 778/544/504 779/545/504 783/550/504 782/549/504
f 779/545/505 797/546/505 798/551/505 783/550/505
f 767/552/506 784/553/506 788/554/506 787/555/506
f 784/553/507 785/556/507 789/557/507 788/554/507
f 785/556/508 786/552/508 790/558/508 789/557/508
f 786/552/509 810/559/509 811/560/509 790/558/509
f 787/555/510 788/554/510 792/561/510 791/562/510
f 788/554/511 789/557/511 793/563/511 792/561/511
f 789/557/512 790/558/512 794/564/512 793/563/512
f 790/558/513 811/560/513 812/565/513 794/564/513
f 791/562/514 792/561/514 796/541/514 795/540/514
f 792/561/515 793/563/515 797/546/515 796/541/515
f 793/563/516 794/564/516 798/551/516 797/546/516
f 794/564/517 812/565/517 813/566/517 798/551/517
f 768/567/518 799/568/518 803/569/518 802/570/518
f 799/568/519 800/571/519 804/572/519 803/569/519
f 800/571/520 801/573/520 805/574/520 804/572/520
f 801/573/521 780/548/521 781/547/521 805/574/521
f 802/570/522 803/569/522 807/575/522 806/576/522
f 803/569/523 804/572/523 808/577/523 807/575/523
f 804/572/524 805/574/524 809/578/524 808/577/524
f 805/574/525 781/547/525 782/549/525 809/578/525
f 806/576/526 807/575/526 811/560/526 810/559/526
f 807/575/527 808/577/527 812/565/527 811/560/527
f 808/577/528 809/578/528 813/566/528 812/565/528
f 809/578/529 782/549/529 783/550/529 813/566/529
f 783/550/530 798/551/530 813/566/530
f 814/579/531 817/580/531 821/581/531 820/582/531
f 817/580/532 818/583/532 822/584/532 821/581/532
f 818/583/533 819/585/533 823/586/533 822/584/533
f 819/585/534 843/587/534 844/588/534 823/586/534
f 820/582/535 821/581/535 825/589/535 824/590/535
f 821/581/536 822/584/536 826/591/536 825/589/536
f 822/584/537 823/586/537 827/592/537 826/591/537
f 823/586/538 844/588/538 845/593/538 827/592/538
f 824/590/539 825/589/539 829/594/539 828/595/539
f 825/589/540 826/591/540 830/596/540 829/594/540
f 826/591/541 827/592/541 831/597/541 830/596/541
f 827/592/542 845/593/542 846/598/542 831/597/542
f 815/599/543 832/600/543 836/601/543 835/602/543
f 832/600/544 833/603/544 837/604/544 836/601/544
f 833/603/545 834/605/545 838/606/545 837/604/545
f 834/605/546 858/607/546 859/608/546 838/606/546
f 835/602/547 836/601/547 840/609/547 839/610/547
f 836/601/548 837/604/548 841/611/548 840/609/548
f 837/604/549 838/606/549 842/612/549 841/611/549
f 838/606/550 859/608/550 860/613/550 842/612/550
f 839/610/551 840/609/551 844/588/551 843/587/551
f 840/609/552 841/611/552 845/593/552 844/588/552
f 841/611/553 842/612/553 846/598/553 845/593/553
f 842/612/554 860/613/554 861/614/554 846/598/554
f 816/615/555 847/616/555 851/617/555 850/618/555
f 847/616/556 848/619/556 852/620/556 851/617/556
f 848/619/557 849/621/557 853/622/557 852/620/557
f 849/621/558 828/595/558 829/594/558 853/622/558
f 850/618/559 851/617/559 855/623/559 854/624/559
f 851/617/560 852/620/560 856/625/560 855/623/560
f 852/620/561 853/622/561 857/626/561 856/625/561
f 853/622/562 829/594/562 830/596/562 857/626/562
f 854/624/563 855/623/563 859/608/563 858/607/563
f 855/623/564 856/625/564 860/613/564 859/608/564
f 856/625/565 857/626/565 861/614/565 860/613/565
f 857/626/566 830/596/566 831/597/566 861/614/566
f 831/597/567 846/598/567 861/614/567
f 104/97/254 2/6/254 16/9/254 138/98/254
f 138/98/254 16/9/254 20/17/254 139/101/254
f 139/101/254 20/17/254 24/2/254 140/103/254
f 140/103/254 24/2/254 6/1/254 111/1/254
f 111/1/254 6/1/254 5/1/254 108/1/254
f 108/1/254 5/1/254 4/1/254 105/1/254
f 105/1/254 4/1/254 1/1/254 102/67/254
f 3/22/230 52/39/230 66/42/230 28/23/230
f 28/23/230 66/42/230 70/50/230 29/26/230
f 29/26/230 70/50/230 74/35/230 30/28/230
f 30/28/230 74/35/230 56/1/230 49/1/230
f 49/1/230 56/1/230 55/1/230 46/1/230
f 46/1/230 55/1/230 54/1/230 43/1/230
f 43/1/230 54/1/230 51/34/230 1/1/230
f 53/55/250 154/123/250 168/126/250 78/56/250
f 78/56/250 168/126/250 172/134/250 79/59/250
f 79/59/250 172/134/250 176/116/250 80/61/250
f 80/61/250 176/116/250 158/114/250 99/1/250
f 99/1/250 158/114/250 157/112/250 96/1/250
f 96/1/250 157/112/250 156/109/250 93/1/250
f 93/1/250 156/109/250 153/111/250 51/34/250
f 155/139/413 103/81/413 126/84/413 180/140/413
f 180/140/37 126/84/37 130/92/37 181/143/37
f 181/143/37 130/92/37 134/76/37 182/145/37
f 182/145/37 134/76/37 116/74/37 201/1/37
f 201/1/413 116/74/413 115/72/413 198/1/413
f 198/1/37 115/72/37 114/70/37 195/1/37
f 195/1/413 114/70/413 102/67/413 153/111/413
f 102/67/81 1/1/81 385/1/81 376/1/81
f 376/1/81 385/1/81 388/1/81 370/1/81
f 370/1/81 388/1/81 391/1/81 377/1/81
f 377/1/568 391/1/568 403/290/568 363/266/568
f 363/266/81 403/290/81 402/288/81 359/262/81
f 359/262/81 402/288/81 401/285/81 353/253/81
f 353/253/81 401/285/81 384/284/81 352/627/81
f 1/1/81 51/34/81 417/1/81 385/1/81
f 385/1/81 417/1/81 420/1/81 388/1/81
f 388/1/81 420/1/81 423/1/81 394/1/81
f 394/1/81 423/1/81 436/306/81 412/280/81
f 412/280/81 436/306/81 435/304/81 408/293/81
f 408/293/81 435/304/81 434/301/81 404/287/81
f 404/287/81 434/301/81 416/300/81 384/284/81
f 51/34/81 153/111/81 450/311/81 426/1/81
f 426/1/81 450/311/81 453/316/81 427/1/81
f 427/1/81 453/316/81 456/329/81 428/1/81
f 428/1/569 456/329/569 470/327/569 445/296/569
f 445/296/81 470/327/81 469/324/81 441/308/81
f 441/308/81 469/324/81 468/323/81 437/303/81
f 437/303/81 468/323/81 449/628/81 416/300/81
f 153/111/81 102/67/81 367/274/81 459/1/81
f 459/1/81 367/274/81 370/278/81 460/1/81
f 460/1/81 370/278/81 373/259/81 461/1/81
f 461/1/81 373/259/81 355/257/81 478/319/81
f 478/319/81 355/257/81 354/254/81 474/331/81
f 474/331/81 354/254/81 353/253/81 468/323/81
f 468/323/81 353/253/81 352/627/81 449/628/81
f 205/629/81 237/186/81 251/189/81 222/166/81
f 222/166/81 251/189/81 255/197/81 223/163/81
f 223/163/81 255/197/81 259/179/81 224/155/81
f 224/155/81 259/179/81 240/178/81 212/1/81
f 212/1/568 240/178/568 239/175/568 209/1/568
f 209/1/81 239/175/81 238/173/81 206/1/81
f 206/1/81 238/173/81 236/172/81 204/152/81
f 237/186/81 277/217/81 291/220/81 248/187/81
f 248/187/81 291/220/81 295/226/81 249/190/81
f 249/190/81 295/226/81 299/209/81 250/192/81
f 250/192/81 299/209/81 280/207/81 272/194/81
f 272/194/81 280/207/81 279/205/81 268/1/81
f 268/1/81 279/205/81 278/203/81 264/1/81
f 264/1/81 278/203/81 276/202/81 236/172/81
f 277/217/81 316/630/81 326/246/81 288/218/81
f 288/218/569 326/246/569 332/247/569 289/221/569
f 289/221/81 332/247/81 336/239/81 290/224/81
f 290/224/81 336/239/81 319/237/81 311/1/81
f 311/1/81 319/237/81 318/235/81 307/231/81
f 307/231/81 318/235/81 317/233/81 303/1/81
f 303/1/81 317/233/81 315/232/81 276/202/81
f 316/630/81 205/629/81 222/166/81 326/246/81
f 326/246/81 222/166/81 228/169/81 327/247/81
f 327/247/81 228/169/81 232/155/81 328/239/81
f 328/239/81 232/155/81 212/154/81 348/1/81
f 348/1/81 212/154/81 216/631/81 344/1/81
f 344/1/81 216/631/81 215/632/81 317/1/81
f 317/1/81 215/632/81 204/152/81 315/232/81
f 340/232/230 315/232/230 647/422/230
f 340/232/37 647/422/37 651/633/37 315/232/37
f 608/399/570 276/202/570 284/202/570 609/402/570
f 609/402/571 284/202/571 610/404/571
f 589/406/230 610/404/230 284/202/230
f 276/1/81 585/1/81 284/1/81
f 585/1/43 276/1/43 581/1/43
f 276/1/81 284/1/81 581/1/81
f 581/1/81 284/1/81 276/1/81
f 263/172/572 236/172/572 549/366/572
f 263/172/573 549/366/573 553/372/573 241/172/573
f 241/172/43 553/372/43 557/375/43 236/172/43
f 236/172/81 557/375/81 533/634/81 241/172/81
f 241/172/81 532/635/81 531/636/81
f 241/172/43 531/636/43 236/172/43
f 204/152/574 515/353/574 514/350/574
f 204/152/575 516/355/575 515/353/575
f 495/357/570 516/355/570 204/152/570
f 1784/637/576 1785/638/576 655/429/576
f 1793/639/577 1794/640/577 656/431/577
f 1683/641/578 1684/642/578 657/431/578
f 1796/643/579 576/387/579 1797/644/579
f 1730/645/580 596/389/580 1731/646/580
f 1798/647/581 600/389/581 1799/648/581
f 1732/649/582 604/395/582 580/650/582 1733/651/582
f 1733/651/583 580/650/583 579/650/583 1715/652/583
f 1715/652/584 579/650/584 578/650/584 1692/653/584
f 1692/653/585 578/650/585 276/202/585 1734/654/585
f 1685/655/586 1686/656/586 561/378/586
f 1694/657/587 1695/658/587 562/381/587
f 1716/659/588 1717/660/588 563/382/588
f 1697/661/589 482/335/589 1698/662/589
f 1767/663/590 502/338/590 1768/664/590
f 1699/665/591 506/338/591 1700/666/591
f 1769/667/592 510/346/592 486/668/592 1770/669/592
f 1770/669/593 486/668/593 485/668/593 1756/670/593
f 1756/670/594 485/668/594 484/668/594 1736/671/594
f 1736/671/595 484/668/595 204/152/595 1737/672/595
f 670/437/596 718/485/596 724/488/596 673/438/596
f 673/438/597 724/488/597 728/488/597 674/441/597
f 674/441/598 728/488/598 732/500/598 675/443/598
f 675/443/599 732/500/599 753/526/599 699/445/599
f 699/445/600 753/526/600 752/524/600 695/468/600
f 695/468/601 752/524/601 751/521/601 691/460/601
f 691/460/602 751/521/602 720/520/602 671/457/602
f 719/504/603 766/532/603 772/535/603 736/505/603
f 736/505/604 772/535/604 776/543/604 737/508/604
f 737/508/605 776/543/605 780/548/605 738/510/605
f 738/510/606 780/548/606 801/573/606 762/512/606
f 762/512/607 801/573/607 800/571/607 758/529/607
f 758/529/608 800/571/608 799/568/608 754/523/608
f 754/523/609 799/568/609 768/567/609 720/520/609
f 767/552/610 814/579/610 820/582/610 784/553/610
f 784/553/611 820/582/611 824/590/611 785/556/611
f 785/556/612 824/590/612 828/595/612 786/552/612
f 786/552/613 828/595/613 849/621/613 810/559/613
f 810/559/614 849/621/614 848/619/614 806/576/614
f 806/576/615 848/619/615 847/616/615 802/570/615
f 802/570/616 847/616/616 816/615/616 768/567/616
f 815/599/617 672/473/617 706/476/617 832/600/617
f 832/600/618 706/476/618 710/482/618 833/603/618
f 833/603/619 710/482/619 714/465/619 834/605/619
f 834/605/620 714/465/620 690/463/620 858/607/620
f 858/607/621 690/463/621 689/461/621 854/624/621
f 854/624/622 689/461/622 688/458/622 850/618/622
f 850/618/623 688/458/623 671/457/623 816/615/623
f 576/387/624 767/552/624 593/388/624
f 767/552/625 787/555/625 593/388/625
f 593/388/626 787/555/626 594/390/626
f 787/555/627 791/562/627 594/390/627
f 594/390/628 791/562/628 795/540/628 595/391/628
f 595/391/629 795/540/629 771/538/629 619/392/629
f 619/392/630 771/538/630 770/536/630 615/408/630
f 615/408/631 770/536/631 769/533/631 611/401/631
f 611/401/632 769/533/632 766/532/632 577/398/632
f 718/485/633 530/377/633 721/486/633
f 530/377/634 564/380/634 721/486/634
f 721/486/635 564/380/635 722/489/635
f 564/380/636 568/385/636 722/489/636
f 722/489/637 568/385/637 572/371/637 723/491/637
f 723/491/638 572/371/638 548/369/638 747/493/638
f 747/493/639 548/369/639 547/367/639 743/515/639
f 743/515/640 547/367/640 546/364/640 739/507/640
f 739/507/641 546/364/641 529/363/641 719/504/641
f 623/412/642 815/599/642 835/602/642 640/413/642
f 640/413/643 835/602/643 839/610/643 641/416/643
f 641/416/644 839/610/644 843/587/644 642/418/644
f 642/418/645 843/587/645 819/585/645 666/420/645
f 666/420/646 819/585/646 818/583/646 662/435/646
f 662/435/647 818/583/647 658/430/647
f 818/583/648 817/580/648 658/430/648
f 658/430/649 817/580/649 624/428/649
f 817/580/650 814/579/650 624/428/650
f 672/473/651 483/349/651 517/352/651 703/474/651
f 703/474/652 517/352/652 521/359/652 704/477/652
f 704/477/653 521/359/653 525/341/653 705/479/653
f 705/479/654 525/341/654 501/340/654 684/453/654
f 684/453/655 501/340/655 500/339/655 680/448/655
f 680/448/656 500/339/656 676/440/656
f 500/339/657 499/336/657 676/440/657
f 676/440/658 499/336/658 670/437/658
f 499/336/659 482/335/659 670/437/659
f 1701/673/254 1690/674/254 2/6/254 1549/673/254
f 482/335/250 502/338/250 506/338/250 510/346/250 486/668/250 485/668/250 484/668/250 204/152/250 236/172/250 534/675/250 538/676/250 542/383/250 563/382/250 562/381/250 561/378/250 530/377/250
f 205/629/81 316/630/81 449/628/81 352/627/81
f 237/186/81 205/629/81 352/627/81 384/284/81
f 277/217/81 237/186/81 384/284/81 416/300/81
f 596/389/254 600/389/254 604/395/254 580/650/254 579/650/254 578/650/254 276/202/254 315/232/254 628/677/254 632/678/254 636/433/254 657/431/254 656/431/254 655/429/254 624/428/254 576/387/254
f 316/630/81 277/217/81 416/300/81 449/628/81
f 482/335/250 530/377/250 718/485/250 670/437/250
f 1344/679/250 1330/680/250 1328/681/250
f 1362/682/250 1366/683/250 1364/684/250
f 1314/685/250 1298/686/250 1300/687/250
f 1440/688/250 1436/689/250 1438/690/250
f 1402/691/250 1400/692/250 1396/693/250
f 1378/694/254 1362/682/254 1364/684/254
f 1346/695/254 1344/679/254 1328/681/254
f 1296/696/254 1314/685/254 1300/687/254
f 1440/688/254 1438/690/254 1442/697/254
f 1402/691/254 1396/693/254 1398/698/254
f 1582/699/660 1573/700/660 1571/701/660 1567/702/660 1565/703/660 1559/704/660 1557/705/660 1553/706/660 1551/707/660 1555/708/660 1563/709/660 1561/710/660 1580/711/660 1569/712/660 1577/713/660 529/363/660 546/364/660 547/367/660 548/369/660 572/371/660 568/385/660 564/380/660 530/377/660 482/335/660 499/336/660 500/339/660 501/340/660 525/341/660 521/359/660 517/352/660 483/349/660 623/412/660 1255/714/660 1257/715/660 1266/716/660 1265/717/660 1253/718/660 1252/719/660 1251/720/660 1250/721/660 1249/722/660 1248/723/660 1247/724/660 1610/725/660 1593/726/660 1595/727/660 1587/728/660 1614/729/660 1576/730/660 1578/731/660 1570/732/660 1581/733/660 1562/734/660 1564/735/660 1556/736/660 1552/737/660 1554/738/660 1558/739/660 1560/740/660 1566/741/660 1568/742/660 1572/743/660 1574/744/660 1583/745/660
f 1583/745/43 1585/746/43 1589/747/43 1591/748/43 1613/749/43 1598/750/43 1609/751/43 1605/752/43 1600/753/43 1602/754/43 1606/755/43 1599/756/43 1610/725/43 1247/724/43 1239/757/43 1241/758/43 1240/759/43 1246/760/43 1242/761/43 1245/762/43 1244/763/43 1243/764/43 1264/765/43 1254/766/43 1256/767/43 577/398/43 529/363/43 1577/713/43 1575/768/43 1579/769/43 1586/770/43 1594/771/43 1592/772/43 1611/773/43 1596/774/43 1607/775/43 1603/776/43 1601/777/43 1604/778/43 1608/779/43 1597/780/43 1612/781/43 1590/782/43 1588/783/43 1584/784/43 1582/699/43
f 1255/714/661 623/412/661 640/413/661 641/416/661 642/418/661 666/420/661 662/435/661 658/430/661 624/428/661 576/387/661 593/388/661 594/390/661 595/391/661 619/392/661 615/408/661 611/401/661 577/398/661 1256/767/661 1263/785/661 1258/786/661 1259/787/661 1260/788/661 1261/789/661 1262/790/661
f 623/412/230 483/349/230 672/473/230 815/599/230
f 529/363/37 577/398/37 766/532/37 719/504/37
f 576/387/254 624/428/254 814/579/254 767/552/254
f 1292/791/81 1284/792/81 768/567/81 816/615/81 1286/793/81 1291/794/81 1287/795/81 1289/796/81 1288/797/81 1290/798/81
f 1646/799/81 1647/800/81 1649/801/81 1653/802/81 1655/803/81 1656/804/81 1661/805/81 1663/806/81 1667/807/81 1670/808/81 1673/809/81 1675/810/81 1665/811/81 1677/812/81 1657/813/81 1659/814/81 1650/815/81 1643/816/81 1639/817/81 1641/818/81 720/520/81 768/567/81 1284/792/81 1285/819/81 1293/820/81 1271/821/81 1272/822/81 1273/823/81 1270/824/81 1274/825/81 1268/826/81 1269/827/81 1267/828/81 1275/829/81 1276/830/81 1277/831/81 1676/832/81 1666/833/81 1674/834/81 1672/835/81 1669/836/81 1671/837/81 1668/838/81 1664/839/81 1662/840/81 1654/841/81 1652/842/81 1648/843/81
f 1647/800/81 1646/799/81 1637/844/81 1635/845/81 1631/846/81 1629/847/81 1623/848/81 1621/849/81 1617/850/81 1616/851/81 1620/852/81 1628/853/81 1626/854/81 1645/855/81 1634/856/81 1642/857/81 1640/858/81 1678/859/81 1651/860/81 1660/861/81 1658/862/81 1676/832/81 1277/831/81 1278/863/81 1279/864/81 1280/865/81 1282/866/81 1281/867/81 1294/868/81 1283/869/81 1286/793/81 816/615/81 671/457/81 720/520/81 1641/818/81 1633/870/81 1644/871/81 1625/872/81 1627/873/81 1619/874/81 1615/875/81 1618/876/81 1622/877/81 1624/878/81 1630/879/81 1632/880/81 1636/881/81 1638/882/81
s 1
f 870/883/662 871/884/662 877/885/662 876/886/662
f 883/887/663 882/888/663 886/889/663 887/890/663
f 875/891/664 874/892/664 872/893/664 873/894/664
f 864/895/665 865/896/665 863/897/665 862/898/665
f 873/894/666 872/893/666 884/899/666 885/900/666
s 0
f 1743/901/230 1818/902/230 883/903/230 938/904/230
s 1
f 885/905/667 884/906/667 866/907/667 867/908/667
f 890/909/43 891/910/43 881/911/43 880/912/43
f 862/898/668 863/897/668 871/884/668 870/883/668
f 888/913/669 889/914/669 891/910/669 890/909/669
f 869/915/670 868/916/670 880/912/670 881/911/670
f 887/890/671 886/889/671 874/892/671 875/891/671
f 876/886/672 877/885/672 893/917/672 892/918/672
f 1818/919/250 1821/920/250 882/888/250 883/887/250
f 867/908/673 866/907/673 868/916/673 869/915/673
f 892/918/674 893/917/674 889/914/674 888/913/674
f 878/921/675 879/922/675 865/896/675 864/895/675
f 956/923/676 955/924/676 961/925/676 962/926/676
f 962/926/677 961/925/677 947/927/677 948/928/677
f 926/929/678 925/930/678 943/931/678 944/932/678
f 935/933/679 936/934/679 900/935/679 899/936/679
f 960/937/680 959/938/680 955/924/680 956/923/680
f 942/939/681 941/940/681 923/941/681 924/942/681
f 924/942/682 923/941/682 921/943/682 922/944/682
f 951/945/683 952/946/683 946/947/683 945/948/683
s 0
f 1831/949/37 1780/950/37 103/81/37 913/949/37
s 1
f 907/951/684 908/952/684 910/953/684 909/954/684
f 940/955/685 939/956/685 927/957/685 928/958/685
f 897/959/686 898/960/686 916/961/686 915/962/686
f 937/963/687 938/964/687 934/965/687 933/966/687
f 957/967/688 958/968/688 952/946/688 951/945/688
f 928/958/689 927/957/689 931/969/689 932/970/689
f 917/971/690 918/972/690 920/973/690 919/974/690
f 945/948/43 946/947/43 922/944/43 921/943/43
f 1830/975/250 1831/976/250 913/977/250 914/978/250
f 919/974/691 920/973/691 906/979/691 905/980/691
f 950/981/692 949/982/692 903/983/692 904/984/692
f 899/936/693 900/935/693 898/960/693 897/959/693
f 944/932/694 943/931/694 939/956/694 940/955/694
f 911/985/695 912/986/695 936/934/695 935/933/695
f 905/980/696 906/979/696 908/952/696 907/951/696
f 904/984/697 903/983/697 929/987/697 930/988/697
f 895/989/698 896/990/698 912/986/698 911/985/698
f 948/928/699 947/927/699 949/982/699 950/981/699
f 914/978/700 913/977/700 953/991/700 954/992/700
f 901/993/701 902/994/701 958/968/701 957/967/701
f 932/970/702 931/969/702 941/940/702 942/939/702
f 933/966/703 934/965/703 896/990/703 895/989/703
f 930/995/704 929/996/704 925/930/704 926/929/704
f 1718/997/254 1743/998/254 938/964/254 937/963/254
f 954/992/705 953/991/705 959/938/705 960/937/705
f 909/954/706 910/953/706 902/994/706 901/993/706
f 915/962/707 916/961/707 918/972/707 917/971/707
f 978/999/673 977/1000/673 981/1001/673 982/1002/673
f 970/1003/664 969/1004/664 979/1005/664 980/1006/664
f 980/1006/666 979/1005/666 975/1007/666 976/1008/666
f 963/1009/662 964/1010/662 968/1011/662 967/1012/662
f 982/1002/670 981/1001/670 990/1013/670 991/1014/670
f 983/1015/665 984/1016/665 966/1017/665 965/1018/665
f 992/1019/43 993/1020/43 991/1014/43 990/1013/43
f 972/1021/671 971/1022/671 969/1004/671 970/1003/671
f 965/1018/668 966/1017/668 964/1010/668 963/1009/668
f 989/1023/663 987/1024/663 971/1022/663 972/1021/663
f 994/1025/669 995/1026/669 993/1020/669 992/1019/669
f 967/1012/672 968/1011/672 974/1027/672 973/1028/672
f 976/1029/667 975/1030/667 977/1000/667 978/999/667
f 973/1028/674 974/1027/674 995/1026/674 994/1025/674
f 985/1031/675 986/1032/675 984/1016/675 983/1015/675
f 1012/1033/673 1011/1034/673 1015/1035/673 1016/1036/673
f 1004/1037/664 1003/1038/664 1013/1039/664 1014/1040/664
f 1014/1040/666 1013/1039/666 1009/1041/666 1010/1042/666
f 997/1043/662 998/1044/662 1002/1045/662 1001/1046/662
f 1016/1036/670 1015/1035/670 1024/1047/670 1025/1048/670
f 1017/1049/665 1018/1050/665 1000/1051/665 999/1052/665
f 1026/1053/43 1027/1054/43 1025/1048/43 1024/1047/43
s 0
f 1826/1055/37 1772/1056/37 1019/1057/37 1055/1058/37
s 1
f 1006/1059/671 1005/1060/671 1003/1038/671 1004/1037/671
f 999/1052/668 1000/1051/668 998/1044/668 997/1043/668
f 1023/1061/663 1021/1062/663 1005/1060/663 1006/1059/663
f 1028/1063/669 1029/1064/669 1027/1054/669 1026/1053/669
f 1001/1046/672 1002/1045/672 1008/1065/672 1007/1066/672
f 1010/1067/667 1009/1068/667 1011/1034/667 1012/1033/667
f 1007/1066/674 1008/1065/674 1029/1064/674 1028/1063/674
f 1019/1069/675 1020/1070/675 1018/1050/675 1017/1049/675
f 1046/1071/673 1045/1072/673 1049/1073/673 1050/1074/673
s 0
f 1814/1075/37 1802/1076/37 1053/1077/37 1090/1078/37
s 1
f 1038/1079/664 1037/1080/664 1047/1081/664 1048/1082/664
f 1048/1082/666 1047/1081/666 1043/1083/666 1044/1084/666
f 1031/1085/662 1032/1086/662 1036/1087/662 1035/1088/662
f 1050/1074/670 1049/1073/670 1058/1089/670 1059/1090/670
f 1051/1091/665 1052/1092/665 1034/1093/665 1033/1094/665
f 1060/1095/43 1061/1096/43 1059/1090/43 1058/1089/43
f 1040/1097/671 1039/1098/671 1037/1080/671 1038/1079/671
f 1033/1094/668 1034/1093/668 1032/1086/668 1031/1085/668
f 1057/1099/663 1055/1100/663 1039/1098/663 1040/1097/663
f 1062/1101/669 1063/1102/669 1061/1096/669 1060/1095/669
f 1035/1088/672 1036/1087/672 1042/1103/672 1041/1104/672
f 1044/1105/667 1043/1106/667 1045/1072/667 1046/1071/667
f 1041/1104/674 1042/1103/674 1063/1102/674 1062/1101/674
f 1053/1107/675 1054/1108/675 1052/1092/675 1051/1091/675
f 1080/1109/673 1079/1110/673 1083/1111/673 1084/1112/673
f 1725/1113/254 1739/1114/254 1089/1115/254 1088/1116/254
f 1072/1117/664 1071/1118/664 1081/1119/664 1082/1120/664
f 1085/1121/666 1082/1120/666 1081/1119/666 1077/1122/666 1078/1123/666
f 1065/1124/662 1066/1125/662 1070/1126/662 1069/1127/662
f 1084/1112/670 1083/1111/670 1092/1128/670 1093/1129/670
f 1086/1130/665 1087/1131/665 1068/1132/665 1067/1133/665
f 1098/1134/43 1093/1129/43 1092/1128/43 1094/1135/43 1095/1136/43
f 1074/1137/671 1073/1138/671 1071/1118/671 1072/1117/671
f 1067/1133/668 1068/1132/668 1066/1125/668 1065/1124/668
f 1091/1139/663 1090/1140/663 1073/1138/663 1074/1137/663
f 1096/1141/669 1097/1142/669 1095/1136/669 1094/1135/669
f 1069/1127/672 1070/1126/672 1076/1143/672 1075/1144/672
f 1078/1145/667 1077/1146/667 1079/1110/667 1080/1109/667
f 1815/1147/250 1814/1148/250 1090/1140/250 1091/1139/250
f 1075/1144/674 1076/1143/674 1097/1142/674 1096/1141/674
f 1088/1116/675 1089/1115/675 1087/1131/675 1086/1130/675
f 1114/1149/708 1113/1150/708 1115/1151/708 1116/1152/708
f 1108/1153/709 1107/1154/709 1109/1155/709 1110/1156/709
f 1110/1156/710 1109/1155/710 1111/1157/710 1112/1158/710
f 1127/1159/711 1128/1160/711 1126/1161/711 1125/1162/711
f 1101/1163/712 1102/1164/712 1106/1165/712 1105/1166/712
f 1116/1152/713 1115/1151/713 1117/1167/713 1118/1168/713
f 1102/1164/230 1101/1163/230 1099/1169/230 1100/1170/230
f 1131/1171/714 1132/1172/714 1134/1173/714 1133/1174/714
f 1119/1175/43 1120/1176/43 1118/1168/43 1117/1167/43
s 0
f 1103/1177/250 1099/1178/250 154/123/250 53/55/250 1135/1179/250 1137/1180/250 1131/1181/250 1133/1182/250 1127/1183/250 1125/1184/250 1123/1185/250 1121/1186/250 1119/1187/250 1117/1188/250 1115/1189/250 1113/1190/250 1111/1191/250 1109/1192/250 1107/1193/250
s 1
f 1104/1194/715 1103/1195/715 1107/1154/715 1108/1153/715
f 1135/1196/37 1136/1197/37 1138/1198/37 1137/1199/37
f 1133/1174/716 1134/1173/716 1128/1160/716 1127/1159/716
f 1100/1170/717 1099/1169/717 1103/1195/717 1104/1194/717
f 1121/1200/718 1122/1201/718 1120/1176/718 1119/1175/718
f 1125/1202/719 1126/1203/719 1124/1204/719 1123/1205/719
f 1112/1206/720 1111/1207/720 1113/1150/720 1114/1149/720
f 1123/1205/721 1124/1204/721 1122/1201/721 1121/1200/721
f 1137/1199/722 1138/1198/722 1132/1172/722 1131/1171/722
f 1136/1197/723 1135/1196/723 1129/1208/723 1130/1209/723
f 1199/1210/724 1200/1211/724 1206/1212/724 1205/1213/724
f 1205/1213/677 1206/1212/677 1192/1214/677 1191/1215/677
f 1169/1216/678 1170/1217/678 1188/1218/678 1187/1219/678
f 1180/1220/725 1179/1221/725 1143/1222/725 1144/1223/725
f 1203/1224/680 1204/1225/680 1200/1211/680 1199/1210/680
f 1185/1226/681 1186/1227/681 1168/1228/681 1167/1229/681
f 1167/1229/682 1168/1228/682 1166/1230/682 1165/1231/682
f 1196/1232/683 1195/1233/683 1189/1234/683 1190/1235/683
f 1152/1236/684 1151/1237/684 1153/1238/684 1154/1239/684
f 1183/1240/685 1184/1241/685 1172/1242/685 1171/1243/685
f 1142/1244/686 1141/1245/686 1159/1246/686 1160/1247/686
f 1182/1248/687 1181/1249/687 1177/1250/687 1178/1251/687
f 1202/1252/688 1201/1253/688 1195/1233/688 1196/1232/688
f 1171/1243/689 1172/1242/689 1176/1254/689 1175/1255/689
f 1162/1256/690 1161/1257/690 1163/1258/690 1164/1259/690
f 1190/1235/43 1189/1234/43 1165/1231/43 1166/1230/43
f 1164/1259/691 1163/1258/691 1149/1260/691 1150/1261/691
f 1193/1262/692 1194/1263/692 1148/1264/692 1147/1265/692
f 1144/1223/693 1143/1222/693 1141/1245/693 1142/1244/693
f 1187/1219/694 1188/1218/694 1184/1241/694 1183/1240/694
f 1156/1266/695 1155/1267/695 1179/1221/695 1180/1220/695
f 1150/1261/696 1149/1260/696 1151/1237/696 1152/1236/696
f 1147/1265/726 1148/1264/726 1174/1268/726 1173/1269/726
f 1140/1270/698 1139/1271/698 1155/1267/698 1156/1266/698
f 1191/1215/699 1192/1214/699 1194/1263/699 1193/1262/699
f 1157/1272/700 1158/1273/700 1198/1274/700 1197/1275/700
f 1146/1276/701 1145/1277/701 1201/1253/701 1202/1252/701
f 1175/1255/702 1176/1254/702 1186/1227/702 1185/1226/702
f 1178/1251/703 1177/1250/703 1139/1271/703 1140/1270/703
f 1173/1278/704 1174/1279/704 1170/1217/704 1169/1216/704
f 1761/1280/254 1738/1281/254 1181/1249/254 1182/1248/254
f 1197/1275/705 1198/1274/705 1204/1225/705 1203/1224/705
f 1154/1239/706 1153/1238/706 1145/1277/706 1146/1276/706
f 1160/1247/727 1159/1246/727 1161/1257/727 1162/1256/727
f 1221/1282/673 1222/1283/673 1226/1284/673 1225/1285/673
f 1757/1286/254 1229/1287/254 1230/1288/254 1771/1289/254
f 1213/1290/664 1214/1291/664 1224/1292/664 1223/1293/664
f 1223/1293/666 1224/1292/666 1220/1294/666 1219/1295/666
f 1208/1296/662 1207/1297/662 1211/1298/662 1212/1299/662
f 1225/1285/670 1226/1284/670 1234/1300/670 1233/1301/670
f 1228/1302/665 1227/1303/665 1209/1304/665 1210/1305/665
f 1236/1306/43 1235/1307/43 1233/1301/43 1234/1300/43
f 1215/1308/671 1216/1309/671 1214/1291/671 1213/1290/671
f 1210/1305/668 1209/1304/668 1207/1297/668 1208/1296/668
f 1231/1310/663 1232/1311/663 1216/1309/663 1215/1308/663
f 1238/1312/669 1237/1313/669 1235/1307/669 1236/1306/669
f 1212/1299/672 1211/1298/672 1217/1314/672 1218/1315/672
f 1219/1316/667 1220/1317/667 1222/1283/667 1221/1282/667
f 1786/1318/250 1806/1319/250 1232/1311/250 1231/1310/250
f 1218/1315/674 1217/1314/674 1237/1313/674 1238/1312/674
f 1230/1288/675 1229/1287/675 1227/1303/675 1228/1302/675
s 0
f 1527/1320/710 1528/1321/710 1524/1322/710 1523/1323/710
f 1305/1324/720 1306/1325/720 1302/1326/720 1301/1327/720
f 1391/1328/717 1392/1329/717 1390/1330/717 1389/1331/717
f 1540/1332/721 1539/1333/721 1535/1334/721 1536/1335/721
f 1327/1336/254 1329/1337/254 1343/1338/254
f 1363/1339/254 1365/1340/254 1361/1341/254
f 1519/1342/254 1537/1343/254 1535/1344/254
f 1501/1345/254 1503/1346/254 1505/1347/254
f 1473/1348/254 1469/1349/254 1471/1350/254
f 1441/1351/254 1437/1352/254 1435/1353/254
f 1397/1354/254 1395/1355/254 1399/1356/254
f 1327/1336/250 1343/1338/250 1345/1357/250
f 1363/1339/250 1361/1341/250 1377/1358/250
f 1525/1359/250 1519/1342/250 1535/1344/250
f 1487/1360/250 1501/1345/250 1505/1347/250
f 1455/1361/250 1473/1348/250 1471/1350/250
f 1441/1351/250 1435/1353/250 1439/1362/250
f 1397/1354/250 1399/1356/250 1401/1363/250
f 1307/1331/715 1308/1330/715 1310/1364/715 1309/1365/715
f 1546/1366/714 1545/1367/714 1547/1368/714 1548/1369/714
f 1417/1324/720 1418/1325/720 1420/1326/720 1419/1327/720
f 1423/1320/710 1424/1321/710 1418/1322/710 1417/1323/710
f 1459/1365/709 1460/1364/709 1458/1321/709 1457/1320/709
f 1533/1328/717 1534/1329/717 1532/1330/717 1531/1331/717
f 1544/1370/711 1543/1371/711 1541/1372/711 1542/1373/711
f 1510/1374/719 1509/1375/719 1507/1333/719 1508/1332/719
f 1762/1376/250 1813/1377/250 1312/1378/250
f 1311/1328/717 1312/1329/717 1308/1330/717 1307/1331/717
f 1525/1379/713 1526/1380/713 1520/1381/713 1519/1382/713
f 1335/1324/720 1336/1325/720 1332/1326/720 1331/1327/720
f 1413/1365/709 1414/1364/709 1412/1321/709 1411/1320/709
f 1354/1374/719 1353/1375/719 1347/1333/719 1348/1332/719
f 1296/1335/718 1295/1334/718 1313/1383/718 1314/1384/718
f 1529/1365/709 1530/1364/709 1528/1321/709 1527/1320/709
f 1523/1324/720 1524/1325/720 1522/1326/720 1521/1327/720
f 1536/1335/718 1535/1334/718 1537/1383/718 1538/1384/718
f 1542/1374/719 1541/1375/719 1539/1333/719 1540/1332/719
f 1324/1366/714 1323/1367/714 1321/1368/714 1322/1369/714
f 1508/1332/721 1507/1333/721 1505/1334/721 1506/1335/721
f 1410/1374/719 1409/1375/719 1403/1333/719 1404/1332/719
f 1378/1335/718 1377/1334/718 1361/1383/718 1362/1384/718
f 1375/1328/717 1376/1329/717 1360/1330/717 1359/1331/717
f 1788/1385/37 1774/1386/37 1393/1387/37 1394/1388/37
f 1493/1365/709 1494/1364/709 1490/1321/709 1489/1320/709
f 1789/1389/37 1773/1390/37 1357/1387/37 1358/1388/37
f 1516/1366/714 1515/1367/714 1511/1368/714 1512/1369/714
f 1428/1366/714 1427/1367/714 1421/1368/714 1422/1369/714
f 1405/1327/708 1406/1326/708 1398/1380/708 1397/1379/708
f 1422/1369/716 1421/1368/716 1415/1371/716 1416/1370/716
f 1758/1391/37 1745/1392/37 1499/1387/37 1500/1388/37
f 1748/1393/230 1759/1394/230 1468/1329/230 1467/1328/230
f 1362/1384/81 1361/1383/81 1365/1382/81 1366/1381/81
f 1373/1365/709 1374/1364/709 1372/1321/709 1371/1320/709
f 1407/1324/720 1408/1325/720 1406/1326/720 1405/1327/720
f 1303/1320/710 1304/1321/710 1306/1322/710 1305/1323/710
f 1461/1331/715 1462/1330/715 1460/1364/715 1459/1365/715
f 1472/1335/718 1471/1334/718 1469/1383/718 1470/1384/718
f 1359/1331/715 1360/1330/715 1374/1364/715 1373/1365/715
f 1431/1328/717 1432/1329/717 1434/1330/717 1433/1331/717
f 1538/1384/81 1537/1383/81 1519/1382/81 1520/1381/81
f 1721/1395/37 1708/1396/37 1465/1387/37 1466/1388/37
f 1369/1324/720 1370/1325/720 1368/1326/720 1367/1327/720
f 1514/1370/711 1513/1371/711 1509/1372/711 1510/1373/711
f 1327/1379/713 1328/1380/713 1330/1381/713 1329/1382/713
f 1723/1397/37 1701/1398/37 1549/1387/37 1550/1388/37
f 1451/1327/708 1452/1326/708 1456/1380/708 1455/1379/708
f 1314/1384/81 1313/1383/81 1297/1382/81 1298/1381/81
f 1301/1327/708 1302/1326/708 1300/1380/708 1299/1379/708
f 1531/1331/715 1532/1330/715 1530/1364/715 1529/1365/715
f 1808/1399/230 1807/1400/230 1342/1329/230 1341/1328/230
f 1404/1332/721 1403/1333/721 1401/1334/721 1402/1335/721
f 1363/1379/713 1364/1380/713 1366/1381/713 1365/1382/713
f 1825/1401/230 1824/1402/230 1376/1329/230 1375/1328/230
f 1388/1366/714 1387/1367/714 1385/1368/714 1386/1369/714
f 1480/1370/711 1479/1371/711 1477/1372/711 1478/1373/711
f 1371/1320/710 1372/1321/710 1370/1322/710 1369/1323/710
f 1367/1327/708 1368/1326/708 1364/1380/708 1363/1379/708
f 1467/1328/717 1468/1329/717 1462/1330/717 1461/1331/717
f 1430/1388/722 1429/1387/722 1427/1367/722 1428/1366/722
f 1450/1369/716 1449/1368/716 1447/1371/716 1448/1370/716
f 1397/1379/713 1398/1380/713 1396/1381/713 1395/1382/713
f 1394/1388/722 1393/1387/722 1387/1367/722 1388/1366/722
f 1506/1335/718 1505/1334/718 1503/1383/718 1504/1384/718
f 1400/1384/81 1399/1383/81 1395/1382/81 1396/1381/81
f 1504/1384/81 1503/1383/81 1501/1382/81 1502/1381/81
f 1331/1327/708 1332/1326/708 1328/1380/708 1327/1379/708
f 1444/1332/721 1443/1333/721 1439/1334/721 1440/1335/721
f 1746/1403/230 1762/1404/230 1312/1329/230 1311/1328/230
f 1320/1370/711 1319/1371/711 1317/1372/711 1318/1373/711
f 1318/1374/719 1317/1375/719 1315/1333/719 1316/1332/719
f 1386/1369/716 1385/1368/716 1381/1371/716 1382/1370/716
f 1299/1379/713 1300/1380/713 1298/1381/713 1297/1382/713
f 1805/1405/230 1688/1406/230 1432/1329/230 1431/1328/230
f 1380/1374/719 1379/1375/719 1383/1333/719 1384/1332/719
f 1419/1327/708 1420/1326/708 1442/1380/708 1441/1379/708
f 1339/1331/715 1340/1330/715 1338/1364/715 1337/1365/715
f 1322/1369/716 1321/1368/716 1319/1371/716 1320/1370/716
f 1470/1384/81 1469/1383/81 1473/1382/81 1474/1381/81
f 1446/1374/719 1445/1375/719 1443/1333/719 1444/1332/719
f 1436/1384/81 1435/1383/81 1437/1382/81 1438/1381/81
f 1326/1388/722 1325/1387/722 1323/1367/722 1324/1366/722
f 1346/1335/718 1345/1334/718 1343/1383/718 1344/1384/718
f 1722/1407/37 1707/1408/37 1325/1387/37 1326/1388/37
f 1316/1332/721 1315/1333/721 1295/1334/721 1296/1335/721
f 1348/1332/721 1347/1333/721 1345/1334/721 1346/1335/721
f 1337/1365/709 1338/1364/709 1334/1321/709 1333/1320/709
f 1482/1369/716 1481/1368/716 1479/1371/716 1480/1370/716
f 1518/1388/722 1517/1387/722 1515/1367/722 1516/1366/722
f 1550/1388/722 1549/1387/722 1545/1367/722 1546/1366/722
f 1489/1320/710 1490/1321/710 1492/1322/710 1491/1323/710
f 1433/1331/715 1434/1330/715 1426/1364/715 1425/1365/715
f 1344/1384/81 1343/1383/81 1329/1382/81 1330/1381/81
f 1500/1388/722 1499/1387/722 1483/1367/722 1484/1366/722
f 1495/1331/715 1496/1330/715 1494/1364/715 1493/1365/715
f 1478/1374/719 1477/1375/719 1475/1333/719 1476/1332/719
f 1411/1320/710 1412/1321/710 1408/1322/710 1407/1323/710
f 1747/1409/230 1760/1410/230 1392/1329/230 1391/1328/230
f 1484/1366/714 1483/1367/714 1481/1368/714 1482/1369/714
f 1352/1370/711 1351/1371/711 1353/1372/711 1354/1373/711
f 1497/1328/717 1498/1329/717 1496/1330/717 1495/1331/717
f 1464/1366/714 1463/1367/714 1449/1368/714 1450/1369/714
f 1787/1411/37 1775/1412/37 1429/1387/37 1430/1388/37
f 1719/1413/37 1706/1414/37 1517/1387/37 1518/1388/37
f 1402/1335/718 1401/1334/718 1399/1383/718 1400/1384/718
f 1333/1320/710 1334/1321/710 1336/1322/710 1335/1323/710
f 1382/1370/711 1381/1371/711 1379/1372/711 1380/1373/711
f 1804/1415/230 1687/1416/230 1534/1329/230 1533/1328/230
f 1448/1370/711 1447/1371/711 1445/1372/711 1446/1373/711
f 1416/1370/711 1415/1371/711 1409/1372/711 1410/1373/711
f 1309/1365/709 1310/1364/709 1304/1321/709 1303/1320/709
f 1384/1332/721 1383/1333/721 1377/1334/721 1378/1335/721
f 1453/1324/720 1454/1325/720 1452/1326/720 1451/1327/720
f 1441/1379/713 1442/1380/713 1438/1381/713 1437/1382/713
f 1491/1324/720 1492/1325/720 1486/1326/720 1485/1327/720
f 1521/1327/708 1522/1326/708 1526/1380/708 1525/1379/708
f 1389/1331/715 1390/1330/715 1414/1364/715 1413/1365/715
f 1457/1320/710 1458/1321/710 1454/1322/710 1453/1323/710
f 1341/1328/717 1342/1329/717 1340/1330/717 1339/1331/717
f 1466/1388/722 1465/1387/722 1463/1367/722 1464/1366/722
f 1487/1379/713 1488/1380/713 1502/1381/713 1501/1382/713
f 1512/1369/716 1511/1368/716 1513/1371/716 1514/1370/716
f 1358/1388/722 1357/1387/722 1355/1367/722 1356/1366/722
f 1356/1366/714 1355/1367/714 1349/1368/714 1350/1369/714
f 1440/1335/718 1439/1334/718 1435/1383/718 1436/1384/718
f 1350/1369/716 1349/1368/716 1351/1371/716 1352/1370/716
f 1476/1332/721 1475/1333/721 1471/1334/721 1472/1335/721
f 1705/1417/230 1720/1418/230 1498/1329/230 1497/1328/230
f 1455/1379/713 1456/1380/713 1474/1381/713 1473/1382/713
f 1425/1365/709 1426/1364/709 1424/1321/709 1423/1320/709
f 1485/1327/708 1486/1326/708 1488/1380/708 1487/1379/708
f 1548/1369/716 1547/1368/716 1543/1371/716 1544/1370/716
f 655/429/728 1785/638/728 1793/639/728 656/431/728
f 624/428/37 1792/1419/37 1784/637/37 655/429/37
f 167/129/729 1781/1420/729 1782/1421/729 191/131/729
f 63/40/730 1779/1422/730 1790/1423/730 64/43/730
f 15/12/731 1776/1424/731 1777/1425/731 39/14/731
f 1132/1426/254 1138/1427/254 576/387/254 624/428/254 1803/1428/254 1809/1429/254 1102/1430/254 1100/1431/254 1104/1432/254 1108/1433/254 1110/1434/254 1112/1435/254 1114/1436/254 1116/1437/254 1118/1438/254 1120/1439/254 1122/1440/254 1124/1441/254 1126/1442/254 1128/1443/254 1134/1444/254
s 1
f 1064/1445/254 1054/1108/254 1053/1107/254 1802/1446/254 1810/1447/254
f 1130/1209/732 1129/1208/732 1811/1448/732 1812/1449/732
s 0
f 166/127/733 1764/1450/733 1781/1420/733 167/129/733
f 14/10/734 1763/1451/734 1776/1424/734 15/12/734
f 165/124/735 1755/1452/735 1764/1450/735 166/127/735
f 141/100/736 1754/1453/736 1791/1454/736 104/97/736
f 125/87/737 1752/1455/737 1753/1456/737 149/89/737
f 13/7/738 1749/1457/738 1763/1451/738 14/10/738
s 1
f 988/1458/250 1816/1459/250 1817/1460/250 987/1024/250 989/1023/250
f 894/1461/254 879/922/254 878/921/254 1742/1462/254 1819/1463/254
f 1030/1464/254 1020/1070/254 1019/1069/254 1772/1465/254 1820/1466/254
s 0
f 534/1/739 1766/1/739 1735/1/739 236/1/739
f 600/389/740 604/395/740 1732/649/740 1799/648/740
f 596/389/741 600/389/741 1798/647/741 1731/646/741
f 576/387/742 596/389/742 1730/645/742 1797/644/742
f 632/1/743 1795/1/743 1729/1/743 628/1/743
f 636/1/744 1728/1/744 1795/1/744 632/1/744
f 124/85/745 1727/1467/745 1752/1455/745 125/87/745
f 52/39/746 1726/39/746 1779/1422/746 63/40/746
f 610/404/37 589/406/37 585/1468/37 581/1469/37 276/202/37 1740/1470/37 1771/1471/37 1230/1472/37 1228/1473/37 1210/1474/37 1208/1475/37 1212/1476/37 1218/1477/37 1238/1478/37 1236/1479/37 1234/1480/37 1226/1481/37 1222/1482/37 1220/1483/37 1224/1484/37 1214/1485/37 1216/1486/37 1232/1487/37 1806/1488/37 1761/1489/37 1182/1490/37 1178/1491/37 1140/1492/37 1156/1493/37 1180/1494/37 1144/1495/37 1142/1496/37 1160/1497/37 1162/1498/37 1164/1499/37 1150/1500/37 1152/1501/37 1154/1502/37 1146/1503/37 1202/1504/37 1196/1505/37 1190/1506/37 1166/1507/37 1168/1508/37 1186/1509/37 1176/1510/37 1172/1511/37 1184/1512/37 1188/1513/37 1170/1514/37 1174/1515/37 1148/1516/37 1194/1517/37 1192/1518/37 1206/1519/37 1200/1520/37 1204/1521/37 1198/1522/37 1158/1523/37 1822/1524/37 1741/1525/37 236/172/37 531/636/37 532/635/37 533/634/37 557/375/37 553/372/37 549/366/37 529/363/37 577/398/37 608/399/37 609/402/37
s 1
f 1157/1272/250 1823/1526/250 1822/1527/250 1158/1273/250
s 0
f 953/1528/37 913/949/37 103/81/37 882/1529/37 1821/1530/37 1718/1531/37 937/1531/37 933/1532/37 895/1533/37 911/1534/37 935/1535/37 899/1536/37 897/1537/37 915/1538/37 917/1539/37 919/1540/37 905/1541/37 907/1542/37 909/1543/37 901/1544/37 957/1545/37 951/1546/37 945/1547/37 921/1548/37 923/1549/37 941/1550/37 931/1551/37 927/1552/37 939/1553/37 943/1554/37 925/1555/37 929/1556/37 903/1557/37 949/1558/37 947/1559/37 961/1560/37 955/1561/37 959/1562/37
f 563/382/747 1717/660/747 1765/1563/747 542/383/747
f 628/1/748 1729/1/748 1714/1/748 315/1/748
f 183/142/749 1783/1564/749 1713/139/749 155/139/749
f 191/131/750 1782/1421/750 1712/1565/750 187/148/750
f 187/148/751 1712/1565/751 1783/1564/751 183/142/751
f 103/81/752 1780/950/752 1711/1566/752 123/82/752
f 123/82/753 1711/1566/753 1727/1467/753 124/85/753
f 31/25/754 1778/1567/754 1710/1568/754 3/22/754
f 1738/1569/230 1786/1570/230 1231/1570/230 1215/1571/230 1213/1572/230 1223/1573/230 1219/1574/230 1221/1575/230 1225/1576/230 1233/1577/230 1235/1578/230 1237/1579/230 1217/1580/230 1211/1581/230 1207/1582/230 1209/1583/230 1227/1584/230 1229/1585/230 1757/1585/230 1726/39/230 52/39/230 3/22/230 1710/1568/230 1823/1586/230 1157/1587/230 1197/1588/230 1203/1589/230 1199/1590/230 1205/1591/230 1191/1592/230 1193/1593/230 1147/1594/230 1173/1595/230 1169/1596/230 1187/1597/230 1183/1598/230 1171/1599/230 1175/1600/230 1185/1601/230 1167/1602/230 1165/1603/230 1189/1604/230 1195/1605/230 1201/1606/230 1145/1607/230 1153/1608/230 1151/1609/230 1149/1610/230 1163/1611/230 1161/1612/230 1159/1613/230 1141/1614/230 1143/1615/230 1179/1616/230 1155/1617/230 1139/1618/230 1177/1619/230 1181/1620/230
f 39/14/755 1777/1425/755 1709/1621/755 35/31/755
f 35/31/756 1709/1621/756 1778/1567/756 31/25/756
f 1745/1622/254 1705/1623/254 1497/1623/254 1495/1624/254 1493/1625/254 1489/1626/254 1491/1627/254 1485/1628/254 1487/1360/254 1505/1347/254 1507/1629/254 1509/1630/254 1513/1631/254 1511/1632/254 1515/1633/254 1517/1634/254 1706/1634/254 1804/1635/254 1533/1635/254 1531/1636/254 1529/1637/254 1527/1638/254 1523/1639/254 1521/1640/254 1525/1359/254 1535/1344/254 1539/1641/254 1541/1642/254 1543/1643/254 1547/1644/254 1545/1645/254 1549/673/254 2/6/254 104/97/254 1791/1454/254 1746/1646/254 1311/1646/254 1307/1647/254 1309/1648/254 1303/1649/254 1305/1650/254 1301/1651/254 1299/1652/254 1297/1653/254 1313/1654/254 1295/1655/254 1315/1656/254 1317/1657/254 1319/1658/254 1321/1659/254 1323/1660/254 1325/1661/254 1707/1661/254 1808/1662/254 1341/1662/254 1339/1663/254 1337/1664/254 1333/1665/254 1335/1666/254 1331/1667/254 1327/1336/254 1345/1357/254 1347/1668/254 1353/1669/254 1351/1670/254 1349/1671/254 1355/1672/254 1357/1673/254 1773/1674/254 1825/1675/254 1375/1675/254 1359/1676/254 1373/1677/254 1371/1678/254 1369/1679/254 1367/1680/254 1363/1339/254 1377/1358/254 1383/1681/254 1379/1682/254 1381/1683/254 1385/1684/254 1387/1685/254 1393/1686/254 1774/1686/254 1747/1687/254 1391/1687/254 1389/1688/254 1413/1689/254 1411/1690/254 1407/1691/254 1405/1692/254 1397/1354/254 1401/1363/254 1403/1693/254 1409/1694/254 1415/1695/254 1421/1696/254 1427/1697/254 1429/1698/254 1775/1699/254 1805/1700/254 1431/1700/254 1433/1701/254 1425/1702/254 1423/1703/254 1417/1704/254 1419/1705/254 1441/1351/254 1439/1362/254 1443/1706/254 1445/1707/254 1447/1708/254 1449/1709/254 1463/1710/254 1465/1711/254 1708/1711/254 1748/1712/254 1467/1712/254 1461/1713/254 1459/1714/254 1457/1715/254 1453/1716/254 1451/1717/254 1455/1361/254 1471/1350/254 1475/1718/254 1477/1719/254 1479/1720/254 1481/1721/254 1483/1722/254 1499/1622/254
s 1
f 1056/1723/250 1827/1724/250 1826/1725/250 1055/1100/250 1057/1099/250
f 996/1726/254 986/1032/254 985/1031/254 1704/1727/254 1828/1728/254
s 0
f 1073/1729/37 1090/1078/37 1053/1077/37 1051/1730/37 1033/1731/37 1031/1732/37 1035/1733/37 1041/1734/37 1062/1735/37 1060/1736/37 1058/1737/37 1049/1738/37 1045/1739/37 1043/1740/37 1047/1741/37 1037/1742/37 1039/1743/37 1055/1058/37 1019/1057/37 1017/1744/37 999/1745/37 997/1746/37 1001/1747/37 1007/1748/37 1028/1749/37 1026/1750/37 1024/1751/37 1015/1752/37 1011/1753/37 1009/1754/37 1013/1755/37 1003/1756/37 1005/1757/37 1021/1758/37 1829/1759/37 1704/1760/37 985/1761/37 983/1762/37 965/1763/37 963/1764/37 967/1765/37 973/1766/37 994/1767/37 992/1768/37 990/1769/37 981/1770/37 977/1771/37 975/1772/37 979/1773/37 969/1774/37 971/1775/37 987/1776/37 1817/1776/37 1742/1777/37 878/1777/37 864/1778/37 862/1779/37 870/1780/37 876/1781/37 892/1782/37 888/1783/37 890/1784/37 880/1785/37 868/1786/37 866/1787/37 884/1788/37 872/1789/37 874/1790/37 886/1791/37 882/1529/37 103/81/37 155/139/37 1713/139/37 1725/1792/37 1088/1793/37 1086/1794/37 1067/1795/37 1065/1796/37 1069/1797/37 1075/1798/37 1096/1799/37 1094/1800/37 1092/1801/37 1083/1802/37 1079/1803/37 1077/1804/37 1081/1805/37 1071/1806/37
f 934/1807/230 938/904/230 883/903/230 887/1808/230 875/1809/230 873/1810/230 885/1811/230 867/1812/230 869/1813/230 881/1814/230 891/1815/230 889/1816/230 893/1817/230 877/1818/230 871/1819/230 863/1820/230 865/1821/230 879/1822/230 894/1823/230 988/1824/230 989/1825/230 972/1826/230 970/1827/230 980/1828/230 976/1829/230 978/1830/230 982/1831/230 991/1832/230 993/1833/230 995/1834/230 974/1835/230 968/1836/230 964/1837/230 966/1838/230 984/1839/230 986/1840/230 996/1841/230 1022/1842/230 1023/1843/230 1006/1844/230 1004/1845/230 1014/1846/230 1010/1847/230 1012/1848/230 1016/1849/230 1025/1850/230 1027/1851/230 1029/1852/230 1008/1853/230 1002/1854/230 998/1855/230 1000/1856/230 1018/1857/230 1020/1858/230 1030/1859/230 1056/1860/230 1057/1861/230 1040/1862/230 1038/1863/230 1048/1864/230 1044/1865/230 1046/1866/230 1050/1867/230 1059/1868/230 1061/1869/230 1063/1870/230 1042/1871/230 1036/1872/230 1032/1873/230 1034/1874/230 1052/1875/230 1054/1876/230 1064/1877/230 1085/1878/230 1078/1879/230 1080/1880/230 1084/1881/230 1093/1882/230 1098/1883/230 315/232/230 625/1884/230 626/1885/230 627/1886/230 651/425/230 647/422/230 643/415/230 623/412/230 483/349/230 514/350/230 515/353/230 516/355/230 495/357/230 491/1887/230 487/1888/230 204/152/230 1744/1889/230 1830/1890/230 914/1891/230 954/1892/230 960/1893/230 956/1894/230 962/1895/230 948/1896/230 950/1897/230 904/1898/230 930/1899/230 926/1900/230 944/1901/230 940/1902/230 928/1903/230 932/1904/230 942/1905/230 924/1906/230 922/1907/230 946/1908/230 952/1909/230 958/1910/230 902/1911/230 910/1912/230 908/1913/230 906/1914/230 920/1915/230 918/1916/230 916/1917/230 898/1918/230 900/1919/230 936/1920/230 912/1921/230 896/1922/230
f 506/338/757 510/346/757 1769/667/757 1700/666/757
f 502/338/758 506/338/758 1699/665/758 1768/664/758
f 482/335/759 502/338/759 1767/663/759 1698/662/759
f 542/1/760 1765/1/760 1696/1/760 538/1/760
f 538/1/761 1696/1/761 1766/1/761 534/1/761
f 562/381/762 1695/658/762 1716/659/762 563/382/762
f 154/123/763 1691/123/763 1755/1452/763 165/124/763
f 1129/1181/250 1135/1179/250 53/55/250 1751/55/250 1811/1923/250
f 1800/1924/250 1691/123/250 154/123/250 1099/1178/250 1101/1925/250 1105/1926/250
f 2/6/764 1690/674/764 1749/1457/764 13/7/764
f 1106/1927/254 1102/1430/254 1809/1429/254 1689/1928/254
f 1812/1929/254 1801/1930/254 576/387/254 1138/1427/254 1136/1931/254 1130/1932/254
s 1
f 1105/1166/765 1106/1165/765 1689/1933/765 1800/1934/765
s 0
f 1819/1935/230 1816/1936/230 988/1824/230 894/1823/230
f 1828/1937/230 1832/1938/230 1022/1842/230 996/1841/230
f 1820/1939/230 1827/1940/230 1056/1860/230 1030/1859/230
f 1082/1941/230 1085/1878/230 1064/1877/230 1810/1942/230 1815/1943/230 1091/1944/230 1074/1945/230 1072/1946/230
f 1739/1947/230 1724/1948/230 315/232/230 1098/1883/230 1095/1949/230 1097/1950/230 1076/1951/230 1070/1952/230 1066/1953/230 1068/1954/230 1087/1955/230 1089/1956/230
s 1
f 1022/1957/250 1832/1958/250 1829/1959/250 1021/1062/250 1023/1061/250
s 0
f 1536/1960/250 1538/1961/250 1520/1962/250 1526/1963/250 1522/1964/250 1524/1965/250 1528/1966/250 1530/1967/250 1532/1968/250 1534/1969/250 1687/1970/250 1719/1971/250 1518/1972/250 1516/1973/250 1512/1974/250 1514/1975/250 1510/1976/250 1508/1977/250 1506/1978/250 1504/1979/250 1502/1980/250 1488/1981/250 1486/1982/250 1492/1983/250 1490/1984/250 1494/1985/250 1496/1986/250 1498/1987/250 1720/1988/250 1758/1989/250 1500/1990/250 1484/1991/250 1482/1992/250 1480/1993/250 1478/1994/250 1476/1995/250 1472/1996/250 1470/1997/250 1474/1998/250 1456/1999/250 1452/2000/250 1454/2001/250 1458/2002/250 1460/2003/250 1462/2004/250 1468/2005/250 1759/2006/250 1721/2007/250 1466/2008/250 1464/2009/250 1450/2010/250 1448/2011/250 1446/2012/250 1444/2013/250 1440/688/250 1442/697/250 1420/2014/250 1418/2015/250 1424/2016/250 1426/2017/250 1434/2018/250 1432/2019/250 1688/2020/250 1787/2021/250 1430/2022/250 1428/2023/250 1422/2024/250 1416/2025/250 1410/2026/250 1404/2027/250 1402/691/250 1398/698/250 1406/2028/250 1408/2029/250 1412/2030/250 1414/2031/250 1390/2032/250 1392/2033/250 1760/2034/250 1788/2035/250 1394/2036/250 1388/2037/250 1386/2038/250 1382/2039/250 1380/2040/250 1384/2041/250 1378/694/250 1364/684/250 1368/2042/250 1370/2043/250 1372/2044/250 1374/2045/250 1360/2046/250 1376/2047/250 1824/2048/250 1789/2049/250 1358/2050/250 1356/2051/250 1350/2052/250 1352/2053/250 1354/2054/250 1348/2055/250 1346/695/250 1328/681/250 1332/2056/250 1336/2057/250 1334/2058/250 1338/2059/250 1340/2060/250 1342/2061/250 1807/2062/250 1722/2063/250 1326/2064/250 1324/2065/250 1322/2066/250 1320/2067/250 1318/2068/250 1316/2069/250 1296/696/250 1300/687/250 1302/2070/250 1306/2071/250 1304/2072/250 1310/2073/250 1308/2074/250 1312/1378/250 1813/1377/250 1702/2075/250 482/335/250 530/377/250 1703/2076/250 1723/2077/250 1550/2078/250 1546/2079/250 1548/2080/250 1544/2081/250 1542/2082/250 1540/2083/250
f 561/378/766 1686/656/766 1694/657/766 562/381/766
f 530/377/230 1693/2084/230 1685/655/230 561/378/230
f 657/431/767 1684/642/767 1728/2085/767 636/433/767
f 656/431/768 1794/640/768 1683/641/768 657/431/768
f 149/89/769 1753/1456/769 1682/2086/769 145/106/769
f 145/106/770 1682/2086/770 1754/1453/770 141/100/770
f 85/64/771 1750/2087/771 1681/2088/771 81/58/771
f 81/58/772 1681/2088/772 1751/55/772 53/55/772
f 89/47/773 1680/2089/773 1750/2087/773 85/64/773
f 64/43/774 1790/1423/774 1679/2090/774 65/45/774
f 65/45/775 1679/2090/775 1680/2089/775 89/47/775
o 平面.001
v -0.519750 0.005100 0.324650
v -0.519750 0.125024 0.324650
v -0.519622 0.005100 0.325784
v -0.519622 0.003966 0.324650
v -0.519750 0.005100 -0.444650
v -0.519622 0.003966 -0.444650
v -0.519622 0.005100 -0.445784
v -0.519750 0.084266 -0.172225
v -0.519750 0.122939 -0.444650
v -0.519750 0.123677 -0.172225
v -0.519616 0.122935 -0.445783
v -0.519236 0.122928 -0.446858
v -0.518628 0.122919 -0.447822
v -0.519245 0.005100 -0.446862
v -0.519075 0.003934 -0.446901
v -0.518637 0.005100 -0.447830
v -0.518504 0.003949 -0.447785
v -0.517830 0.005100 -0.448637
v -0.517790 0.003945 -0.448499
v -0.516862 0.005100 -0.449245
v -0.517822 0.122908 -0.448628
v -0.516858 0.122896 -0.449236
v -0.515783 0.122884 -0.449616
v -0.514650 0.122872 -0.449750
v -0.515784 0.005100 -0.449622
v -0.515821 0.003917 -0.449471
v -0.514650 0.005100 -0.449750
v -0.514650 0.003966 -0.449622
v 0.504650 0.005100 -0.449750
v 0.504650 0.112206 -0.449750
v 0.504650 0.003966 -0.449622
v 0.505784 0.005100 -0.449622
v 0.147388 0.053134 -0.449750
v 0.015959 0.044487 -0.449750
v 0.277456 0.053334 -0.449750
v 0.478894 0.064100 -0.449750
v 0.478894 0.112476 -0.449750
v 0.478358 0.059340 -0.449750
v 0.478894 0.064100 -0.436639
v 0.478894 0.112512 -0.436639
v 0.478358 0.059340 -0.436639
v 0.476776 0.054819 -0.436639
v 0.476776 0.054819 -0.449750
v 0.474227 0.050763 -0.436639
v 0.474227 0.050763 -0.449750
v 0.470840 0.047375 -0.436639
v 0.470840 0.047375 -0.449750
v 0.466784 0.044827 -0.436639
v 0.462263 0.043245 -0.436639
v 0.466784 0.044827 -0.449750
v 0.462263 0.043245 -0.449750
v 0.457502 0.042708 -0.449750
v 0.334131 0.042708 -0.449750
v 0.457502 0.042708 -0.436639
v 0.334131 0.042708 -0.436639
v 0.329371 0.043245 -0.436639
v 0.329371 0.043245 -0.449750
v 0.324849 0.044827 -0.436639
v 0.320793 0.047375 -0.436639
v 0.324849 0.044827 -0.449750
v 0.320793 0.047375 -0.449750
v 0.317406 0.050763 -0.449750
v 0.314858 0.054819 -0.449750
v 0.317406 0.050763 -0.436639
v 0.314858 0.054819 -0.436639
v 0.313275 0.059340 -0.436639
v 0.313275 0.059340 -0.449750
v 0.312739 0.064100 -0.436639
v 0.312739 0.064100 -0.449750
v 0.312739 0.114250 -0.436639
v 0.277456 0.114619 -0.436639
v 0.312739 0.114215 -0.449750
v 0.277456 0.114584 -0.449750
v 0.277456 0.053334 -0.436639
v 0.277195 0.051014 -0.436639
v 0.277195 0.051014 -0.449750
v 0.276423 0.048811 -0.436639
v 0.276423 0.048811 -0.449750
v 0.275181 0.046834 -0.436639
v 0.275181 0.046834 -0.449750
v 0.273530 0.045183 -0.436639
v 0.273530 0.045183 -0.449750
v 0.271554 0.043941 -0.436639
v 0.271554 0.043941 -0.449750
v 0.269350 0.043170 -0.436639
v 0.267030 0.042909 -0.436639
v 0.269350 0.043170 -0.449750
v 0.267030 0.042909 -0.449750
v 0.225456 0.042909 -0.449750
v 0.225456 0.042909 -0.436639
v 0.223136 0.043170 -0.449750
v 0.220932 0.043941 -0.449750
v 0.223136 0.043170 -0.436639
v 0.220932 0.043941 -0.436639
v 0.218956 0.045183 -0.436639
v 0.218956 0.045183 -0.449750
v 0.217305 0.046834 -0.436639
v 0.216063 0.048811 -0.436639
v 0.217305 0.046834 -0.449750
v 0.216063 0.048811 -0.449750
v 0.215291 0.051014 -0.449750
v 0.215030 0.053334 -0.449750
v 0.215291 0.051014 -0.436639
v 0.215030 0.053334 -0.436639
v 0.215030 0.115272 -0.436639
v 0.215030 0.115237 -0.449750
v 0.147388 0.115980 -0.436639
v 0.147388 0.053134 -0.436639
v 0.147388 0.115945 -0.449750
v 0.147127 0.050814 -0.436639
v 0.147127 0.050814 -0.449750
v 0.146356 0.048611 -0.436639
v 0.146356 0.048611 -0.449750
v 0.145114 0.046634 -0.436639
v 0.143463 0.044983 -0.436639
v 0.145114 0.046634 -0.449750
v 0.143463 0.044983 -0.449750
v 0.141486 0.043741 -0.449750
v 0.141486 0.043741 -0.436639
v 0.139282 0.042970 -0.449750
v 0.136962 0.042708 -0.449750
v 0.139282 0.042970 -0.436639
v 0.136962 0.042708 -0.436639
v 0.095838 0.042708 -0.436639
v 0.095838 0.042708 -0.449750
v 0.093518 0.042970 -0.436639
v 0.091315 0.043741 -0.436639
v 0.093518 0.042970 -0.449750
v 0.091315 0.043741 -0.449750
v 0.089338 0.044983 -0.449750
v 0.087687 0.046634 -0.449750
v 0.089338 0.044983 -0.436639
v 0.087687 0.046634 -0.436639
v 0.086445 0.048611 -0.436639
v 0.086445 0.048611 -0.449750
v 0.085674 0.050814 -0.436639
v 0.085674 0.050814 -0.449750
v 0.085412 0.053134 -0.436639
v 0.085412 0.053134 -0.449750
v 0.085412 0.116629 -0.436639
v 0.020674 0.117306 -0.436639
v 0.085412 0.116593 -0.449750
v 0.085412 0.076913 -0.449750
v 0.020674 0.117271 -0.449750
v 0.020674 0.053134 -0.449750
v 0.020412 0.050814 -0.449750
v 0.020674 0.053134 -0.436639
v 0.020412 0.050814 -0.436639
v 0.019641 0.048611 -0.436639
v 0.019641 0.048611 -0.449750
v 0.018399 0.046634 -0.436639
v 0.018399 0.046634 -0.449750
v 0.016748 0.044983 -0.436639
v 0.016748 0.044983 -0.449750
v 0.014771 0.043741 -0.436639
v 0.012568 0.042970 -0.436639
v 0.014771 0.043741 -0.449750
v 0.012568 0.042970 -0.449750
v 0.010248 0.042708 -0.449750
v -0.032782 0.042708 -0.449750
v 0.010248 0.042708 -0.436639
v -0.032782 0.042708 -0.436639
v -0.035102 0.042970 -0.436639
v -0.035102 0.042970 -0.449750
v -0.037305 0.043741 -0.436639
v -0.039282 0.044983 -0.436639
v -0.037305 0.043741 -0.449750
v -0.039282 0.044983 -0.449750
v -0.040933 0.046634 -0.449750
v -0.042175 0.048611 -0.449750
v -0.040933 0.046634 -0.436639
v -0.042175 0.048611 -0.436639
v -0.042946 0.050814 -0.436639
v -0.042946 0.050814 -0.449750
v -0.043208 0.053134 -0.436639
v -0.043208 0.053134 -0.449750
v -0.043208 0.117974 -0.436639
v -0.043208 0.117939 -0.449750
v -0.091335 0.118478 -0.436639
v -0.091335 0.053134 -0.436639
v -0.091335 0.118443 -0.449750
v -0.091335 0.053134 -0.449750
v -0.091597 0.050814 -0.449750
v -0.042377 0.049188 -0.449750
v -0.091597 0.050814 -0.436639
v -0.092368 0.048611 -0.449750
v -0.093610 0.046634 -0.449750
v -0.092368 0.048611 -0.436639
v -0.093610 0.046634 -0.436639
v -0.095261 0.044983 -0.436639
v -0.095261 0.044983 -0.449750
v -0.097238 0.043741 -0.436639
v -0.097238 0.043741 -0.449750
v -0.099441 0.042970 -0.436639
v -0.101761 0.042708 -0.436639
v -0.099441 0.042970 -0.449750
v -0.101761 0.042708 -0.449750
v -0.399294 0.042708 -0.449750
v -0.401614 0.042970 -0.449750
v -0.399294 0.042708 -0.436639
v -0.401614 0.042970 -0.436639
v -0.403817 0.043741 -0.436639
v -0.403817 0.043741 -0.449750
v -0.405794 0.044983 -0.436639
v -0.405794 0.044983 -0.449750
v -0.407445 0.046634 -0.436639
v -0.408687 0.048611 -0.436639
v -0.407445 0.046634 -0.449750
v -0.408687 0.048611 -0.449750
v -0.409458 0.050814 -0.449750
v -0.409458 0.050814 -0.436639
v -0.409720 0.053134 -0.449750
v -0.435924 0.061767 -0.449750
v -0.409720 0.053134 -0.436639
v -0.409720 0.121774 -0.449750
v -0.435924 0.122048 -0.449750
v -0.409720 0.121809 -0.436639
v -0.435924 0.122084 -0.436639
v -0.435924 0.061767 -0.436639
v -0.436016 0.059899 -0.436639
v -0.436016 0.059899 -0.449750
v -0.436290 0.058049 -0.436639
v -0.436745 0.056234 -0.436639
v -0.436290 0.058049 -0.449750
v -0.436745 0.056234 -0.449750
v -0.437375 0.054473 -0.449750
v -0.438174 0.052783 -0.449750
v -0.437375 0.054473 -0.436639
v -0.438174 0.052783 -0.436639
v -0.439136 0.051178 -0.436639
v -0.439136 0.051178 -0.449750
v -0.440250 0.049676 -0.436639
v -0.440250 0.049676 -0.449750
v -0.441506 0.048290 -0.436639
v -0.442892 0.047034 -0.436639
v -0.441506 0.048290 -0.449750
v -0.442892 0.047034 -0.449750
v -0.444394 0.045920 -0.449750
v -0.444394 0.045920 -0.436639
v -0.445998 0.044959 -0.449750
v -0.445998 0.044959 -0.436639
v -0.447689 0.044159 -0.449750
v -0.449450 0.043529 -0.449750
v -0.447689 0.044159 -0.436639
v -0.449450 0.043529 -0.436639
v -0.451264 0.043075 -0.436639
v -0.451264 0.043075 -0.449750
v -0.453114 0.042800 -0.436639
v -0.453114 0.042800 -0.449750
v -0.454983 0.042708 -0.436639
v -0.454983 0.042708 -0.449750
v -0.456865 0.042708 -0.436639
v -0.456865 0.042708 -0.449750
v -0.458733 0.042800 -0.436639
v -0.458733 0.042800 -0.449750
v -0.460584 0.043075 -0.436639
v -0.460584 0.043075 -0.449750
v -0.462398 0.043529 -0.436639
v -0.462398 0.043529 -0.449750
v -0.464159 0.044159 -0.436639
v -0.464159 0.044159 -0.449750
v -0.465850 0.044959 -0.436639
v -0.465850 0.044959 -0.449750
v -0.467454 0.045920 -0.436639
v -0.467454 0.045920 -0.449750
v -0.468956 0.047034 -0.436639
v -0.468956 0.047034 -0.449750
v -0.470342 0.048290 -0.436639
v -0.470342 0.048290 -0.449750
v -0.471598 0.049676 -0.436639
v -0.471598 0.049676 -0.449750
v -0.472712 0.051178 -0.436639
v -0.472712 0.051178 -0.449750
v -0.473674 0.052783 -0.436639
v -0.474473 0.054473 -0.436639
v -0.473674 0.052783 -0.449750
v -0.474473 0.054473 -0.449750
v -0.475103 0.056234 -0.449750
v -0.475558 0.058049 -0.449750
v -0.475103 0.056234 -0.436639
v -0.475558 0.058049 -0.436639
v -0.475832 0.059899 -0.436639
v -0.475924 0.061767 -0.436639
v -0.475832 0.059899 -0.449750
v -0.475924 0.061767 -0.449750
v -0.475924 0.122467 -0.449750
v -0.475924 0.122502 -0.436639
v -0.504040 0.122796 -0.436639
v -0.501539 0.013842 -0.436639
v -0.504099 0.122797 -0.436639
v -0.501539 0.012708 -0.436511
v -0.502673 0.013842 -0.436511
v 0.491539 0.013842 -0.436639
v 0.493800 0.112356 -0.436639
v 0.492673 0.013842 -0.436511
v 0.491539 0.012708 -0.436511
v 0.493846 0.112355 -0.436639
v 0.493854 0.112355 -0.436639
v 0.494467 0.112349 -0.436569
v 0.494461 0.112349 -0.436569
v 0.495053 0.112343 -0.436362
v 0.495049 0.112343 -0.436361
v 0.493751 0.013842 -0.436134
v 0.493789 0.012666 -0.435962
v 0.494719 0.013842 -0.435526
v 0.495581 0.112339 -0.436026
v 0.495526 0.013842 -0.434719
v 0.494679 0.012688 -0.435388
v 0.494510 0.011735 -0.435109
v 0.495393 0.012691 -0.434674
v 0.495964 0.012676 -0.433790
v 0.495110 0.011737 -0.434509
v 0.495593 0.011656 -0.433729
v 0.494774 0.011054 -0.434327
v 0.495109 0.010871 -0.433646
v 0.494327 0.011054 -0.434774
v 0.494327 0.010607 -0.434327
v 0.494509 0.010271 -0.433645
v 0.493646 0.010272 -0.434510
v 0.493645 0.010872 -0.435110
v 0.492694 0.009993 -0.434679
v 0.493729 0.009788 -0.433726
v 0.493790 0.009417 -0.432705
v 0.492715 0.009419 -0.433789
v 0.492722 0.009021 -0.432710
v 0.491539 0.009247 -0.433751
v -0.501539 0.009247 -0.433751
v 0.491539 0.008870 -0.432673
v 0.491539 0.009855 -0.434719
v 0.491539 0.010663 -0.435526
v -0.501539 0.009855 -0.434719
v -0.502690 0.009988 -0.434674
v -0.501539 0.010663 -0.435526
v -0.502694 0.010702 -0.435388
v -0.501539 0.011630 -0.436134
v -0.502715 0.011592 -0.435962
v 0.491539 0.011630 -0.436134
v 0.492705 0.011591 -0.435964
v 0.492710 0.012659 -0.436360
v 0.492690 0.010707 -0.435393
v 0.493726 0.011653 -0.435593
v -0.502722 0.012672 -0.436360
v -0.503729 0.011656 -0.435593
v -0.503790 0.012676 -0.435964
v -0.504509 0.011737 -0.435110
v -0.503646 0.010871 -0.435109
v -0.503645 0.010271 -0.434509
v -0.504327 0.011054 -0.434774
v -0.504327 0.010607 -0.434327
v -0.504774 0.011054 -0.434327
v -0.505110 0.010872 -0.433644
v -0.505109 0.011735 -0.434510
v -0.505593 0.011653 -0.433725
v -0.505388 0.012688 -0.434679
v -0.505962 0.012666 -0.433789
v -0.505526 0.013842 -0.434719
v -0.504674 0.012691 -0.435393
v -0.504719 0.013842 -0.435526
v -0.505676 0.122815 -0.436081
v -0.505673 0.122815 -0.436079
v -0.503751 0.013842 -0.436134
v -0.505191 0.122809 -0.436386
v -0.505196 0.122809 -0.436387
v -0.504657 0.122803 -0.436575
v -0.504664 0.122803 -0.436575
v -0.506078 0.122820 -0.435670
v -0.506383 0.122825 -0.435177
v -0.506574 0.122828 -0.434625
v -0.506134 0.013842 -0.433751
v -0.506511 0.013842 -0.432673
v -0.506360 0.012659 -0.432710
v -0.506639 0.013842 -0.431539
v -0.506639 0.122830 -0.434100
v -0.506639 0.122831 -0.434041
v -0.506511 0.012708 -0.431539
v -0.506639 0.013842 0.311539
v -0.506639 0.123515 -0.181463
v -0.506639 0.123540 -0.172225
v -0.506639 0.084266 -0.172225
v -0.506639 0.082032 -0.171973
v -0.506639 0.079910 -0.171230
v -0.519750 0.082032 -0.171973
v -0.519750 0.079910 -0.171230
v -0.519750 0.078006 -0.170034
v -0.519750 0.076416 -0.168444
v -0.506639 0.078006 -0.170034
v -0.506639 0.076416 -0.168444
v -0.506639 0.075220 -0.166541
v -0.506639 0.074477 -0.164419
v -0.519750 0.075220 -0.166541
v -0.519750 0.074477 -0.164419
v -0.519750 0.074477 -0.160031
v -0.519750 0.074225 -0.162265
v -0.519750 0.074225 -0.162184
v -0.506639 0.074225 -0.162184
v -0.506639 0.074225 -0.162265
v -0.506639 0.074477 -0.160031
v -0.506639 0.075220 -0.157909
v -0.519750 0.075220 -0.157909
v -0.506639 0.076416 -0.156005
v -0.506639 0.078006 -0.154415
v -0.519750 0.076416 -0.156005
v -0.519750 0.078006 -0.154415
v -0.519750 0.079910 -0.153219
v -0.506639 0.079910 -0.153219
v -0.519750 0.082032 -0.152477
v -0.519750 0.084266 -0.152225
v -0.506639 0.082032 -0.152477
v -0.506639 0.084266 -0.152225
v -0.506639 0.123595 -0.152225
v -0.506639 0.084266 -0.135104
v -0.519750 0.084266 -0.135104
v -0.506639 0.082032 -0.134852
v -0.506639 0.123641 -0.135104
v -0.519750 0.123778 -0.135104
v -0.519750 0.123732 -0.152225
v -0.519750 0.082032 -0.134852
v -0.506639 0.079910 -0.134110
v -0.506639 0.078006 -0.132914
v -0.519750 0.079910 -0.134110
v -0.519750 0.078006 -0.132914
v -0.519750 0.076416 -0.131324
v -0.519750 0.075220 -0.129420
v -0.506639 0.076416 -0.131324
v -0.506639 0.075220 -0.129420
v -0.506639 0.074477 -0.127298
v -0.506639 0.074225 -0.125145
v -0.519750 0.074477 -0.127298
v -0.506639 0.074225 -0.125064
v -0.506639 0.074477 -0.122910
v -0.519750 0.074477 -0.122910
v -0.506639 0.075220 -0.120788
v -0.506639 0.076416 -0.118884
v -0.519750 0.075220 -0.120788
v -0.519750 0.076416 -0.118884
v -0.519750 0.078006 -0.117295
v -0.519750 0.079910 -0.116098
v -0.506639 0.078006 -0.117295
v -0.506639 0.079910 -0.116098
v -0.506639 0.082032 -0.115356
v -0.506639 0.084266 -0.115104
v -0.519750 0.082032 -0.115356
v -0.519750 0.084266 -0.115104
v -0.519750 0.084266 -0.099512
v -0.519750 0.123832 -0.115104
v -0.519750 0.123875 -0.099512
v -0.506639 0.123695 -0.115104
v -0.506639 0.123737 -0.099512
v -0.506639 0.084266 -0.099512
v -0.506639 0.082032 -0.099260
v -0.519750 0.082032 -0.099260
v -0.506639 0.079910 -0.098518
v -0.519750 0.079910 -0.098518
v -0.506639 0.078006 -0.097321
v -0.519750 0.078006 -0.097321
v -0.506639 0.076416 -0.095732
v -0.519750 0.076416 -0.095732
v -0.506639 0.075220 -0.093828
v -0.506639 0.074477 -0.091706
v -0.519750 0.075220 -0.093828
v -0.519750 0.074477 -0.091706
v -0.519750 0.074477 -0.087318
v -0.519750 0.074225 -0.089552
v -0.519750 0.074225 -0.089472
v -0.506639 0.074225 -0.089472
v -0.506639 0.074225 -0.089552
v -0.506639 0.074477 -0.087318
v -0.506639 0.075220 -0.085196
v -0.506639 0.076416 -0.083292
v -0.519750 0.075220 -0.085196
v -0.519750 0.076416 -0.083292
v -0.519750 0.078006 -0.081702
v -0.519750 0.079910 -0.080506
v -0.506639 0.078006 -0.081702
v -0.506639 0.079910 -0.080506
v -0.506639 0.082032 -0.079764
v -0.506639 0.084266 -0.079512
v -0.519750 0.082032 -0.079764
v -0.519750 0.084266 -0.079512
v -0.519750 0.123929 -0.079512
v -0.519750 0.084266 -0.062391
v -0.519750 0.123975 -0.062391
v -0.519750 0.082032 -0.062140
v -0.506639 0.084266 -0.062391
v -0.506639 0.082032 -0.062140
v -0.506639 0.123838 -0.062391
v -0.506639 0.123792 -0.079512
v -0.506639 0.079910 -0.061397
v -0.506639 0.078006 -0.060201
v -0.519750 0.079910 -0.061397
v -0.519750 0.078006 -0.060201
v -0.519750 0.076416 -0.058611
v -0.519750 0.075220 -0.056707
v -0.506639 0.076416 -0.058611
v -0.506639 0.075220 -0.056707
v -0.506639 0.074477 -0.054585
v -0.506639 0.074477 -0.050198
v -0.519750 0.074477 -0.054585
v -0.506639 0.074225 -0.052351
v -0.506639 0.074225 -0.052432
v -0.519750 0.074225 -0.052351
v -0.519750 0.074477 -0.050198
v -0.519750 0.074225 -0.052432
v -0.519750 0.075220 -0.048075
v -0.519750 0.076416 -0.046172
v -0.506639 0.075220 -0.048075
v -0.506639 0.076416 -0.046172
v -0.506639 0.078006 -0.044582
v -0.519750 0.078006 -0.044582
v -0.506639 0.079910 -0.043386
v -0.519750 0.079910 -0.043386
v -0.506639 0.082032 -0.042643
v -0.506639 0.084266 -0.042391
v -0.519750 0.082032 -0.042643
v -0.519750 0.084266 -0.042391
v -0.519750 0.084266 -0.023796
v -0.519750 0.124029 -0.042391
v -0.519750 0.124080 -0.023796
v -0.506639 0.123892 -0.042391
v -0.506639 0.123943 -0.023796
v -0.506639 0.084266 -0.023796
v -0.506639 0.082032 -0.023545
v -0.519750 0.082032 -0.023545
v -0.506639 0.079910 -0.022802
v -0.519750 0.079910 -0.022802
v -0.506639 0.078006 -0.021606
v -0.519750 0.078006 -0.021606
v -0.506639 0.076416 -0.020016
v -0.506639 0.075220 -0.018112
v -0.519750 0.076416 -0.020016
v -0.519750 0.075220 -0.018112
v -0.519750 0.074477 -0.015990
v -0.519750 0.074477 -0.011602
v -0.506639 0.074477 -0.015990
v -0.519750 0.074225 -0.013756
v -0.519750 0.074225 -0.013837
v -0.506639 0.074225 -0.013756
v -0.506639 0.074477 -0.011602
v -0.506639 0.074225 -0.013837
v -0.506639 0.075220 -0.009480
v -0.519750 0.075220 -0.009480
v -0.506639 0.076416 -0.007577
v -0.506639 0.078006 -0.005987
v -0.519750 0.076416 -0.007577
v -0.519750 0.078006 -0.005987
v -0.519750 0.079910 -0.004791
v -0.519750 0.082032 -0.004048
v -0.506639 0.079910 -0.004791
v -0.506639 0.082032 -0.004048
v -0.506639 0.084266 -0.003796
v -0.506639 0.123997 -0.003796
v -0.506639 0.084266 0.013324
v -0.519750 0.084266 -0.003796
v -0.519750 0.124134 -0.003796
v -0.519750 0.084266 0.013324
v -0.519750 0.124180 0.013324
v -0.519750 0.082032 0.013576
v -0.519750 0.079910 0.014319
v -0.506639 0.082032 0.013576
v -0.506639 0.079910 0.014319
v -0.506639 0.078006 0.015515
v -0.506639 0.076416 0.017105
v -0.519750 0.078006 0.015515
v -0.519750 0.076416 0.017105
v -0.519750 0.075220 0.019008
v -0.519750 0.074477 0.021131
v -0.506639 0.075220 0.019008
v -0.506639 0.074477 0.021131
v -0.506639 0.074225 0.023365
v -0.506639 0.074477 0.025518
v -0.519750 0.074477 0.025518
v -0.506639 0.074225 0.023284
v -0.506639 0.075220 0.027640
v -0.506639 0.076416 0.029544
v -0.519750 0.075220 0.027640
v -0.519750 0.076416 0.029544
v -0.519750 0.078006 0.031134
v -0.519750 0.079910 0.032330
v -0.506639 0.078006 0.031134
v -0.506639 0.079910 0.032330
v -0.506639 0.082032 0.033073
v -0.506639 0.084266 0.033324
v -0.519750 0.082032 0.033073
v -0.519750 0.084266 0.033324
v -0.519750 0.124235 0.033324
v -0.519750 0.084266 0.048917
v -0.519750 0.124277 0.048917
v -0.519750 0.082032 0.049168
v -0.506639 0.084266 0.048917
v -0.506639 0.124140 0.048917
v -0.506639 0.082032 0.049168
v -0.506639 0.079910 0.049911
v -0.519750 0.079910 0.049911
v -0.506639 0.078006 0.051107
v -0.506639 0.076416 0.052697
v -0.519750 0.078006 0.051107
v -0.519750 0.076416 0.052697
v -0.519750 0.075220 0.054601
v -0.519750 0.074477 0.056723
v -0.506639 0.075220 0.054601
v -0.506639 0.074477 0.056723
v -0.506639 0.074225 0.058957
v -0.506639 0.074477 0.061110
v -0.506639 0.074225 0.058876
v -0.519750 0.074477 0.061110
v -0.506639 0.075220 0.063233
v -0.506639 0.076416 0.065136
v -0.519750 0.075220 0.063233
v -0.519750 0.076416 0.065136
v -0.519750 0.078006 0.066726
v -0.519750 0.079910 0.067922
v -0.506639 0.078006 0.066726
v -0.506639 0.079910 0.067922
v -0.506639 0.082032 0.068665
v -0.506639 0.084266 0.068917
v -0.519750 0.082032 0.068665
v -0.519750 0.084266 0.068917
v -0.519750 0.084266 0.086037
v -0.519750 0.124331 0.068917
v -0.519750 0.124378 0.086037
v -0.506639 0.124194 0.068917
v -0.506639 0.124240 0.086037
v -0.506639 0.084266 0.086037
v -0.506639 0.082032 0.086289
v -0.519750 0.082032 0.086289
v -0.506639 0.079910 0.087032
v -0.506639 0.078006 0.088228
v -0.519750 0.079910 0.087032
v -0.519750 0.078006 0.088228
v -0.519750 0.076416 0.089818
v -0.519750 0.075220 0.091721
v -0.506639 0.076416 0.089818
v -0.506639 0.075220 0.091721
v -0.506639 0.074477 0.093843
v -0.506639 0.074225 0.096078
v -0.519750 0.074477 0.093843
v -0.519750 0.074225 0.096078
v -0.519750 0.074225 0.095997
v -0.506639 0.074225 0.095997
v -0.519750 0.074477 0.098231
v -0.519750 0.075220 0.100353
v -0.506639 0.074477 0.098231
v -0.506639 0.075220 0.100353
v -0.506639 0.076416 0.102257
v -0.506639 0.078006 0.103847
v -0.519750 0.076416 0.102257
v -0.519750 0.078006 0.103847
v -0.519750 0.079910 0.105043
v -0.506639 0.079910 0.105043
v -0.519750 0.082032 0.105785
v -0.519750 0.084266 0.106037
v -0.506639 0.082032 0.105785
v -0.506639 0.084266 0.106037
v -0.506639 0.124295 0.106037
v -0.519750 0.124432 0.106037
v -0.506639 0.124859 0.314147
v -0.519750 0.074225 0.058957
v -0.519750 0.074225 0.058876
v -0.506639 0.124097 0.033324
v -0.519750 0.074225 0.023284
v -0.519750 0.074225 0.023365
v -0.506639 0.124043 0.013324
v -0.519750 0.074225 -0.125145
v -0.519750 0.074225 -0.125064
v -0.506639 0.124859 0.314087
v -0.506511 0.012708 0.311539
v -0.506511 0.013842 0.312673
v -0.506360 0.012672 0.312722
v -0.506134 0.013842 0.313751
v -0.506575 0.124859 0.314662
v -0.506388 0.124859 0.315204
v -0.506088 0.124857 0.315688
v -0.505691 0.124854 0.316090
v -0.505526 0.013842 0.314719
v -0.505393 0.012691 0.314674
v -0.504719 0.013842 0.315526
v -0.504679 0.012688 0.315388
v -0.503751 0.013842 0.316134
v -0.505218 0.124850 0.316391
v -0.502673 0.013842 0.316511
v -0.505213 0.124850 0.316390
v -0.503789 0.012666 0.315962
v -0.502710 0.012659 0.316360
v -0.503725 0.011653 0.315593
v -0.503645 0.010872 0.315110
v -0.504510 0.011735 0.315109
v -0.502705 0.011591 0.315964
v -0.501539 0.011630 0.316134
v -0.502690 0.010707 0.315393
v -0.501539 0.010663 0.315526
v -0.502694 0.009993 0.314679
v -0.501539 0.009855 0.314719
v -0.503646 0.010272 0.314510
v -0.502715 0.009419 0.313789
v -0.502722 0.009021 0.312710
v -0.501539 0.009247 0.313751
v -0.503729 0.009788 0.313725
v -0.503790 0.009417 0.312705
v -0.504509 0.010271 0.313644
v -0.504327 0.010607 0.314327
v -0.504674 0.009988 0.312690
v -0.505109 0.010871 0.313646
v -0.505593 0.011656 0.313728
v -0.505388 0.010702 0.312694
v -0.504774 0.011054 0.314327
v -0.505110 0.011737 0.314509
v -0.504327 0.011054 0.314774
v -0.505962 0.011592 0.312715
v -0.505526 0.010663 0.311539
v -0.505526 0.010663 -0.431539
v -0.504719 0.009855 0.311539
v -0.506134 0.011630 0.311539
v -0.506134 0.011630 -0.431539
v -0.505964 0.011591 -0.432705
v -0.505393 0.010707 -0.432690
v -0.504679 0.009993 -0.432694
v -0.504719 0.009855 -0.431539
v -0.504510 0.010272 -0.433646
v -0.503789 0.009419 -0.432715
v -0.502710 0.009021 -0.432722
v -0.503751 0.009247 -0.431539
v -0.503725 0.009788 -0.433728
v -0.502705 0.009417 -0.433790
v -0.502673 0.008870 -0.431539
v -0.503751 0.009247 0.311539
v -0.502673 0.008870 0.311539
v -0.501539 0.008742 0.311539
v -0.501539 0.008742 -0.431539
v -0.501539 0.008870 0.312673
v 0.491539 0.008742 0.311539
v 0.492673 0.008870 0.311539
v 0.491539 0.008870 0.312673
v 0.491539 0.008742 -0.431539
v 0.492673 0.008870 -0.431539
v 0.493751 0.009247 -0.431539
v 0.493751 0.009247 0.311539
v 0.494719 0.009855 -0.431539
v 0.494674 0.009988 -0.432690
v 0.494719 0.009855 0.311539
v 0.495526 0.010663 -0.431539
v 0.495526 0.010663 0.311539
v 0.495388 0.010702 -0.432694
v 0.496134 0.011630 -0.431539
v 0.496134 0.011630 0.311539
v 0.496511 0.012708 -0.431539
v 0.495962 0.011592 -0.432715
v 0.496360 0.012672 -0.432722
v 0.496511 0.013842 -0.432673
v 0.496134 0.013842 -0.433751
v 0.496568 0.112333 -0.434437
v 0.496639 0.013842 -0.431539
v 0.496639 0.112334 -0.433800
v 0.496639 0.013842 0.311539
v 0.496639 0.112333 -0.433853
v 0.496639 0.112819 -0.254801
v 0.496639 0.112885 -0.230321
v 0.509750 0.112748 -0.230273
v 0.496639 0.112442 -0.230166
v 0.509750 0.112442 -0.230166
v 0.496639 0.106950 -0.226715
v 0.509750 0.106950 -0.226715
v 0.496639 0.102364 -0.222129
v 0.509750 0.102364 -0.222129
v 0.496639 0.098913 -0.216637
v 0.496639 0.096771 -0.210515
v 0.509750 0.098913 -0.216637
v 0.509750 0.096771 -0.210515
v 0.509750 0.096045 -0.204070
v 0.509750 0.096045 0.258002
v 0.496639 0.096045 -0.204070
v 0.496639 0.096045 0.258002
v 0.496639 0.096771 0.264447
v 0.496639 0.098913 0.270569
v 0.509750 0.096771 0.264447
v 0.509750 0.098913 0.270569
v 0.509750 0.102364 0.276061
v 0.509750 0.106950 0.280647
v 0.496639 0.102364 0.276061
v 0.496639 0.106950 0.280647
v 0.496639 0.112442 0.284098
v 0.509750 0.112442 0.284098
v 0.496639 0.114281 0.284741
v 0.509750 0.114144 0.284693
v 0.496639 0.114360 0.313901
v 0.509750 0.114252 0.324650
v 0.509617 0.114257 0.325783
v 0.509750 0.005100 0.324650
v 0.509622 0.003966 0.324650
v 0.509622 0.005100 0.325784
v 0.509750 0.005100 -0.444650
v 0.509750 0.112167 -0.444650
v 0.509622 0.005100 -0.445784
v 0.509622 0.003966 -0.444650
v 0.509471 0.003917 -0.445821
v 0.509245 0.002888 -0.444650
v 0.509245 0.002888 0.324650
v 0.509075 0.002849 -0.445816
v 0.508637 0.001920 -0.444650
v 0.508504 0.001965 -0.445801
v 0.507830 0.001113 -0.444650
v 0.508637 0.001920 0.324650
v 0.507830 0.001113 0.324650
v 0.508499 0.001960 0.325805
v 0.508220 0.002129 0.326757
v 0.507785 0.001246 0.325801
v 0.509073 0.002850 0.325826
v 0.509471 0.003929 0.325833
v 0.508704 0.002913 0.326840
v 0.509075 0.003934 0.326901
v 0.508221 0.002994 0.327620
v 0.508504 0.003949 0.327785
v 0.507621 0.002993 0.328220
v 0.507885 0.002312 0.327438
v 0.507438 0.001865 0.327438
v 0.507438 0.002312 0.327885
v 0.506756 0.002130 0.328221
v 0.506757 0.001530 0.327621
v 0.505801 0.001965 0.328504
v 0.506836 0.002910 0.328704
v 0.505816 0.002849 0.329075
v 0.506900 0.003924 0.329073
v 0.505821 0.003917 0.329471
v 0.506862 0.005100 0.329245
v 0.507790 0.003945 0.328499
v 0.507830 0.005100 0.328637
v 0.507822 0.114283 0.328628
v 0.508637 0.005100 0.327830
v 0.508628 0.114273 0.327822
v 0.509245 0.005100 0.326862
v 0.509236 0.114264 0.326858
v 0.506858 0.114295 0.329236
v 0.505783 0.114307 0.329617
v 0.504650 0.114320 0.329750
v 0.505784 0.005100 0.329622
v 0.504650 0.005100 0.329750
v 0.504650 0.003966 0.329622
v 0.307732 0.050158 0.329750
v -0.116618 0.048887 0.329750
v 0.145299 0.059175 0.329750
v -0.514650 0.005100 0.329750
v -0.514650 0.124985 0.329750
v -0.514650 0.003966 0.329622
v -0.515784 0.005100 0.329622
v -0.446773 0.069070 0.329750
v -0.446352 0.073342 0.329750
v -0.446773 0.069070 0.316639
v -0.446352 0.064797 0.329750
v -0.445106 0.060689 0.329750
v -0.446352 0.064797 0.316639
v -0.445106 0.060689 0.316639
v -0.443082 0.056903 0.316639
v -0.443082 0.056903 0.329750
v -0.440359 0.053584 0.316639
v -0.437040 0.050861 0.316639
v -0.440359 0.053584 0.329750
v -0.437040 0.050861 0.329750
v -0.433254 0.048837 0.329750
v -0.433254 0.048837 0.316639
v -0.429145 0.047591 0.329750
v -0.429145 0.047591 0.316639
v -0.424873 0.047170 0.329750
v -0.424873 0.047170 0.316639
v -0.420601 0.047591 0.329750
v -0.420601 0.047591 0.316639
v -0.416492 0.048837 0.329750
v -0.412706 0.050861 0.329750
v -0.416492 0.048837 0.316639
v -0.412706 0.050861 0.316639
v -0.409387 0.053584 0.316639
v -0.409387 0.053584 0.329750
v -0.406664 0.056903 0.316639
v -0.404640 0.060689 0.316639
v -0.406664 0.056903 0.329750
v -0.404640 0.060689 0.329750
v -0.403394 0.064797 0.329750
v -0.403394 0.064797 0.316639
v -0.402973 0.069070 0.329750
v -0.403394 0.073342 0.329750
v -0.394531 0.068475 0.329750
v -0.402973 0.069070 0.316639
v -0.394513 0.068548 0.316639
v -0.403394 0.073342 0.316639
v -0.404640 0.077451 0.316639
v -0.404640 0.077451 0.329750
v -0.406664 0.081237 0.316639
v -0.406664 0.081237 0.329750
v -0.409387 0.084555 0.316639
v -0.412706 0.087279 0.316639
v -0.409387 0.084555 0.329750
v -0.412706 0.087279 0.329750
v -0.416492 0.089303 0.329750
v -0.420601 0.090549 0.329750
v -0.416492 0.089303 0.316639
v -0.420601 0.090549 0.316639
v -0.424873 0.090970 0.316639
v -0.424873 0.090970 0.329750
v -0.429145 0.090549 0.316639
v -0.433254 0.089303 0.316639
v -0.429145 0.090549 0.329750
v -0.433254 0.089303 0.329750
v -0.437040 0.087279 0.329750
v -0.440359 0.084555 0.329750
v -0.437040 0.087279 0.316639
v -0.440359 0.084555 0.316639
v -0.443082 0.081237 0.316639
v -0.445106 0.077451 0.316639
v -0.443082 0.081237 0.329750
v -0.445106 0.077451 0.329750
v -0.446352 0.073342 0.316639
v -0.394091 0.070233 0.316639
v -0.394603 0.068187 0.316639
v -0.394603 0.068187 0.329750
v -0.394913 0.066100 0.316639
v -0.394913 0.062096 0.316639
v -0.395016 0.064203 0.316639
v -0.395016 0.063993 0.316639
v -0.394913 0.066100 0.329750
v -0.395016 0.064203 0.329750
v -0.395016 0.063993 0.329750
v -0.394913 0.062096 0.329750
v -0.394603 0.060010 0.329750
v -0.394091 0.057964 0.329750
v -0.394603 0.060010 0.316639
v -0.394091 0.057964 0.316639
v -0.393380 0.055977 0.316639
v -0.392478 0.054071 0.316639
v -0.393380 0.055977 0.329750
v -0.392478 0.054071 0.329750
v -0.391394 0.052261 0.329750
v -0.390137 0.050567 0.329750
v -0.391394 0.052261 0.316639
v -0.390137 0.050567 0.316639
v -0.388721 0.049004 0.316639
v -0.388721 0.049004 0.329750
v -0.387158 0.047587 0.316639
v -0.385464 0.046331 0.316639
v -0.387158 0.047587 0.329750
v -0.385464 0.046331 0.329750
v -0.383654 0.045246 0.329750
v -0.381747 0.044345 0.329750
v -0.383654 0.045246 0.316639
v -0.381747 0.044345 0.316639
v -0.379761 0.043634 0.316639
v -0.379761 0.043634 0.329750
v -0.377715 0.043121 0.316639
v -0.375629 0.042812 0.316639
v -0.377715 0.043121 0.329750
v -0.375629 0.042812 0.329750
v -0.373522 0.042708 0.329750
v -0.373522 0.042708 0.316639
v -0.316816 0.042708 0.329750
v -0.314710 0.042812 0.329750
v -0.316816 0.042708 0.316639
v -0.314710 0.042812 0.316639
v -0.312623 0.043121 0.316639
v -0.312623 0.043121 0.329750
v -0.310577 0.043634 0.316639
v -0.308591 0.044345 0.316639
v -0.310577 0.043634 0.329750
v -0.308591 0.044345 0.329750
v -0.306684 0.045246 0.329750
v -0.304875 0.046331 0.329750
v -0.306684 0.045246 0.316639
v -0.304875 0.046331 0.316639
v -0.303180 0.047587 0.316639
v -0.303180 0.047587 0.329750
v -0.301617 0.049004 0.316639
v -0.301617 0.049004 0.329750
v -0.300201 0.050567 0.316639
v -0.300201 0.050567 0.329750
v -0.298944 0.052261 0.316639
v -0.298944 0.052261 0.329750
v -0.297860 0.054071 0.316639
v -0.297860 0.054071 0.329750
v -0.296958 0.055977 0.316639
v -0.296958 0.055977 0.329750
v -0.296247 0.057964 0.316639
v -0.296247 0.057964 0.329750
v -0.295735 0.060010 0.316639
v -0.295425 0.062096 0.316639
v -0.295735 0.060010 0.329750
v -0.295514 0.061496 0.329750
v -0.273434 0.059940 0.329750
v -0.295425 0.062096 0.329750
v -0.295322 0.064203 0.329750
v -0.295425 0.066100 0.329750
v -0.295322 0.063993 0.329750
v -0.295735 0.068187 0.329750
v -0.295425 0.066100 0.316639
v -0.295322 0.063993 0.316639
v -0.295735 0.068187 0.316639
v -0.296247 0.070233 0.316639
v -0.296247 0.070233 0.329750
v -0.296958 0.072219 0.316639
v -0.296958 0.072219 0.329750
v -0.297860 0.074126 0.316639
v -0.298944 0.075935 0.316639
v -0.297860 0.074126 0.329750
v -0.298944 0.075935 0.329750
v -0.300201 0.077629 0.329750
v -0.301617 0.079192 0.329750
v -0.300201 0.077629 0.316639
v -0.301617 0.079192 0.316639
v -0.303180 0.080609 0.316639
v -0.303180 0.080609 0.329750
v -0.304875 0.081865 0.316639
v -0.304875 0.081865 0.329750
v -0.306684 0.082950 0.316639
v -0.306684 0.082950 0.329750
v -0.308591 0.083852 0.316639
v -0.310577 0.084562 0.316639
v -0.308591 0.083852 0.329750
v -0.310577 0.084562 0.329750
v -0.312623 0.085075 0.329750
v -0.314710 0.085384 0.329750
v -0.312623 0.085075 0.316639
v -0.314710 0.085384 0.316639
v -0.316816 0.085488 0.316639
v -0.316816 0.085488 0.329750
v -0.373522 0.085488 0.316639
v -0.373522 0.085488 0.329750
v -0.375629 0.085384 0.316639
v -0.375629 0.085384 0.329750
v -0.377715 0.085075 0.316639
v -0.379761 0.084562 0.316639
v -0.377715 0.085075 0.329750
v -0.379761 0.084562 0.329750
v -0.381747 0.083852 0.329750
v -0.383654 0.082950 0.329750
v -0.381747 0.083852 0.316639
v -0.383654 0.082950 0.316639
v -0.385464 0.081865 0.316639
v -0.385464 0.081865 0.329750
v -0.387158 0.080609 0.316639
v -0.387158 0.080609 0.329750
v -0.388721 0.079192 0.316639
v -0.388721 0.079192 0.329750
v -0.390137 0.077629 0.316639
v -0.391394 0.075935 0.316639
v -0.390137 0.077629 0.329750
v -0.391394 0.075935 0.329750
v -0.392478 0.074126 0.329750
v -0.392478 0.074126 0.316639
v -0.393380 0.072219 0.329750
v -0.393380 0.072219 0.316639
v -0.394091 0.070233 0.329750
v -0.295322 0.064203 0.316639
v -0.295409 0.062429 0.316639
v -0.273434 0.061072 0.316639
v -0.273434 0.056693 0.316639
v -0.273434 0.122425 0.316639
v -0.504087 0.124839 0.316639
v -0.273434 0.122461 0.329750
v -0.501539 0.013842 0.316639
v -0.504138 0.124839 0.316639
v -0.504147 0.124839 0.316639
v -0.501539 0.012708 0.316511
v 0.491539 0.013842 0.316639
v 0.493847 0.114397 0.316639
v 0.491539 0.012708 0.316511
v 0.492673 0.013842 0.316511
v 0.317836 0.072225 0.316639
v 0.024000 0.042708 0.316639
v 0.145299 0.059149 0.316639
v 0.493902 0.114396 0.316639
v 0.494510 0.114390 0.316570
v 0.494504 0.114390 0.316570
v 0.495084 0.114383 0.316367
v 0.495080 0.114383 0.316366
v 0.493751 0.013842 0.316134
v 0.493790 0.012676 0.315964
v 0.494719 0.013842 0.315526
v 0.494674 0.012691 0.315393
v 0.495526 0.013842 0.314719
v 0.495599 0.114377 0.316037
v 0.495602 0.114377 0.316038
v 0.496035 0.114371 0.315596
v 0.496364 0.114366 0.315066
v 0.496569 0.114363 0.314474
v 0.496134 0.013842 0.313751
v 0.496511 0.013842 0.312673
v 0.495962 0.012666 0.313789
v 0.496360 0.012659 0.312710
v 0.495593 0.011653 0.313725
v 0.495388 0.012688 0.314679
v 0.495109 0.011735 0.314510
v 0.494509 0.011737 0.315110
v 0.494774 0.011054 0.314327
v 0.495110 0.010872 0.313644
v 0.494327 0.010607 0.314327
v 0.494327 0.011054 0.314774
v 0.493646 0.010871 0.315109
v 0.493729 0.011656 0.315593
v 0.492694 0.010702 0.315388
v 0.493645 0.010271 0.314509
v 0.492690 0.009988 0.314674
v 0.493726 0.009788 0.313728
v 0.492705 0.009417 0.313790
v 0.493789 0.009419 0.312715
v 0.494510 0.010272 0.313646
v 0.494679 0.009993 0.312694
v 0.495393 0.010707 0.312690
v 0.495964 0.011591 0.312705
v 0.492710 0.009021 0.312722
v 0.491539 0.009247 0.313751
v 0.491539 0.009855 0.314719
v 0.491539 0.010663 0.315526
v 0.491539 0.011630 0.316134
v 0.492715 0.011592 0.315962
v 0.492722 0.012672 0.316360
v 0.496511 0.012708 0.311539
v 0.496639 0.114360 0.313846
v 0.144887 0.055490 0.316639
v 0.145299 0.059175 0.316639
v 0.145299 0.059149 0.329750
v 0.144887 0.055490 0.329750
v 0.143671 0.052015 0.329750
v 0.143671 0.052015 0.316639
v 0.141712 0.048898 0.329750
v 0.141712 0.048898 0.316639
v 0.139109 0.046295 0.329750
v 0.135992 0.044336 0.329750
v 0.139109 0.046295 0.316639
v 0.135992 0.044336 0.316639
v 0.132517 0.043121 0.316639
v 0.132517 0.043121 0.329750
v 0.128859 0.042708 0.316639
v 0.128859 0.042708 0.329750
v 0.101972 0.042708 0.316639
v 0.098314 0.043121 0.316639
v 0.101972 0.042708 0.329750
v 0.098314 0.043121 0.329750
v 0.094839 0.044336 0.329750
v 0.091722 0.046295 0.329750
v 0.094839 0.044336 0.316639
v 0.091722 0.046295 0.316639
v 0.089118 0.048898 0.316639
v 0.087160 0.052015 0.316639
v 0.089118 0.048898 0.329750
v 0.087160 0.052015 0.329750
v 0.085944 0.055490 0.329750
v 0.085532 0.059149 0.329750
v 0.085944 0.055490 0.316639
v 0.085532 0.059149 0.316639
v 0.085532 0.059175 0.316639
v 0.062165 0.051649 0.316639
v 0.085944 0.062833 0.316639
v 0.085532 0.059175 0.329750
v 0.085944 0.062833 0.329750
v 0.087160 0.066308 0.329750
v 0.089118 0.069426 0.329750
v 0.087160 0.066308 0.316639
v 0.089118 0.069426 0.316639
v 0.091722 0.072029 0.316639
v 0.091722 0.072029 0.329750
v 0.094839 0.073987 0.316639
v 0.094839 0.073987 0.329750
v 0.098314 0.075203 0.316639
v 0.101972 0.075615 0.316639
v 0.098314 0.075203 0.329750
v 0.101972 0.075615 0.329750
v 0.128859 0.075615 0.329750
v 0.132517 0.075203 0.329750
v 0.128859 0.075615 0.316639
v 0.132517 0.075203 0.316639
v 0.135992 0.073987 0.316639
v 0.135992 0.073987 0.329750
v 0.139109 0.072029 0.316639
v 0.139109 0.072029 0.329750
v 0.251567 0.073766 0.316639
v 0.141712 0.069426 0.316639
v 0.141712 0.069426 0.329750
v 0.143671 0.066308 0.316639
v 0.143671 0.066308 0.329750
v 0.144887 0.062833 0.316639
v 0.144887 0.062833 0.329750
v 0.251567 0.072225 0.316639
v 0.252307 0.080334 0.316639
v 0.251567 0.073766 0.329750
v 0.252307 0.080334 0.329750
v 0.251567 0.072225 0.329750
v 0.252307 0.065657 0.329750
v 0.253379 0.062594 0.329750
v 0.252307 0.065657 0.316639
v 0.254490 0.059418 0.316639
v 0.254490 0.059418 0.329750
v 0.258007 0.053822 0.316639
v 0.262680 0.049148 0.316639
v 0.258007 0.053822 0.329750
v 0.262680 0.049148 0.329750
v 0.268277 0.045631 0.329750
v 0.274516 0.043448 0.329750
v 0.268277 0.045631 0.316639
v 0.274516 0.043448 0.316639
v 0.281084 0.042708 0.316639
v 0.281084 0.042708 0.329750
v 0.288319 0.042708 0.316639
v 0.288319 0.042708 0.329750
v 0.294887 0.043448 0.316639
v 0.294887 0.043448 0.329750
v 0.301126 0.045631 0.316639
v 0.301126 0.045631 0.329750
v 0.306722 0.049148 0.316639
v 0.306722 0.049148 0.329750
v 0.311396 0.053822 0.316639
v 0.311396 0.053822 0.329750
v 0.314913 0.059418 0.316639
v 0.317096 0.065657 0.316639
v 0.314912 0.059418 0.329750
v 0.317096 0.065657 0.329750
v 0.317836 0.072225 0.329750
v 0.317836 0.073766 0.329750
v 0.317096 0.080334 0.329750
v 0.317836 0.073766 0.316639
v 0.317096 0.080334 0.316639
v 0.314913 0.086573 0.316639
v 0.311396 0.092169 0.316639
v 0.314912 0.086573 0.329750
v 0.311396 0.092169 0.329750
v 0.306722 0.096843 0.329750
v 0.301126 0.100359 0.329750
v 0.306722 0.096843 0.316639
v 0.301126 0.100359 0.316639
v 0.294887 0.102542 0.316639
v 0.288319 0.103282 0.316639
v 0.294887 0.102542 0.329750
v 0.288319 0.103282 0.329750
v 0.281084 0.103282 0.329750
v 0.274516 0.102542 0.329750
v 0.281084 0.103282 0.316639
v 0.274516 0.102542 0.316639
v 0.268277 0.100359 0.316639
v 0.262680 0.096843 0.316639
v 0.268277 0.100359 0.329750
v 0.262680 0.096843 0.329750
v 0.258007 0.092169 0.329750
v 0.254490 0.086573 0.329750
v 0.258007 0.092169 0.316639
v 0.254490 0.086573 0.316639
v 0.062165 0.106347 0.329750
v 0.062165 0.051649 0.329750
v 0.062165 0.118949 0.329750
v 0.062165 0.118914 0.316639
v 0.061940 0.049660 0.329750
v 0.061279 0.047770 0.329750
v 0.061940 0.049660 0.316639
v 0.061279 0.047770 0.316639
v 0.060214 0.046075 0.316639
v 0.060214 0.046075 0.329750
v 0.058798 0.044659 0.316639
v 0.058798 0.044659 0.329750
v 0.057103 0.043594 0.316639
v 0.057103 0.043594 0.329750
v 0.055213 0.042932 0.316639
v 0.055213 0.042932 0.329750
v 0.053224 0.042708 0.316639
v 0.053224 0.042708 0.329750
v 0.005525 0.042708 0.329750
v 0.005525 0.042708 0.316639
v 0.003536 0.042932 0.329750
v 0.003536 0.042932 0.316639
v 0.001646 0.043594 0.329750
v -0.000049 0.044659 0.329750
v 0.001646 0.043594 0.316639
v 0.000773 0.044142 0.316639
v -0.056739 0.047693 0.316639
v -0.000049 0.044659 0.316639
v -0.001465 0.046075 0.316639
v -0.001465 0.046075 0.329750
v -0.002530 0.047770 0.316639
v -0.002530 0.047770 0.329750
v -0.003191 0.049660 0.316639
v -0.003191 0.049660 0.329750
v -0.003415 0.051649 0.316639
v -0.003415 0.051649 0.329750
v -0.003415 0.119600 0.316639
v -0.114234 0.120760 0.316639
v -0.003415 0.119636 0.329750
v -0.114234 0.120795 0.329750
v -0.003415 0.087887 0.329750
v -0.043047 0.076731 0.329750
v -0.041838 0.072745 0.329750
v -0.043085 0.076854 0.329750
v -0.043085 0.076854 0.316639
v -0.045108 0.080640 0.329750
v -0.045108 0.080640 0.316639
v -0.047832 0.083958 0.329750
v -0.051150 0.086682 0.329750
v -0.047832 0.083958 0.316639
v -0.051150 0.086682 0.316639
v -0.054937 0.088706 0.316639
v -0.059045 0.089952 0.316639
v -0.054937 0.088706 0.329750
v -0.059045 0.089952 0.329750
v -0.063317 0.090373 0.329750
v -0.063317 0.090373 0.316639
v -0.067590 0.089952 0.329750
v -0.071698 0.088706 0.329750
v -0.067590 0.089952 0.316639
v -0.071698 0.088706 0.316639
v -0.075484 0.086682 0.316639
v -0.078803 0.083958 0.316639
v -0.075484 0.086682 0.329750
v -0.078803 0.083958 0.329750
v -0.081527 0.080640 0.329750
v -0.083550 0.076854 0.329750
v -0.081527 0.080640 0.316639
v -0.083550 0.076854 0.316639
v -0.084797 0.072745 0.316639
v -0.085217 0.068473 0.316639
v -0.084797 0.072745 0.329750
v -0.085217 0.068473 0.329750
v -0.084871 0.064958 0.329750
v -0.114234 0.056693 0.329750
v -0.084797 0.064200 0.329750
v -0.084797 0.064200 0.316639
v -0.083550 0.060092 0.329750
v -0.083550 0.060092 0.316639
v -0.081527 0.056306 0.329750
v -0.081527 0.056306 0.316639
v -0.078803 0.052987 0.329750
v -0.075484 0.050264 0.329750
v -0.078803 0.052987 0.316639
v -0.075484 0.050264 0.316639
v -0.072496 0.048666 0.316639
v -0.071698 0.048240 0.316639
v -0.115314 0.051310 0.316639
v -0.115299 0.051341 0.316639
v -0.115886 0.050101 0.316639
v -0.115886 0.050101 0.329750
v -0.116591 0.048923 0.316639
v -0.116591 0.048923 0.329750
v -0.117409 0.047821 0.316639
v -0.118330 0.046804 0.316639
v -0.117409 0.047821 0.329750
v -0.118330 0.046804 0.329750
v -0.119347 0.045883 0.329750
v -0.120450 0.045065 0.329750
v -0.119347 0.045883 0.316639
v -0.120450 0.045065 0.316639
v -0.121627 0.044360 0.316639
v -0.121627 0.044360 0.329750
v -0.122867 0.043773 0.316639
v -0.124159 0.043310 0.316639
v -0.122867 0.043773 0.329750
v -0.124159 0.043310 0.329750
v -0.125491 0.042977 0.329750
v -0.126848 0.042776 0.329750
v -0.125491 0.042977 0.316639
v -0.126848 0.042776 0.316639
v -0.128219 0.042708 0.316639
v -0.128219 0.042708 0.329750
v -0.259450 0.042708 0.316639
v -0.259450 0.042708 0.329750
v -0.260821 0.042776 0.316639
v -0.262178 0.042977 0.316639
v -0.260821 0.042776 0.329750
v -0.262178 0.042977 0.329750
v -0.263509 0.043310 0.329750
v -0.264802 0.043773 0.329750
v -0.263509 0.043310 0.316639
v -0.264801 0.043773 0.316639
v -0.266042 0.044360 0.316639
v -0.266042 0.044360 0.329750
v -0.267219 0.045065 0.316639
v -0.267219 0.045065 0.329750
v -0.268322 0.045883 0.316639
v -0.269338 0.046804 0.316639
v -0.268322 0.045883 0.329750
v -0.269338 0.046804 0.329750
v -0.270260 0.047821 0.329750
v -0.271078 0.048923 0.329750
v -0.270260 0.047821 0.316639
v -0.271078 0.048923 0.316639
v -0.271783 0.050101 0.316639
v -0.272370 0.051341 0.316639
v -0.271783 0.050101 0.329750
v -0.272370 0.051341 0.329750
v -0.272832 0.052633 0.329750
v -0.273166 0.053965 0.329750
v -0.272832 0.052633 0.316639
v -0.273166 0.053965 0.316639
v -0.273367 0.055322 0.316639
v -0.273367 0.055322 0.329751
v -0.273434 0.056693 0.329750
v -0.115299 0.051341 0.329750
v -0.114837 0.052633 0.329750
v -0.114503 0.053965 0.329750
v -0.114837 0.052633 0.316639
v -0.114503 0.053965 0.316639
v -0.114302 0.055322 0.316639
v -0.114234 0.056693 0.316639
v -0.114302 0.055322 0.329750
v -0.071698 0.048240 0.329750
v -0.067590 0.046994 0.316639
v -0.063317 0.046573 0.316639
v -0.067590 0.046994 0.329750
v -0.063317 0.046573 0.329750
v -0.059045 0.046994 0.329750
v -0.059045 0.046994 0.316639
v -0.054937 0.048240 0.329750
v -0.051150 0.050264 0.329750
v -0.054937 0.048240 0.316639
v -0.051150 0.050264 0.316639
v -0.047832 0.052987 0.316639
v -0.045108 0.056306 0.316639
v -0.047832 0.052987 0.329750
v -0.045108 0.056306 0.329750
v -0.043085 0.060092 0.329750
v -0.043085 0.060092 0.316639
v -0.041838 0.064200 0.329750
v -0.041417 0.068473 0.329750
v -0.041838 0.064200 0.316639
v -0.041417 0.068473 0.316639
v -0.041838 0.072745 0.316639
v -0.504695 0.124845 0.316576
v -0.504688 0.124845 0.316576
v -0.515833 0.003929 0.329471
v -0.516862 0.005100 0.329245
v -0.515783 0.124996 0.329616
v -0.516858 0.125007 0.329236
v -0.517822 0.125015 0.328627
v -0.518628 0.125021 0.327822
v -0.517830 0.005100 0.328637
v -0.518637 0.005100 0.327830
v -0.517785 0.003949 0.328504
v -0.516901 0.003934 0.329075
v -0.518499 0.003945 0.327790
v -0.517620 0.002994 0.328221
v -0.518220 0.002993 0.327621
v -0.516840 0.002913 0.328704
v -0.517438 0.002312 0.327885
v -0.516757 0.002129 0.328220
v -0.517438 0.001865 0.327438
v -0.517885 0.002312 0.327438
v -0.518221 0.002130 0.326756
v -0.517621 0.001530 0.326757
v -0.518504 0.001965 0.325801
v -0.518704 0.002910 0.326836
v -0.519075 0.002849 0.325816
v -0.519073 0.003924 0.326900
v -0.519471 0.003917 0.325821
v -0.519245 0.005100 0.326862
v -0.519236 0.125025 0.326858
v -0.519616 0.125026 0.325783
v -0.519245 0.002888 0.324650
v -0.518637 0.001920 0.324650
v -0.519245 0.002888 -0.444650
v -0.519073 0.002850 -0.445826
v -0.518637 0.001920 -0.444650
v -0.518499 0.001960 -0.445805
v -0.517830 0.001113 -0.444650
v -0.517830 0.001113 0.324650
v -0.516862 0.000505 -0.444650
v -0.517785 0.001246 -0.445801
v -0.516901 0.000675 -0.445816
v -0.517620 0.001529 -0.446756
v -0.518220 0.002129 -0.446757
v -0.516840 0.001046 -0.446837
v -0.517438 0.001865 -0.447438
v -0.516757 0.001530 -0.447621
v -0.517438 0.002312 -0.447885
v -0.517885 0.002312 -0.447438
v -0.518221 0.002994 -0.447620
v -0.517621 0.002993 -0.448220
v -0.518704 0.002913 -0.446840
v -0.516837 0.002910 -0.448704
v -0.515816 0.002849 -0.449075
v -0.516900 0.003924 -0.449073
v -0.516756 0.002130 -0.448221
v -0.515801 0.001965 -0.448504
v -0.515805 0.001251 -0.447790
v -0.514650 0.001920 -0.448637
v -0.514650 0.002888 -0.449245
v -0.514650 0.001113 -0.447830
v 0.504650 0.001920 -0.448637
v 0.504650 0.002888 -0.449245
v 0.504650 0.001113 -0.447830
v 0.505805 0.001960 -0.448499
v 0.506757 0.002129 -0.448220
v 0.505801 0.001246 -0.447785
v 0.505826 0.002850 -0.449073
v 0.505833 0.003929 -0.449471
v 0.506840 0.002913 -0.448704
v 0.506901 0.003934 -0.449075
v 0.507620 0.002994 -0.448221
v 0.507785 0.003949 -0.448504
v 0.508220 0.002993 -0.447621
v 0.507438 0.002312 -0.447885
v 0.507438 0.001865 -0.447438
v 0.507885 0.002312 -0.447438
v 0.508221 0.002130 -0.446756
v 0.507621 0.001530 -0.446757
v 0.508704 0.002910 -0.446837
v 0.509073 0.003924 -0.446900
v 0.509245 0.005100 -0.446862
v 0.508499 0.003945 -0.447790
v 0.508637 0.005100 -0.447830
v 0.507830 0.005100 -0.448637
v 0.508629 0.112170 -0.447823
v 0.507823 0.112176 -0.448629
v 0.509237 0.112166 -0.446858
v 0.509617 0.112165 -0.445783
v 0.506858 0.112185 -0.449237
v 0.505783 0.112195 -0.449617
v 0.506862 0.005100 -0.449245
v 0.507790 0.001251 -0.445805
v 0.506836 0.001046 -0.446840
v 0.505816 0.000675 -0.446901
v 0.506900 0.000677 -0.445826
v 0.506756 0.001529 -0.447620
v 0.505821 0.000279 -0.445833
v 0.506862 0.000505 -0.444650
v 0.505784 0.000128 -0.444650
v 0.506862 0.000505 0.324650
v 0.505784 0.000128 0.324650
v 0.506901 0.000675 0.325816
v 0.505833 0.000279 0.325821
v 0.506840 0.001046 0.326836
v 0.505826 0.000677 0.326900
v 0.507620 0.001529 0.326756
v 0.504650 0.000505 0.326862
v 0.505805 0.001251 0.327790
v 0.504650 0.001113 0.327830
v 0.504650 0.001920 0.328637
v -0.514650 0.001113 0.327830
v -0.514650 0.000505 0.326862
v -0.515801 0.001246 0.327785
v -0.514650 0.001920 0.328637
v -0.514650 0.002888 0.329245
v -0.515805 0.001960 0.328499
v -0.515826 0.002850 0.329073
v 0.504650 0.002888 0.329245
v -0.515816 0.000675 0.326901
v -0.516756 0.001529 0.327620
v -0.516837 0.001046 0.326840
v -0.516900 0.000677 0.325826
v -0.515821 0.000279 0.325833
v -0.516862 0.000505 0.324650
v -0.517790 0.001251 0.325805
v -0.515784 0.000128 0.324650
v -0.515784 0.000128 -0.444650
v -0.514650 0.000000 0.324650
v -0.514650 0.000128 0.325784
v -0.514650 0.000000 -0.444650
v 0.504650 0.000000 0.324650
v 0.504650 0.000128 0.325784
v 0.504650 0.000000 -0.444650
v 0.504650 0.000128 -0.445784
v 0.504650 0.000505 -0.446862
v -0.514650 0.000128 -0.445784
v -0.515833 0.000279 -0.445821
v -0.514650 0.000505 -0.446862
v -0.515826 0.000677 -0.446900
v -0.519471 0.003929 -0.445833
v 0.496359 0.112333 -0.435040
v 0.496025 0.112335 -0.435578
v -0.501539 0.008870 -0.432673
v -0.505964 0.012676 0.313790
vn -1.0000 -0.0000 -0.0000
vn -0.9934 -0.0000 0.1147
vn -0.9862 -0.1170 0.1170
vn -0.9937 -0.1119 -0.0000
vn -0.9862 -0.1170 -0.1170
vn -0.9934 -0.0000 -0.1146
vn -0.9433 0.0001 -0.3319
vn -0.8463 0.0001 -0.5327
vn -0.9345 -0.1159 -0.3366
vn -0.8379 -0.1109 -0.5344
vn -0.7030 -0.1084 -0.7028
vn -0.7071 0.0001 -0.7071
vn -0.5343 -0.1120 -0.8378
vn -0.5328 0.0001 -0.8463
vn -0.3319 0.0001 -0.9433
vn -0.1146 -0.0000 -0.9934
vn -0.3359 -0.1176 -0.9345
vn -0.1170 -0.1170 -0.9862
vn -0.0000 -0.1119 -0.9937
vn -0.0000 -0.0000 -1.0000
vn 0.1144 -0.0000 -0.9934
vn 0.1170 -0.1170 -0.9862
vn -0.9937 0.1120 -0.0000
vn -0.0000 -0.0000 1.0000
vn -0.9439 0.3303 -0.0000
vn -0.8467 0.5320 -0.0000
vn -0.7071 0.7071 -0.0000
vn -0.5320 0.8467 -0.0000
vn -0.3303 0.9439 -0.0000
vn -0.1120 0.9937 -0.0000
vn -0.0000 1.0000 -0.0000
vn 0.1120 0.9937 -0.0000
vn 0.3303 0.9439 -0.0000
vn 0.5320 0.8467 -0.0000
vn 0.7071 0.7071 -0.0000
vn 0.8467 0.5320 -0.0000
vn 0.9439 0.3303 -0.0000
vn 0.9937 0.1120 -0.0000
vn 1.0000 -0.0000 -0.0000
vn -0.9988 0.0491 -0.0000
vn -0.9892 0.1467 -0.0000
vn -0.9700 0.2430 -0.0000
vn -0.9415 0.3369 -0.0000
vn -0.9040 0.4275 -0.0000
vn -0.8577 0.5141 -0.0000
vn -0.8032 0.5957 -0.0000
vn -0.7410 0.6716 -0.0000
vn -0.6716 0.7409 -0.0000
vn -0.5957 0.8032 -0.0000
vn -0.5141 0.8577 -0.0000
vn -0.4276 0.9040 -0.0000
vn -0.3369 0.9415 -0.0000
vn -0.2430 0.9700 -0.0000
vn -0.1467 0.9892 -0.0000
vn -0.0491 0.9988 -0.0000
vn 0.0491 0.9988 -0.0000
vn 0.1467 0.9892 -0.0000
vn 0.2430 0.9700 -0.0000
vn 0.3369 0.9415 -0.0000
vn 0.4276 0.9040 -0.0000
vn 0.5141 0.8577 -0.0000
vn 0.5957 0.8032 -0.0000
vn 0.6716 0.7409 -0.0000
vn 0.7410 0.6716 -0.0000
vn 0.8032 0.5957 -0.0000
vn 0.8577 0.5141 -0.0000
vn 0.9040 0.4276 -0.0000
vn 0.9416 0.3369 -0.0000
vn 0.9700 0.2430 -0.0000
vn 0.9892 0.1467 -0.0000
vn 0.9988 0.0491 -0.0000
vn 0.1119 0.0026 0.9937
vn -0.0000 0.1119 0.9937
vn 0.1170 0.1170 0.9862
vn -0.1119 0.0026 0.9937
vn -0.1170 0.1170 0.9862
vn -0.0000 0.0002 -1.0000
vn -0.0317 0.0002 -0.9995
vn -0.3301 0.0065 0.9439
vn -0.1709 -0.0000 -0.9853
vn -0.5319 0.0090 0.8467
vn -0.3360 0.1177 0.9345
vn -0.5343 0.1120 0.8378
vn -0.7084 0.0098 0.7058
vn -0.7030 0.1083 0.7028
vn -0.5199 0.3224 0.7911
vn -0.6714 0.3154 0.6707
vn -0.8379 0.1109 0.5344
vn -0.7916 0.3217 0.5195
vn -0.7195 0.4911 0.4911
vn -0.6229 0.4735 0.6227
vn -0.6227 0.6229 0.4736
vn -0.5773 0.5774 0.5774
vn -0.4911 0.7194 0.4911
vn -0.4735 0.6228 0.6228
vn -0.3155 0.6706 0.6714
vn -0.3224 0.7911 0.5199
vn -0.5195 0.7916 0.3217
vn -0.3346 0.8813 0.3336
vn -0.1176 0.9345 0.3360
vn -0.1120 0.8378 0.5343
vn -0.0000 0.9439 0.3302
vn -0.0000 0.8468 0.5320
vn -0.0000 0.7071 0.7071
vn -0.1083 0.7029 0.7030
vn 0.1109 0.8379 0.5344
vn 0.1083 0.7030 0.7029
vn 0.1120 0.5344 0.8378
vn -0.0000 0.5320 0.8468
vn -0.0000 0.3301 0.9439
vn 0.1176 0.3359 0.9345
vn -0.1109 0.5344 0.8379
vn -0.1159 0.3366 0.9345
vn -0.3336 0.3346 0.8813
vn -0.3218 0.5195 0.7916
vn -0.4912 0.4911 0.7194
vn 0.3346 0.3337 0.8813
vn 0.3224 0.5199 0.7911
vn 0.5195 0.3218 0.7915
vn 0.4911 0.4911 0.7195
vn 0.4735 0.6229 0.6227
vn 0.3155 0.6714 0.6706
vn 0.6227 0.4735 0.6229
vn 0.5773 0.5774 0.5774
vn 0.6229 0.6227 0.4735
vn 0.7195 0.4911 0.4911
vn 0.7911 0.3224 0.5199
vn 0.6706 0.3155 0.6714
vn 0.8378 0.1120 0.5344
vn 0.7029 0.1083 0.7030
vn 0.5344 0.1109 0.8379
vn 0.5319 0.0090 0.8467
vn 0.4987 0.0002 -0.8668
vn 0.7085 0.0098 0.7056
vn 0.1716 -0.0004 -0.9852
vn 0.3301 0.0066 0.9439
vn 0.3366 0.1159 0.9345
vn 0.0340 -0.0000 -0.9994
vn 0.8477 0.0089 0.5304
vn 0.9444 0.0064 0.3289
vn 0.9345 0.1176 0.3359
vn 0.9862 0.1170 0.1170
vn 0.9938 0.0026 0.1113
vn 0.9937 0.1119 -0.0000
vn -0.0000 0.1120 0.9937
vn -0.0000 0.3303 0.9439
vn -0.0000 0.5320 0.8467
vn -0.0000 0.8467 0.5320
vn -0.0000 0.9439 0.3303
vn -0.0000 0.9937 0.1120
vn -0.0000 -1.0000 -0.0000
vn -0.0000 0.9937 -0.1120
vn -0.0000 0.9439 -0.3303
vn -0.0000 0.8467 -0.5320
vn -0.0000 0.7071 -0.7071
vn -0.0000 0.5320 -0.8467
vn -0.0000 0.3303 -0.9439
vn -0.0000 0.1120 -0.9937
vn 0.9938 0.0026 -0.1113
vn 0.9862 0.1170 -0.1170
vn 0.9345 0.1159 -0.3366
vn 0.9444 0.0064 -0.3288
vn 0.8477 0.0089 -0.5303
vn 0.7086 0.0098 -0.7056
vn 0.8379 0.1109 -0.5344
vn 0.7030 0.1083 -0.7028
vn 0.5343 0.1119 -0.8378
vn 0.5319 0.0090 -0.8467
vn 0.3302 0.0065 -0.9439
vn 0.1672 -0.0000 0.9859
vn 0.3360 0.1176 -0.9345
vn 0.3336 0.3346 -0.8813
vn 0.5198 0.3224 -0.7911
vn 0.4911 0.4911 -0.7194
vn 0.3218 0.5195 -0.7916
vn 0.1109 0.5344 -0.8379
vn 0.1159 0.3366 -0.9345
vn 0.1083 0.7028 -0.7030
vn 0.3155 0.6706 -0.6714
vn 0.1119 0.8379 -0.5343
vn 0.3224 0.7910 -0.5199
vn 0.3346 0.8813 -0.3336
vn 0.1176 0.9345 -0.3360
vn 0.5195 0.7916 -0.3218
vn 0.4911 0.7194 -0.4911
vn 0.6227 0.6229 -0.4735
vn 0.6706 0.6714 -0.3154
vn 0.7195 0.4911 -0.4911
vn 0.7910 0.5199 -0.3225
vn 0.6229 0.4735 -0.6227
vn 0.5773 0.5773 -0.5774
vn 0.4736 0.6227 -0.6229
vn 0.7916 0.3218 -0.5195
vn 0.6714 0.3155 -0.6706
vn 0.8378 0.5343 -0.1119
vn 0.7029 0.7030 -0.1083
vn 0.8468 0.5320 -0.0000
vn 0.9439 0.3302 -0.0000
vn 0.9345 0.3360 -0.1176
vn 0.9345 0.3366 0.1159
vn 0.8380 0.5344 0.1109
vn 0.8813 0.3346 0.3337
vn 0.7916 0.5195 0.3218
vn 0.7030 0.7029 0.1083
vn 0.6714 0.6706 0.3155
vn 0.5343 0.8378 0.1120
vn 0.5198 0.7911 0.3225
vn 0.3336 0.8813 0.3346
vn 0.3360 0.9345 0.1176
vn 0.4912 0.7194 0.4911
vn 0.3218 0.7916 0.5195
vn 0.1159 0.9345 0.3366
vn 0.3302 0.9439 -0.0000
vn 0.5320 0.8468 -0.0000
vn 0.3366 0.9345 -0.1159
vn 0.5344 0.8379 -0.1109
vn 0.1119 0.9937 -0.0000
vn 0.1170 0.9862 -0.1170
vn -0.0000 0.9937 -0.1119
vn -0.1119 0.9937 -0.0000
vn -0.1170 0.9862 -0.1170
vn -0.0000 0.9937 0.1119
vn -0.1170 0.9862 0.1170
vn -0.3302 0.9439 -0.0000
vn -0.3366 0.9345 0.1159
vn -0.5320 0.8468 -0.0000
vn -0.5344 0.8379 0.1109
vn -0.7029 0.7030 0.1083
vn -0.8468 0.5320 -0.0000
vn -0.8378 0.5343 0.1120
vn -0.9439 0.3302 -0.0000
vn -0.9345 0.3360 0.1176
vn -0.7910 0.5199 0.3224
vn -0.8813 0.3336 0.3347
vn -0.9345 0.1159 0.3366
vn -0.9862 0.1170 0.1170
vn -0.9443 0.0065 0.3290
vn -0.9938 0.0026 0.1114
vn -0.9937 0.1119 -0.0000
vn 0.9934 -0.0000 0.1144
vn 0.9937 -0.1119 -0.0000
vn 0.9862 -0.1170 0.1170
vn 0.9934 -0.0000 -0.1144
vn 0.9862 -0.1170 -0.1170
vn 0.9345 -0.3366 -0.1159
vn 0.9439 -0.3302 -0.0000
vn 0.8468 -0.5320 -0.0000
vn 0.8379 -0.5344 -0.1109
vn 0.7030 -0.7028 -0.1083
vn 0.7071 -0.7071 -0.0000
vn 0.8378 -0.5344 0.1120
vn 0.7029 -0.7030 0.1083
vn 0.7911 -0.5198 0.3225
vn 0.6706 -0.6714 0.3154
vn 0.8813 -0.3336 0.3346
vn 0.9345 -0.3360 0.1176
vn 0.7915 -0.3218 0.5195
vn 0.7194 -0.4911 0.4911
vn 0.6714 -0.3155 0.6706
vn 0.6229 -0.4736 0.6227
vn 0.6227 -0.6229 0.4736
vn 0.5774 -0.5774 0.5773
vn 0.4735 -0.6227 0.6229
vn 0.4911 -0.4911 0.7194
vn 0.3155 -0.6706 0.6714
vn 0.3218 -0.5195 0.7916
vn 0.3336 -0.3346 0.8813
vn 0.5199 -0.3225 0.7910
vn 0.3360 -0.1176 0.9345
vn 0.5343 -0.1120 0.8378
vn 0.7030 -0.1084 0.7029
vn 0.7071 0.0001 0.7071
vn 0.5327 0.0001 0.8463
vn 0.8463 0.0001 0.5327
vn 0.8379 -0.1109 0.5344
vn 0.9434 0.0001 0.3318
vn 0.9345 -0.1159 0.3366
vn 0.3318 0.0001 0.9434
vn 0.1144 -0.0000 0.9934
vn 0.1170 -0.1170 0.9862
vn -0.0000 -0.1119 0.9937
vn -0.1147 -0.0000 0.9934
vn -0.1170 -0.1170 0.9862
vn 0.9952 -0.0980 -0.0000
vn 0.9952 0.0980 -0.0000
vn 0.9569 0.2903 -0.0000
vn 0.8819 0.4714 -0.0000
vn 0.7730 0.6344 -0.0000
vn 0.6344 0.7730 -0.0000
vn 0.4714 0.8819 -0.0000
vn 0.2903 0.9569 -0.0000
vn 0.0980 0.9952 -0.0000
vn -0.0980 0.9952 -0.0000
vn -0.2903 0.9569 -0.0000
vn -0.4714 0.8819 -0.0000
vn -0.6344 0.7730 -0.0000
vn -0.7730 0.6344 -0.0000
vn -0.8819 0.4714 -0.0000
vn -0.9569 0.2903 -0.0000
vn -0.9952 0.0980 -0.0000
vn -0.9952 -0.0980 -0.0000
vn -0.9569 -0.2903 -0.0000
vn -0.8819 -0.4714 -0.0000
vn -0.7730 -0.6344 -0.0000
vn -0.6344 -0.7730 -0.0000
vn -0.4714 -0.8819 -0.0000
vn -0.2903 -0.9569 -0.0000
vn -0.0980 -0.9952 -0.0000
vn 0.0980 -0.9952 -0.0000
vn 0.2903 -0.9569 -0.0000
vn 0.4714 -0.8819 -0.0000
vn 0.6344 -0.7730 -0.0000
vn 0.7730 -0.6344 -0.0000
vn 0.8819 -0.4714 -0.0000
vn 0.9569 -0.2903 -0.0000
vn 0.9700 -0.2430 -0.0000
vn 0.9892 -0.1467 -0.0000
vn 0.0002 -0.0000 1.0000
vn -0.0004 -0.0000 -1.0000
vn 0.9988 -0.0491 -0.0000
vn 0.0006 -0.0000 -1.0000
vn -0.0011 -0.0000 1.0000
vn 0.9415 0.3369 -0.0000
vn 0.9040 0.4275 -0.0000
vn 0.7409 0.6716 -0.0000
vn -0.7409 0.6716 -0.0000
vn -0.9040 0.4276 -0.0000
vn -0.9988 -0.0491 -0.0000
vn -0.9892 -0.1467 -0.0000
vn -0.9700 -0.2430 -0.0000
vn -0.9415 -0.3369 -0.0000
vn -0.9040 -0.4276 -0.0000
vn -0.8577 -0.5141 -0.0000
vn -0.8032 -0.5957 -0.0000
vn -0.7410 -0.6716 -0.0000
vn -0.6716 -0.7409 -0.0000
vn -0.5957 -0.8032 -0.0000
vn -0.5141 -0.8577 -0.0000
vn -0.4275 -0.9040 -0.0000
vn -0.3369 -0.9415 -0.0000
vn -0.2430 -0.9700 -0.0000
vn -0.1467 -0.9892 -0.0000
vn -0.0491 -0.9988 -0.0000
vn 0.0491 -0.9988 -0.0000
vn 0.1467 -0.9892 -0.0000
vn 0.2430 -0.9700 -0.0000
vn 0.3369 -0.9415 -0.0000
vn 0.4275 -0.9040 -0.0000
vn 0.5141 -0.8577 -0.0000
vn 0.5957 -0.8032 -0.0000
vn 0.6716 -0.7410 -0.0000
vn 0.7409 -0.6716 -0.0000
vn 0.8032 -0.5957 -0.0000
vn 0.8577 -0.5141 -0.0000
vn 0.9040 -0.4276 -0.0000
vn 0.9415 -0.3369 -0.0000
vn 0.1119 0.0026 -0.9937
vn 0.1170 0.1170 -0.9862
vn -0.0000 0.1119 -0.9937
vn -0.1170 0.1170 -0.9862
vn -0.1119 0.0026 -0.9937
vn -0.0308 -0.0000 0.9995
vn -0.3302 0.0066 -0.9439
vn -0.1715 0.0002 0.9852
vn -0.3366 0.1159 -0.9345
vn -0.5344 0.1109 -0.8380
vn -0.5319 0.0090 -0.8467
vn -0.7029 0.1083 -0.7030
vn -0.7084 0.0098 -0.7058
vn -0.5113 -0.0000 0.8594
vn -0.8476 0.0089 -0.5305
vn -0.9443 0.0065 -0.3290
vn -0.9345 0.1176 -0.3360
vn -0.8378 0.1120 -0.5344
vn -0.8813 0.3346 -0.3337
vn -0.7911 0.3225 -0.5198
vn -0.6706 0.3155 -0.6714
vn -0.7195 0.4911 -0.4911
vn -0.6227 0.4735 -0.6229
vn -0.6229 0.6227 -0.4735
vn -0.5773 0.5773 -0.5774
vn -0.4911 0.4911 -0.7194
vn -0.4735 0.6229 -0.6227
vn -0.3224 0.5198 -0.7911
vn -0.3155 0.6714 -0.6706
vn -0.4912 0.7194 -0.4911
vn -0.3218 0.7916 -0.5195
vn -0.3336 0.8813 -0.3346
vn -0.5199 0.7911 -0.3224
vn -0.6714 0.6706 -0.3155
vn -0.5343 0.8378 -0.1120
vn -0.7030 0.7028 -0.1083
vn -0.8379 0.5344 -0.1109
vn -0.7916 0.5195 -0.3217
vn -0.9345 0.3366 -0.1159
vn -0.3360 0.9345 -0.1176
vn -0.1159 0.9345 -0.3366
vn -0.1109 0.8379 -0.5344
vn -0.0000 0.9439 -0.3302
vn -0.0000 0.8468 -0.5320
vn -0.1083 0.7030 -0.7029
vn -0.0000 0.5320 -0.8468
vn -0.1120 0.5343 -0.8378
vn -0.0000 0.3302 -0.9439
vn -0.1176 0.3360 -0.9345
vn -0.3346 0.3337 -0.8813
vn -0.5195 0.3218 -0.7916
vn -0.9862 0.1170 -0.1170
vn -0.9938 0.0026 -0.1114
vn 0.9937 -0.1120 -0.0000
vn 0.9439 -0.3303 -0.0000
vn 0.8467 -0.5320 -0.0000
vn 0.5320 -0.8467 -0.0000
vn 0.3303 -0.9439 -0.0000
vn 0.1120 -0.9937 -0.0000
vn -0.1120 -0.9937 -0.0000
vn -0.3303 -0.9439 -0.0000
vn -0.5320 -0.8467 -0.0000
vn -0.7071 -0.7071 -0.0000
vn -0.8467 -0.5320 -0.0000
vn -0.9439 -0.3303 -0.0000
vn -0.9937 -0.1120 -0.0000
vn -0.6716 0.7410 -0.0000
vn 0.6716 0.7410 -0.0000
vn 0.0341 -0.0000 0.9994
vn -0.3366 -0.1159 0.9345
vn -0.3319 0.0001 0.9433
vn -0.5328 0.0001 0.8463
vn -0.7071 0.0001 0.7071
vn -0.7028 -0.1084 0.7030
vn -0.5344 -0.1109 0.8379
vn -0.5195 -0.3218 0.7916
vn -0.6706 -0.3155 0.6714
vn -0.6227 -0.4735 0.6229
vn -0.4911 -0.4912 0.7194
vn -0.4736 -0.6229 0.6227
vn -0.5773 -0.5774 0.5774
vn -0.6229 -0.6227 0.4735
vn -0.7194 -0.4911 0.4911
vn -0.6714 -0.6706 0.3155
vn -0.7916 -0.5195 0.3218
vn -0.8813 -0.3346 0.3336
vn -0.7911 -0.3225 0.5198
vn -0.9345 -0.1176 0.3359
vn -0.8378 -0.1120 0.5343
vn -0.9433 0.0001 0.3319
vn -0.8463 0.0001 0.5328
vn -0.9345 -0.3366 0.1159
vn -0.8379 -0.5344 0.1109
vn -0.9439 -0.3302 -0.0000
vn -0.8468 -0.5320 -0.0000
vn -0.9345 -0.3360 -0.1176
vn -0.8378 -0.5343 -0.1120
vn -0.7029 -0.7030 -0.1084
vn -0.5320 -0.8468 -0.0000
vn -0.5344 -0.8379 -0.1109
vn -0.5195 -0.7916 -0.3218
vn -0.6706 -0.6714 -0.3154
vn -0.6227 -0.6229 -0.4735
vn -0.4911 -0.7194 -0.4912
vn -0.4736 -0.6227 -0.6229
vn -0.5773 -0.5774 -0.5774
vn -0.6229 -0.4736 -0.6227
vn -0.7194 -0.4911 -0.4911
vn -0.6714 -0.3154 -0.6706
vn -0.7916 -0.3218 -0.5195
vn -0.8813 -0.3336 -0.3346
vn -0.7911 -0.5199 -0.3224
vn -0.5199 -0.3225 -0.7910
vn -0.4911 -0.4911 -0.7195
vn -0.3218 -0.5195 -0.7916
vn -0.3336 -0.3346 -0.8813
vn -0.3154 -0.6706 -0.6714
vn -0.1109 -0.5344 -0.8379
vn -0.1083 -0.7028 -0.7030
vn -0.0000 -0.5320 -0.8468
vn -0.0000 -0.7071 -0.7071
vn 0.1120 -0.5343 -0.8378
vn 0.1083 -0.7031 -0.7028
vn 0.3225 -0.5198 -0.7911
vn 0.3154 -0.6714 -0.6706
vn 0.3346 -0.3336 -0.8813
vn 0.1176 -0.3360 -0.9345
vn 0.5195 -0.3218 -0.7916
vn 0.4911 -0.4912 -0.7194
vn 0.6707 -0.3155 -0.6713
vn 0.6227 -0.4735 -0.6229
vn 0.4736 -0.6229 -0.6227
vn 0.5774 -0.5774 -0.5773
vn 0.6229 -0.6227 -0.4735
vn 0.7194 -0.4911 -0.4912
vn 0.6714 -0.6706 -0.3155
vn 0.7916 -0.5195 -0.3217
vn 0.8813 -0.3346 -0.3336
vn 0.7910 -0.3224 -0.5199
vn 0.9345 -0.1176 -0.3360
vn 0.8378 -0.1120 -0.5343
vn 0.7028 -0.1084 -0.7030
vn 0.7071 0.0001 -0.7071
vn 0.8463 0.0001 -0.5326
vn 0.9434 0.0001 -0.3317
vn 0.5327 0.0001 -0.8463
vn 0.3317 0.0001 -0.9434
vn 0.3366 -0.1159 -0.9345
vn 0.5344 -0.1110 -0.8379
vn 0.5199 -0.7910 -0.3225
vn 0.4911 -0.7194 -0.4911
vn 0.3217 -0.7916 -0.5195
vn 0.3336 -0.8813 -0.3346
vn 0.3360 -0.9345 -0.1176
vn 0.5343 -0.8378 -0.1120
vn 0.3302 -0.9439 -0.0000
vn 0.5320 -0.8468 -0.0000
vn 0.3366 -0.9345 0.1159
vn 0.5344 -0.8379 0.1109
vn 0.3346 -0.8813 0.3336
vn 0.5195 -0.7916 0.3218
vn 0.3225 -0.7911 0.5198
vn 0.4911 -0.7194 0.4912
vn 0.1176 -0.9345 0.3359
vn 0.1120 -0.8378 0.5343
vn 0.1083 -0.7028 0.7030
vn -0.0000 -0.7071 0.7071
vn -0.0000 -0.8468 0.5320
vn -0.1109 -0.8379 0.5344
vn -0.1083 -0.7031 0.7028
vn -0.0000 -0.5320 0.8468
vn -0.1120 -0.5343 0.8378
vn -0.3225 -0.5199 0.7910
vn -0.3155 -0.6714 0.6706
vn -0.3346 -0.3336 0.8813
vn -0.1176 -0.3360 0.9345
vn -0.0000 -0.3302 0.9439
vn 0.1159 -0.3366 0.9345
vn 0.1109 -0.5344 0.8379
vn -0.3218 -0.7916 0.5195
vn -0.4911 -0.7194 0.4911
vn -0.3336 -0.8813 0.3346
vn -0.5199 -0.7910 0.3225
vn -0.3360 -0.9345 0.1176
vn -0.5343 -0.8378 0.1119
vn -0.7030 -0.7028 0.1084
vn -0.3302 -0.9439 -0.0000
vn -0.1170 -0.9862 0.1170
vn -0.1119 -0.9937 -0.0000
vn -0.0000 -0.9937 0.1119
vn 0.1170 -0.9862 0.1170
vn 0.1119 -0.9937 -0.0000
vn 0.1170 -0.9862 -0.1170
vn -0.0000 -0.9937 -0.1119
vn 0.1159 -0.9345 -0.3366
vn -0.0000 -0.9439 -0.3302
vn -0.1170 -0.9862 -0.1170
vn -0.1176 -0.9345 -0.3359
vn -0.1120 -0.8378 -0.5343
vn -0.0000 -0.8468 -0.5320
vn -0.3346 -0.8813 -0.3336
vn -0.3225 -0.7911 -0.5199
vn -0.3366 -0.9345 -0.1159
vn 0.1109 -0.8379 -0.5344
vn -0.0000 -0.9439 0.3302
vn -0.1159 -0.9345 0.3366
vn -0.0000 -0.3302 -0.9439
vn -0.1159 -0.3366 -0.9345
vn -0.8476 0.0089 0.5305
vn -0.6706 0.6714 0.3155
vn 0.1170 0.9862 0.1170
vn 0.8813 0.3336 -0.3347
vt 0.000000 0.297010
vt 0.000000 0.299876
vt 0.000000 0.299772
vt 0.000000 0.302638
vt 0.000000 0.305361
vt 0.000000 0.307803
vt 0.000000 0.309843
vt 0.000000 0.311377
vt 0.000000 0.312330
vt 0.000000 0.312653
vt 0.000000 0.334616
vt 0.000000 0.334939
vt 0.000000 0.335892
vt 0.000000 0.337426
vt 0.000000 0.339466
vt 0.000000 0.341908
vt 0.000000 0.344631
vt 0.000000 0.350259
vt 0.000000 0.352982
vt 0.000000 0.355424
vt 0.000000 0.357464
vt 0.000000 0.358998
vt 0.000000 0.359951
vt 0.000000 0.360274
vt 0.000000 0.380277
vt 0.000000 0.380600
vt 0.000000 0.381552
vt 0.000000 0.383087
vt 0.000000 0.385126
vt 0.000000 0.387569
vt 0.000000 0.390291
vt 0.000000 0.395920
vt 0.000000 0.398642
vt 0.000000 0.401084
vt 0.000000 0.403124
vt 0.000000 0.404659
vt 0.000000 0.405611
vt 0.000000 0.405934
vt 0.000000 0.427898
vt 0.000000 0.428221
vt 0.000000 0.429173
vt 0.000000 0.430708
vt 0.000000 0.432747
vt 0.000000 0.435190
vt 0.000000 0.437912
vt 0.000000 0.443541
vt 0.000000 0.446263
vt 0.000000 0.448706
vt 0.000000 0.450745
vt 0.000000 0.452280
vt 0.000000 0.453232
vt 0.000000 0.453555
vt 0.000000 0.477410
vt 0.000000 0.477733
vt 0.000000 0.478686
vt 0.000000 0.480220
vt 0.000000 0.482260
vt 0.000000 0.484702
vt 0.000000 0.487425
vt 0.000000 0.493053
vt 0.000000 0.495776
vt 0.000000 0.498218
vt 0.000000 0.500258
vt 0.000000 0.501792
vt 0.000000 0.502745
vt 0.000000 0.503068
vt 0.000000 0.525031
vt 0.000000 0.525354
vt 0.000000 0.526307
vt 0.000000 0.527842
vt 0.000000 0.529881
vt 0.000000 0.532323
vt 0.000000 0.535046
vt 0.000000 0.540674
vt 0.000000 0.543397
vt 0.000000 0.545839
vt 0.000000 0.547879
vt 0.000000 0.549413
vt 0.000000 0.550366
vt 0.000000 0.550689
vt 0.000000 0.570692
vt 0.000000 0.571015
vt 0.000000 0.571967
vt 0.000000 0.573502
vt 0.000000 0.575541
vt 0.000000 0.577984
vt 0.000000 0.580706
vt 0.000000 0.586335
vt 0.000000 0.589057
vt 0.000000 0.591499
vt 0.000000 0.593539
vt 0.000000 0.595074
vt 0.000000 0.596026
vt 0.000000 0.596349
vt 0.000000 0.618313
vt 0.000000 0.618636
vt 0.000000 0.619588
vt 0.000000 0.621123
vt 0.000000 0.623162
vt 0.000000 0.625605
vt 0.000000 0.628327
vt 0.000000 0.633956
vt 0.000000 0.636678
vt 0.000000 0.639121
vt 0.000000 0.641160
vt 0.000000 0.642695
vt 0.000000 0.643647
vt 0.000000 0.643970
vt 0.000000 0.993457
vt 0.000000 0.006543
vt 0.000000 0.286995
vt 0.000000 0.287318
vt 0.000000 0.288271
vt 0.000000 0.289805
vt 0.000000 0.291845
vt 0.000000 0.294287
vt 0.000000 0.005087
vt 0.000000 0.005089
vt 0.000000 0.006543
vt 0.000000 0.005041
vt 0.000000 0.994913
vt 0.000000 0.994975
vt 0.000000 0.994911
vt 0.000000 0.993457
vt 0.000000 0.643970
vt 0.000000 0.996290
vt 0.000000 0.996295
vt 0.000000 0.997526
vt 0.000000 0.997536
vt 0.000000 0.996345
vt 0.000000 0.997480
vt 0.001865 1.000000
vt 0.001904 1.000000
vt 0.001873 1.000000
vt 0.002805 1.000000
vt 0.002768 1.000000
vt 0.002809 1.000000
vt 0.003853 1.000000
vt 0.003852 1.000000
vt 0.004954 1.000000
vt 0.003817 1.000000
vt 0.004954 1.000000
vt 0.995046 1.000000
vt 0.995046 1.000000
vt 0.081335 1.000000
vt 0.081424 1.000000
vt 0.106877 1.000000
vt 0.107131 1.000000
vt 0.107880 1.000000
vt 0.109087 1.000000
vt 0.110690 1.000000
vt 0.112611 1.000000
vt 0.114751 1.000000
vt 0.117005 1.000000
vt 0.406011 1.000000
vt 0.408265 1.000000
vt 0.410405 1.000000
vt 0.412326 1.000000
vt 0.413929 1.000000
vt 0.415136 1.000000
vt 0.415885 1.000000
vt 0.416138 1.000000
vt 0.463694 1.000000
vt 0.463890 1.000000
vt 0.465097 1.000000
vt 0.466700 1.000000
vt 0.468620 1.000000
vt 0.470761 1.000000
vt 0.473014 1.000000
vt 0.514811 1.000000
vt 0.517064 1.000000
vt 0.519205 1.000000
vt 0.520358 1.000000
vt 0.042570 1.000000
vt 0.042570 1.000000
vt 0.042659 1.000000
vt 0.042926 1.000000
vt 0.043367 1.000000
vt 0.043979 1.000000
vt 0.044756 1.000000
vt 0.045690 1.000000
vt 0.046772 1.000000
vt 0.047992 1.000000
vt 0.049338 1.000000
vt 0.050798 1.000000
vt 0.052356 1.000000
vt 0.053998 1.000000
vt 0.055709 1.000000
vt 0.057471 1.000000
vt 0.059268 1.000000
vt 0.061083 1.000000
vt 0.062912 1.000000
vt 0.064726 1.000000
vt 0.066523 1.000000
vt 0.068285 1.000000
vt 0.069996 1.000000
vt 0.071638 1.000000
vt 0.073197 1.000000
vt 0.074656 1.000000
vt 0.076002 1.000000
vt 0.077222 1.000000
vt 0.078304 1.000000
vt 0.079238 1.000000
vt 0.080015 1.000000
vt 0.080627 1.000000
vt 0.081068 1.000000
vt 0.970028 1.000000
vt 0.970028 1.000000
vt 0.996147 1.000000
vt 0.996148 1.000000
vt 0.996195 1.000000
vt 0.774108 1.000000
vt 0.774362 1.000000
vt 0.648021 1.000000
vt 0.648022 1.000000
vt 0.713725 1.000000
vt 0.713725 1.000000
vt 0.713979 1.000000
vt 0.714728 1.000000
vt 0.715935 1.000000
vt 0.717538 1.000000
vt 0.719458 1.000000
vt 0.721599 1.000000
vt 0.723852 1.000000
vt 0.764235 1.000000
vt 0.766489 1.000000
vt 0.768629 1.000000
vt 0.770549 1.000001
vt 0.772153 1.000000
vt 0.773359 1.000000
vt 0.647768 1.000000
vt 0.521125 1.000000
vt 0.522729 1.000000
vt 0.523935 1.000000
vt 0.524684 1.000000
vt 0.524938 1.000000
vt 0.587821 1.000000
vt 0.587821 1.000000
vt 0.588075 1.000000
vt 0.588824 1.000000
vt 0.590031 1.000000
vt 0.591634 1.000000
vt 0.593555 1.000000
vt 0.595695 1.000000
vt 0.597949 1.000000
vt 0.637895 1.000000
vt 0.640148 1.000000
vt 0.642288 1.000000
vt 0.644209 1.000000
vt 0.645812 1.000000
vt 0.647018 1.000000
vt 0.969507 1.000000
vt 0.774362 1.000000
vt 0.808634 1.000000
vt 0.808634 1.000000
vt 0.809155 1.000000
vt 0.810692 1.000000
vt 0.813167 1.000000
vt 0.816458 1.000000
vt 0.820397 1.000000
vt 0.824789 1.000000
vt 0.829413 1.000000
vt 0.949250 1.000000
vt 0.953873 1.000000
vt 0.958265 1.000000
vt 0.962205 1.000000
vt 0.965495 1.000000
vt 0.967971 1.000000
vt 0.406301 0.609068
vt 0.406301 0.625390
vt 0.477137 0.625390
vt 0.477085 0.609068
vt 0.399336 0.608972
vt 0.399336 0.625392
vt 0.809154 0.983177
vt 0.774852 0.983177
vt 0.775146 0.983179
vt 0.774902 0.983179
vt 0.774163 0.983179
vt 0.772965 0.983179
vt 0.771367 0.983179
vt 0.769451 0.983179
vt 0.767311 0.983179
vt 0.765056 0.983179
vt 0.724626 0.983179
vt 0.722369 0.983179
vt 0.720222 0.983179
vt 0.718294 0.983179
vt 0.716682 0.983179
vt 0.715465 0.983178
vt 0.714705 0.983178
vt 0.714440 0.983178
vt 0.714163 0.983176
vt 0.648408 0.983174
vt 0.648668 0.983178
vt 0.648423 0.983178
vt 0.647683 0.983178
vt 0.646483 0.983178
vt 0.644884 0.983178
vt 0.642967 0.983178
vt 0.640827 0.983178
vt 0.638572 0.983178
vt 0.598581 0.983178
vt 0.596324 0.983178
vt 0.594178 0.983178
vt 0.592251 0.983178
vt 0.590639 0.983178
vt 0.589424 0.983178
vt 0.588666 0.983177
vt 0.588403 0.983177
vt 0.588164 0.983172
vt 0.525243 0.983170
vt 0.525456 0.983176
vt 0.525209 0.983176
vt 0.524467 0.983176
vt 0.523266 0.983176
vt 0.521666 0.983177
vt 0.519748 0.983177
vt 0.517608 0.983177
vt 0.515352 0.983177
vt 0.473509 0.983175
vt 0.471252 0.983176
vt 0.469107 0.983175
vt 0.467181 0.983175
vt 0.465571 0.983175
vt 0.464358 0.983174
vt 0.463601 0.983174
vt 0.463341 0.983173
vt 0.463160 0.983167
vt 0.416391 0.983162
vt 0.416539 0.983161
vt 0.416291 0.983162
vt 0.415547 0.983163
vt 0.414345 0.983163
vt 0.412744 0.983164
vt 0.410825 0.983165
vt 0.408684 0.983165
vt 0.406429 0.983165
vt 0.117105 0.983176
vt 0.114849 0.983176
vt 0.112705 0.983176
vt 0.110782 0.983176
vt 0.109176 0.983176
vt 0.107967 0.983175
vt 0.107215 0.983175
vt 0.106960 0.983175
vt 0.017689 0.983180
vt 0.983549 0.983180
vt 0.985197 0.983180
vt 0.970704 0.983180
vt 0.970973 0.983180
vt 0.970479 0.983180
vt 0.968965 0.983180
vt 0.966510 0.983180
vt 0.963235 0.983180
vt 0.959305 0.983180
vt 0.954917 0.983180
vt 0.950290 0.983180
vt 0.830311 0.983180
vt 0.825679 0.983180
vt 0.821274 0.983179
vt 0.817316 0.983179
vt 0.814006 0.983179
vt 0.811507 0.983179
vt 0.809947 0.983179
vt 0.809402 0.983179
vt 0.392720 0.608688
vt 0.392720 0.625399
vt 0.386785 0.608231
vt 0.386785 0.625411
vt 0.380610 0.607623
vt 0.380610 0.625425
vt 0.376728 0.606895
vt 0.376728 0.625443
vt 0.374125 0.606084
vt 0.374125 0.625463
vt 0.359580 0.606931
vt 0.359580 0.625442
vt 0.157186 0.609068
vt 0.157186 0.625390
vt 0.150024 0.609068
vt 0.150024 0.625390
vt 0.143221 0.609068
vt 0.143221 0.625390
vt 0.137119 0.609068
vt 0.137119 0.625390
vt 0.125000 0.609068
vt 0.125000 0.625390
vt 0.392720 0.142613
vt 0.392720 0.126096
vt 0.380679 0.127994
vt 0.381423 0.144759
vt 0.399336 0.141358
vt 0.399336 0.124986
vt 0.406301 0.140932
vt 0.406301 0.124610
vt 0.479629 0.140932
vt 0.479681 0.124610
vt 0.478345 0.618558
vt 0.478293 0.608080
vt 0.390025 0.608080
vt 0.390025 0.618558
vt 0.386682 0.607956
vt 0.386682 0.618510
vt 0.383506 0.607588
vt 0.383506 0.618370
vt 0.380657 0.606995
vt 0.380657 0.618145
vt 0.376002 0.606207
vt 0.376002 0.617845
vt 0.373478 0.605264
vt 0.373478 0.617486
vt 0.371443 0.604213
vt 0.371443 0.617085
vt 0.351561 0.605601
vt 0.351561 0.617614
vt 0.166753 0.608080
vt 0.166753 0.618558
vt 0.157462 0.608080
vt 0.157462 0.618558
vt 0.148637 0.608080
vt 0.148637 0.618558
vt 0.140721 0.608080
vt 0.140721 0.618558
vt 0.125000 0.608080
vt 0.125000 0.618558
vt 0.383506 0.143986
vt 0.383506 0.133356
vt 0.377785 0.135926
vt 0.378007 0.146761
vt 0.386682 0.142443
vt 0.386682 0.131926
vt 0.390025 0.141920
vt 0.390025 0.131442
vt 0.479286 0.131442
vt 0.479235 0.141920
vt 0.480473 0.621672
vt 0.480422 0.607344
vt 0.390008 0.607344
vt 0.390008 0.621672
vt 0.386668 0.607208
vt 0.386668 0.621647
vt 0.383496 0.606809
vt 0.383496 0.621571
vt 0.380651 0.606166
vt 0.380651 0.621450
vt 0.376535 0.605310
vt 0.376535 0.621289
vt 0.374184 0.604287
vt 0.374184 0.621096
vt 0.372366 0.603145
vt 0.372366 0.620881
vt 0.354713 0.604269
vt 0.354713 0.621093
vt 0.167056 0.607343
vt 0.167056 0.621672
vt 0.157698 0.607343
vt 0.157698 0.621672
vt 0.148809 0.607343
vt 0.148809 0.621672
vt 0.140835 0.607343
vt 0.140835 0.621672
vt 0.125000 0.607344
vt 0.125000 0.621672
vt 0.383496 0.144817
vt 0.383496 0.130271
vt 0.377762 0.132813
vt 0.378071 0.147642
vt 0.386668 0.143203
vt 0.386668 0.128820
vt 0.390008 0.142656
vt 0.390008 0.128328
vt 0.481406 0.128328
vt 0.424236 0.142656
vt 0.481355 0.142656
vt 0.524938 1.000000
vt 0.587821 1.000000
vt 0.482381 0.614575
vt 0.482330 0.603782
vt 0.390008 0.603782
vt 0.390008 0.614575
vt 0.386659 0.603628
vt 0.386659 0.614500
vt 0.383457 0.603174
vt 0.383457 0.614277
vt 0.380561 0.602443
vt 0.380561 0.613918
vt 0.375982 0.601472
vt 0.375982 0.613440
vt 0.374959 0.601007
vt 0.373421 0.600308
vt 0.373421 0.612869
vt 0.371350 0.599012
vt 0.371350 0.612232
vt 0.352078 0.600707
vt 0.352078 0.613065
vt 0.165802 0.603782
vt 0.165802 0.614575
vt 0.156723 0.603782
vt 0.156723 0.614575
vt 0.148099 0.603782
vt 0.148099 0.614575
vt 0.140362 0.603782
vt 0.140362 0.614575
vt 0.125000 0.603782
vt 0.125000 0.614575
vt 0.380401 0.148312
vt 0.380400 0.137364
vt 0.374737 0.139955
vt 0.374973 0.151110
vt 0.383597 0.146748
vt 0.383597 0.135916
vt 0.381239 0.147902
vt 0.386974 0.146218
vt 0.386974 0.135425
vt 0.481515 0.135425
vt 0.481463 0.146218
vt 0.502665 0.606335
vt 0.502605 0.596333
vt 0.392567 0.596333
vt 0.392567 0.606336
vt 0.416138 1.000000
vt 0.462887 1.000000
vt 0.462887 1.000000
vt 0.463141 1.000000
vt 0.388658 0.596288
vt 0.388658 0.606306
vt 0.384945 0.596153
vt 0.384945 0.606218
vt 0.381614 0.595936
vt 0.381614 0.606077
vt 0.378615 0.595648
vt 0.378615 0.605890
vt 0.376539 0.595304
vt 0.376539 0.605665
vt 0.375226 0.594919
vt 0.375226 0.605415
vt 0.369468 0.595724
vt 0.369468 0.605939
vt 0.133187 0.596333
vt 0.133187 0.606336
vt 0.131365 0.596333
vt 0.131365 0.606336
vt 0.129635 0.596333
vt 0.129635 0.606336
vt 0.128082 0.596333
vt 0.128082 0.606336
vt 0.125000 0.596333
vt 0.125000 0.606336
vt 0.384945 0.154150
vt 0.384945 0.144116
vt 0.378740 0.144674
vt 0.379000 0.154747
vt 0.388658 0.153789
vt 0.388658 0.143779
vt 0.392567 0.153667
vt 0.392567 0.143664
vt 0.081424 1.000000
vt 0.508218 0.153667
vt 0.508278 0.143664
vt 0.042676 0.983177
vt 0.042587 0.983177
vt 0.106933 0.983177
vt 0.081458 0.983176
vt 0.081476 0.983175
vt 0.081387 0.983175
vt 0.081121 0.983175
vt 0.080680 0.983175
vt 0.080068 0.983175
vt 0.079291 0.983176
vt 0.078356 0.983176
vt 0.077273 0.983176
vt 0.076052 0.983176
vt 0.074705 0.983176
vt 0.073245 0.983176
vt 0.071685 0.983176
vt 0.070042 0.983176
vt 0.068330 0.983176
vt 0.066566 0.983177
vt 0.064767 0.983177
vt 0.062950 0.983176
vt 0.061119 0.983176
vt 0.059303 0.983177
vt 0.057504 0.983177
vt 0.055740 0.983177
vt 0.054028 0.983177
vt 0.052383 0.983177
vt 0.050824 0.983177
vt 0.049363 0.983177
vt 0.048015 0.983177
vt 0.046794 0.983177
vt 0.045710 0.983177
vt 0.044775 0.983177
vt 0.043998 0.983177
vt 0.043385 0.983177
vt 0.042943 0.983177
vt 0.419726 0.650770
vt 0.419726 0.666644
vt 0.561276 0.666644
vt 0.561193 0.650770
vt 0.415342 0.650869
vt 0.415342 0.666804
vt 0.411000 0.651164
vt 0.411000 0.667282
vt 0.406743 0.651654
vt 0.406743 0.668074
vt 0.402610 0.652333
vt 0.402610 0.669171
vt 0.398642 0.653195
vt 0.398642 0.670563
vt 0.394878 0.654231
vt 0.394878 0.672238
vt 0.391352 0.655432
vt 0.391352 0.674178
vt 0.385956 0.656785
vt 0.385956 0.676366
vt 0.376365 0.658279
vt 0.376365 0.678779
vt 0.372642 0.659898
vt 0.372642 0.681395
vt 0.369114 0.661626
vt 0.369114 0.684189
vt 0.365815 0.663448
vt 0.365815 0.687133
vt 0.362777 0.665346
vt 0.362777 0.690200
vt 0.360029 0.667301
vt 0.360029 0.693359
vt 0.357599 0.669295
vt 0.357599 0.696581
vt 0.355453 0.671297
vt 0.355453 0.699816
vt 0.244116 0.650770
vt 0.244116 0.666644
vt 0.232440 0.650770
vt 0.232440 0.666644
vt 0.220877 0.650770
vt 0.220877 0.666644
vt 0.209538 0.650770
vt 0.209538 0.666644
vt 0.198532 0.650770
vt 0.198532 0.666644
vt 0.187965 0.650770
vt 0.187965 0.666644
vt 0.177939 0.650770
vt 0.177939 0.666644
vt 0.168550 0.650770
vt 0.168550 0.666644
vt 0.125000 0.650770
vt 0.125000 0.666644
vt 0.391352 0.108206
vt 0.391352 0.090896
vt 0.378979 0.093952
vt 0.379736 0.111844
vt 0.394878 0.105894
vt 0.394878 0.088954
vt 0.398642 0.103899
vt 0.398642 0.087278
vt 0.402610 0.102240
vt 0.402610 0.085884
vt 0.406743 0.100933
vt 0.406743 0.084786
vt 0.411000 0.099990
vt 0.411000 0.083994
vt 0.415342 0.099421
vt 0.415342 0.083516
vt 0.419726 0.099230
vt 0.419726 0.083356
vt 0.562175 0.099230
vt 0.562258 0.083356
vt 0.042581 0.983178
vt 0.015260 0.983180
vt 0.014289 0.912677
vt 0.013740 0.912673
vt 0.016587 0.983180
vt 0.017689 0.983180
vt 0.982311 0.983180
vt 0.016540 0.983180
vt 0.985339 0.983098
vt 0.896900 0.894195
vt 0.895915 0.894235
vt 0.983448 0.983180
vt 0.921225 0.919434
vt 0.897195 0.894492
vt 0.985862 0.982856
vt 0.897488 0.894364
vt 0.897781 0.894658
vt 0.986332 0.982467
vt 0.898044 0.894447
vt 0.984497 0.983180
vt 0.985361 0.983180
vt 0.987265 0.981538
vt 0.839915 0.835533
vt 0.987265 0.980660
vt 0.984435 0.983180
vt 0.985197 0.983180
vt 0.987265 0.980448
vt 0.987265 0.979476
vt 0.987265 0.979525
vt 0.987265 0.979447
vt 0.987265 0.980214
vt 0.987265 0.979340
vt 0.985019 0.983180
vt 0.985196 0.979339
vt 0.985019 0.980214
vt 0.984438 0.979443
vt 0.984357 0.980449
vt 0.984356 0.983180
vt 0.983429 0.983180
vt 0.983432 0.980666
vt 0.983453 0.979524
vt 0.984497 0.978133
vt 0.985356 0.978114
vt 0.983460 0.978139
vt 0.982311 0.978093
vt 0.982311 0.979476
vt 0.982311 0.980717
vt 0.017689 0.979476
vt 0.017689 0.978093
vt 0.017689 0.980717
vt 0.982311 0.983180
vt 0.016571 0.980660
vt 0.016557 0.979525
vt 0.016568 0.983180
vt 0.016547 0.983180
vt 0.983443 0.983180
vt 0.015503 0.983180
vt 0.015562 0.983180
vt 0.015643 0.983180
vt 0.014644 0.983180
vt 0.014804 0.983180
vt 0.014981 0.983180
vt 0.015644 0.980448
vt 0.014981 0.980214
vt 0.012735 0.980449
vt 0.012735 0.980214
vt 0.012735 0.979339
vt 0.014803 0.979340
vt 0.012735 0.979443
vt 0.012735 0.979524
vt 0.012735 0.980666
vt 0.012735 0.979476
vt 0.012735 0.980717
vt 0.014601 0.983180
vt 0.015540 0.983180
vt 0.012871 0.885124
vt 0.012400 0.885118
vt 0.012091 0.861010
vt 0.010632 0.819575
vt 0.012862 0.884796
vt 0.013386 0.884801
vt 0.010639 0.819473
vt 0.010646 0.819292
vt 0.012735 0.978093
vt 0.012735 0.978139
vt 0.012735 0.976638
vt 0.012735 0.976638
vt 0.012735 0.979847
vt 0.011822 0.909398
vt 0.011816 0.609291
vt 0.012735 0.023362
vt 0.012735 0.023362
vt 0.012164 0.363325
vt 0.012145 0.362465
vt 0.012145 0.343355
vt 0.012164 0.343566
vt 0.012182 0.343148
vt 0.012198 0.342118
vt 0.012211 0.340527
vt 0.012221 0.338454
vt 0.012227 0.336005
vt 0.012227 0.330590
vt 0.012221 0.327805
vt 0.012211 0.325194
vt 0.012198 0.322887
vt 0.012182 0.321002
vt 0.012164 0.319631
vt 0.012145 0.318841
vt 0.012145 0.297854
vt 0.012164 0.297992
vt 0.012182 0.297503
vt 0.012198 0.296411
vt 0.012211 0.294767
vt 0.012221 0.292655
vt 0.012227 0.290181
vt 0.012229 0.287472
vt 0.012229 0.287571
vt 0.012227 0.284764
vt 0.012221 0.282004
vt 0.012211 0.279431
vt 0.012198 0.277176
vt 0.012182 0.275352
vt 0.012164 0.274051
vt 0.012145 0.273336
vt 0.011816 0.597453
vt 0.012145 0.614350
vt 0.012164 0.614998
vt 0.012182 0.614992
vt 0.012198 0.614332
vt 0.012211 0.613048
vt 0.012221 0.611207
vt 0.012227 0.608901
vt 0.012227 0.603486
vt 0.012221 0.600559
vt 0.012211 0.597717
vt 0.012198 0.595103
vt 0.012182 0.592848
vt 0.012164 0.591064
vt 0.012145 0.589838
vt 0.012145 0.568857
vt 0.012164 0.569431
vt 0.012182 0.569356
vt 0.012198 0.568634
vt 0.012211 0.567299
vt 0.012221 0.565419
vt 0.012227 0.563089
vt 0.012227 0.557675
vt 0.012221 0.554772
vt 0.012211 0.551969
vt 0.012198 0.549407
vt 0.012182 0.547215
vt 0.012164 0.545501
vt 0.012145 0.544348
vt 0.012145 0.525241
vt 0.012164 0.525745
vt 0.012182 0.525604
vt 0.012198 0.524822
vt 0.012211 0.523438
vt 0.012221 0.521521
vt 0.012227 0.519169
vt 0.012227 0.513755
vt 0.012221 0.510876
vt 0.012211 0.508110
vt 0.012198 0.505598
vt 0.012182 0.503465
vt 0.012164 0.501817
vt 0.012145 0.500734
vt 0.012145 0.479755
vt 0.012164 0.480186
vt 0.012182 0.479976
vt 0.012198 0.479132
vt 0.012211 0.477697
vt 0.012221 0.475741
vt 0.012227 0.473365
vt 0.012227 0.467951
vt 0.012221 0.465096
vt 0.012211 0.462369
vt 0.012198 0.459908
vt 0.012182 0.457837
vt 0.012164 0.456258
vt 0.012145 0.455249
vt 0.012145 0.432463
vt 0.012164 0.432818
vt 0.012182 0.432536
vt 0.012198 0.431628
vt 0.012211 0.430139
vt 0.012221 0.428143
vt 0.012227 0.425741
vt 0.012227 0.420327
vt 0.012221 0.417497
vt 0.012211 0.414810
vt 0.012198 0.412402
vt 0.012182 0.410396
vt 0.012164 0.408889
vt 0.012145 0.407955
vt 0.012145 0.386975
vt 0.012164 0.387257
vt 0.012182 0.386905
vt 0.012198 0.385935
vt 0.012211 0.384394
vt 0.012221 0.382359
vt 0.012227 0.379933
vt 0.012227 0.374519
vt 0.012221 0.371712
vt 0.012211 0.369063
vt 0.012198 0.366707
vt 0.012182 0.364762
vt 0.414603 0.301049
vt 0.414603 0.368002
vt 0.569515 0.368002
vt 0.570056 0.301049
vt 0.405791 0.299319
vt 0.405791 0.367839
vt 0.397420 0.294217
vt 0.397420 0.367356
vt 0.389259 0.285254
vt 0.389123 0.366085
vt 0.249541 0.512008
vt 0.178878 0.505195
vt 0.177688 0.547254
vt 0.246791 0.547254
vt 0.176793 0.571051
vt 0.244722 0.571051
vt 0.176237 0.597578
vt 0.243438 0.597578
vt 0.000000 0.631193
vt 0.000000 0.631090
vt 0.176049 0.625505
vt 0.243002 0.625505
vt 0.176049 0.624495
vt 0.243002 0.624495
vt 0.012229 0.606249
vt 0.012229 0.606348
vt 0.176237 0.652422
vt 0.243438 0.652422
vt 0.176793 0.678949
vt 0.244722 0.678949
vt 0.177688 0.702746
vt 0.246791 0.702746
vt 0.178878 0.744805
vt 0.249541 0.737992
vt 0.397420 0.946593
vt 0.397420 0.876547
vt 0.381539 0.869990
vt 0.377829 0.943756
vt 0.405791 0.948354
vt 0.405791 0.880618
vt 0.414603 0.948951
vt 0.414603 0.881998
vt 0.011815 0.573631
vt 0.011815 0.553239
vt 0.570270 0.948951
vt 0.569729 0.881998
vt 0.569912 0.368002
vt 0.570453 0.301049
vt 0.000000 0.618313
vt 0.012229 0.560529
vt 0.012229 0.560429
vt 0.000000 0.550689
vt 0.570667 0.948951
vt 0.570126 0.881998
vt 0.011815 0.529419
vt 0.011814 0.510851
vt 0.570293 0.368002
vt 0.570834 0.301049
vt 0.000000 0.537912
vt 0.000000 0.537808
vt 0.012229 0.516501
vt 0.012229 0.516601
vt 0.571048 0.948951
vt 0.570507 0.881998
vt 0.000000 0.525031
vt 0.570690 0.368002
vt 0.571231 0.301049
vt 0.011814 0.487034
vt 0.011813 0.466648
vt 0.012229 0.470689
vt 0.012229 0.470789
vt 0.000000 0.490291
vt 0.000000 0.490187
vt 0.000000 0.453555
vt 0.571445 0.948951
vt 0.570904 0.881998
vt 0.011813 0.442835
vt 0.011813 0.420697
vt 0.571102 0.368002
vt 0.571644 0.301049
vt 0.000000 0.440675
vt 0.000000 0.440778
vt 0.012229 0.423057
vt 0.012229 0.423157
vt 0.011812 0.396888
vt 0.011812 0.376509
vt 0.571857 0.948951
vt 0.571316 0.881998
vt 0.000000 0.405934
vt 0.000000 0.427898
vt 0.571499 0.368002
vt 0.572040 0.301049
vt 0.012229 0.377241
vt 0.012229 0.377340
vt 0.000000 0.360274
vt 0.572254 0.948951
vt 0.571713 0.881998
vt 0.571880 0.368002
vt 0.572421 0.301049
vt 0.011811 0.352704
vt 0.011811 0.334147
vt 0.012229 0.333304
vt 0.012229 0.333404
vt 0.000000 0.312653
vt 0.000000 0.334616
vt 0.572635 0.948951
vt 0.572094 0.881998
vt 0.011810 0.310347
vt 0.011810 0.289975
vt 0.572277 0.368002
vt 0.572818 0.301049
vt 0.573032 0.948951
vt 0.572491 0.881998
vt 0.011810 0.266180
vt 0.011805 0.018787
vt 0.000000 0.347497
vt 0.000000 0.347393
vt 0.000000 0.393157
vt 0.000000 0.393054
vt 0.000000 0.583572
vt 0.000000 0.583469
vt 0.000000 0.000000
vt 0.012735 0.021907
vt 0.012735 0.021845
vt 0.012735 0.020524
vt 0.012735 0.020475
vt 0.011906 0.015469
vt 0.013668 0.017533
vt 0.012735 0.018462
vt 0.010593 0.014804
vt 0.012735 0.019340
vt 0.014639 0.016820
vt 0.014138 0.017144
vt 0.015503 0.016820
vt 0.012138 0.015276
vt 0.014661 0.016902
vt 0.012131 0.015270
vt 0.012389 0.015151
vt 0.016552 0.016820
vt 0.016557 0.016820
vt 0.015565 0.016820
vt 0.014803 0.016820
vt 0.015644 0.016820
vt 0.014981 0.016820
vt 0.016571 0.016820
vt 0.017689 0.016820
vt 0.017689 0.016820
vt 0.017689 0.019283
vt 0.016568 0.019334
vt 0.015643 0.019551
vt 0.017689 0.020524
vt 0.016547 0.020476
vt 0.015562 0.020557
vt 0.016540 0.021861
vt 0.015503 0.021867
vt 0.017689 0.021907
vt 0.014644 0.021886
vt 0.014804 0.020661
vt 0.014981 0.019786
vt 0.012735 0.020660
vt 0.012735 0.019786
vt 0.012735 0.021881
vt 0.012735 0.020554
vt 0.012735 0.019552
vt 0.012735 0.021854
vt 0.012735 0.023362
vt 0.014601 0.023362
vt 0.012735 0.976637
vt 0.014601 0.976638
vt 0.012735 0.976637
vt 0.012735 0.978133
vt 0.012735 0.978114
vt 0.014639 0.978119
vt 0.015540 0.976637
vt 0.015503 0.978146
vt 0.015565 0.979446
vt 0.016552 0.978155
vt 0.016587 0.976638
vt 0.015540 0.023362
vt 0.016587 0.023362
vt 0.017689 0.023362
vt 0.017689 0.976638
vt 0.982311 0.023362
vt 0.982311 0.976638
vt 0.982311 0.021907
vt 0.983413 0.023362
vt 0.983413 0.976638
vt 0.983448 0.021845
vt 0.984460 0.023362
vt 0.984460 0.976638
vt 0.985399 0.023362
vt 0.985399 0.976638
vt 0.987265 0.976638
vt 0.987265 0.978119
vt 0.987265 0.023362
vt 0.987265 0.023362
vt 0.987265 0.976638
vt 0.987265 0.978146
vt 0.987265 0.978155
vt 0.987265 0.978093
vt 0.987265 0.976638
vt 0.922910 0.671751
vt 0.922953 0.702825
vt 0.921951 0.019220
vt 0.922002 0.053971
vt 0.923198 0.054780
vt 0.926766 0.059038
vt 0.929746 0.064659
vt 0.931988 0.071369
vt 0.933380 0.078827
vt 0.933852 0.086646
vt 0.933852 0.647993
vt 0.933380 0.655488
vt 0.931988 0.661917
vt 0.929746 0.666935
vt 0.926766 0.670279
vt 0.923198 0.671780
vt 0.923268 0.915874
vt 0.416759 0.352498
vt 0.417101 0.341088
vt 0.415993 0.341067
vt 0.415993 0.352488
vt 0.400969 0.340547
vt 0.400929 0.352115
vt 0.238186 0.501163
vt 0.225735 0.501035
vt 0.221828 0.505376
vt 0.233796 0.505366
vt 0.218888 0.508083
vt 0.230493 0.508069
vt 0.217063 0.511101
vt 0.228442 0.511081
vt 1.000000 0.057802
vt 1.000000 0.006543
vt 1.000000 0.006543
vt 1.000000 0.993457
vt 1.000000 0.718439
vt 1.000000 0.718301
vt 1.000000 0.713874
vt 1.000000 0.707991
vt 1.000000 0.700946
vt 1.000000 0.693092
vt 1.000000 0.684824
vt 1.000000 0.092044
vt 1.000000 0.083775
vt 1.000000 0.075922
vt 1.000000 0.068877
vt 1.000000 0.062993
vt 1.000000 0.058566
vt 0.216445 0.514278
vt 0.227747 0.514253
vt 0.216445 0.742064
vt 0.227747 0.741637
vt 0.217063 0.745241
vt 0.228442 0.744809
vt 0.218888 0.748259
vt 0.230493 0.747821
vt 0.221828 0.750966
vt 0.233796 0.750524
vt 0.225735 0.755307
vt 0.238186 0.754727
vt 0.415992 0.908085
vt 0.415992 0.896725
vt 0.385439 0.896090
vt 0.384290 0.907520
vt 0.420592 0.908191
vt 0.420249 0.896834
vt 1.000000 0.005089
vt 1.000000 0.005087
vt 1.000000 0.993457
vt 1.000000 0.005025
vt 1.000000 0.994913
vt 1.000000 0.994911
vt 1.000000 0.994959
vt 1.000000 0.993457
vt 1.000000 0.994953
vt 1.000000 0.006543
vt 1.000000 0.006543
vt 1.000000 0.993457
vt 1.000000 0.994934
vt 0.998135 0.993457
vt 0.998096 0.994939
vt 0.998135 0.006543
vt 1.000000 0.005034
vt 1.000000 0.005061
vt 0.998092 0.005066
vt 1.000000 0.003734
vt 1.000000 0.003840
vt 0.997931 0.003841
vt 1.000000 0.003655
vt 1.000000 0.002520
vt 1.000000 0.002732
vt 1.000000 0.002966
vt 0.998096 0.000000
vt 0.997932 0.000000
vt 0.997754 0.000000
vt 0.997754 0.002966
vt 0.997091 0.000000
vt 0.997092 0.002731
vt 0.997170 0.000000
vt 0.996164 0.000000
vt 0.996168 0.002514
vt 0.996179 0.000000
vt 0.996183 0.000000
vt 0.997232 0.000000
vt 0.996148 0.000000
vt 0.997195 0.000000
vt 0.998135 0.000000
vt 1.000000 0.002464
vt 0.998128 0.000000
vt 1.000000 0.002473
vt 0.997191 0.000000
vt 1.000000 0.003705
vt 1.000000 0.003710
vt 0.996147 0.000000
vt 0.995046 0.000000
vt 0.995046 0.000000
vt 0.004954 0.000000
vt 0.004954 0.000000
vt 0.565240 0.000000
vt 0.565240 0.000000
vt 0.750975 0.000000
vt 0.749934 0.000000
vt 0.749215 0.000000
vt 0.749215 0.000000
vt 0.749934 0.000000
vt 0.752055 0.000000
vt 0.755470 0.000000
vt 0.760010 0.000000
vt 0.765446 0.000000
vt 0.771506 0.000000
vt 0.777886 0.000000
vt 0.784914 0.000000
vt 0.791294 0.000000
vt 0.797354 0.000000
vt 0.802790 0.000000
vt 0.807330 0.000000
vt 0.810745 0.000000
vt 0.812866 0.000000
vt 0.813585 0.000000
vt 0.810745 0.000000
vt 0.803771 0.000000
vt 0.752055 0.000000
vt 0.565240 0.000000
vt 0.587938 0.000000
vt 0.588338 0.000000
vt 0.589519 0.000000
vt 0.591422 0.000000
vt 0.593950 0.000000
vt 0.596978 0.000000
vt 0.600353 0.000000
vt 0.603907 0.000000
vt 0.630023 0.000000
vt 0.633577 0.000000
vt 0.636952 0.000000
vt 0.639980 0.000000
vt 0.642508 0.000000
vt 0.644411 0.000000
vt 0.645592 0.000000
vt 0.645993 0.000000
vt 0.802790 0.000000
vt 0.797354 0.000000
vt 0.791294 0.000000
vt 0.784914 0.000000
vt 0.777886 0.000000
vt 0.771506 0.000000
vt 0.765446 0.000000
vt 0.760010 0.000000
vt 0.755470 0.000000
vt 0.588338 0.000000
vt 0.565022 0.000000
vt 0.564380 0.000000
vt 0.563345 0.000000
vt 0.561970 0.000000
vt 0.560323 0.000000
vt 0.558488 0.000000
vt 0.556555 0.000000
vt 0.510224 0.000000
vt 0.508291 0.000000
vt 0.506456 0.000000
vt 0.504809 0.000000
vt 0.503434 0.000000
vt 0.502399 0.000000
vt 0.501757 0.000000
vt 0.501539 0.000000
vt 0.501539 0.000000
vt 0.463043 0.000000
vt 0.464217 0.000000
vt 0.464626 0.000000
vt 0.464217 0.000000
vt 0.463007 0.000000
vt 0.461041 0.000000
vt 0.458395 0.000000
vt 0.455172 0.000000
vt 0.451494 0.000000
vt 0.447504 0.000000
vt 0.443354 0.000000
vt 0.439204 0.000000
vt 0.435213 0.000000
vt 0.431535 0.000000
vt 0.428312 0.000000
vt 0.425666 0.000000
vt 0.423700 0.000000
vt 0.422490 0.000000
vt 0.422417 0.000000
vt 0.393896 0.000000
vt 0.393830 0.000000
vt 0.393635 0.000000
vt 0.393311 0.000000
vt 0.392862 0.000000
vt 0.392292 0.000000
vt 0.391606 0.000000
vt 0.391580 0.000000
vt 0.645592 0.000000
vt 0.642508 0.000000
vt 0.639980 0.000000
vt 0.636952 0.000000
vt 0.633577 0.000000
vt 0.630023 0.000000
vt 0.603907 0.000000
vt 0.600353 0.000000
vt 0.596978 0.000000
vt 0.593950 0.000000
vt 0.589519 0.000000
vt 0.121561 0.000000
vt 0.121631 0.000000
vt 0.113431 0.000000
vt 0.113022 0.000000
vt 0.111812 0.000000
vt 0.109846 0.000000
vt 0.107200 0.000000
vt 0.103977 0.000000
vt 0.100299 0.000000
vt 0.096308 0.000000
vt 0.092158 0.000000
vt 0.088008 0.000000
vt 0.084018 0.000000
vt 0.080340 0.000000
vt 0.077117 0.000000
vt 0.074471 0.000000
vt 0.072505 0.000000
vt 0.071295 0.000000
vt 0.070886 0.000000
vt 0.390812 0.000000
vt 0.389917 0.000000
vt 0.388929 0.000000
vt 0.387859 0.000000
vt 0.386715 0.000000
vt 0.385510 0.000000
vt 0.384255 0.000000
vt 0.382962 0.000000
vt 0.381643 0.000000
vt 0.380312 0.000000
vt 0.252841 0.000000
vt 0.251510 0.000000
vt 0.250191 0.000000
vt 0.248898 0.000000
vt 0.247643 0.000000
vt 0.246438 0.000000
vt 0.245294 0.000000
vt 0.244224 0.000000
vt 0.243236 0.000000
vt 0.242341 0.000000
vt 0.241547 0.000000
vt 0.240862 0.000000
vt 0.240292 0.000000
vt 0.239842 0.000000
vt 0.239518 0.000000
vt 0.239323 0.000000
vt 0.239257 0.000000
vt 0.239258 0.000000
vt 0.217810 0.000000
vt 0.217596 0.000000
vt 0.217098 0.000000
vt 0.216408 0.000000
vt 0.215532 0.000000
vt 0.214479 0.000000
vt 0.213258 0.000000
vt 0.211882 0.000000
vt 0.210364 0.000000
vt 0.208718 0.000000
vt 0.206961 0.000000
vt 0.205109 0.000000
vt 0.203179 0.000000
vt 0.201192 0.000000
vt 0.199165 0.000000
vt 0.197119 0.000000
vt 0.142038 0.000000
vt 0.139992 0.000000
vt 0.137965 0.000000
vt 0.135977 0.000000
vt 0.134048 0.000000
vt 0.132196 0.000000
vt 0.130438 0.000000
vt 0.128793 0.000000
vt 0.127275 0.000000
vt 0.125899 0.000000
vt 0.124678 0.000000
vt 0.123625 0.000000
vt 0.122749 0.000000
vt 0.122058 0.000000
vt 0.121561 0.000000
vt 0.121260 0.000000
vt 0.121260 0.000000
vt 0.239258 0.000000
vt 0.071295 0.000000
vt 0.072505 0.000000
vt 0.074471 0.000000
vt 0.077117 0.000000
vt 0.080340 0.000000
vt 0.088008 0.000000
vt 0.092158 0.000000
vt 0.100299 0.000000
vt 0.103977 0.000000
vt 0.111812 0.000000
vt 0.122749 0.000000
vt 0.123625 0.000000
vt 0.124678 0.000000
vt 0.125899 0.000000
vt 0.128793 0.000000
vt 0.130438 0.000000
vt 0.132196 0.000000
vt 0.134048 0.000000
vt 0.137965 0.000000
vt 0.139992 0.000000
vt 0.142038 0.000000
vt 0.197119 0.000000
vt 0.199165 0.000000
vt 0.201192 0.000000
vt 0.205109 0.000000
vt 0.206961 0.000000
vt 0.208718 0.000000
vt 0.211882 0.000000
vt 0.213258 0.000000
vt 0.214479 0.000000
vt 0.215532 0.000000
vt 0.217098 0.000000
vt 0.217897 0.000000
vt 0.003853 0.000000
vt 0.003852 0.000000
vt 0.003805 0.000000
vt 0.218750 0.567693
vt 0.218750 0.609289
vt 0.250000 0.609289
vt 0.250000 0.567693
vt 0.281250 0.609289
vt 0.281250 0.567693
vt 0.312500 0.609289
vt 0.312500 0.567693
vt 0.446974 0.016814
vt 0.449221 0.016814
vt 0.505139 0.016814
vt 0.505986 0.016814
vt 0.507821 0.016814
vt 0.509755 0.016814
vt 0.527723 0.016814
vt 0.982311 0.016820
vt 0.016451 0.016820
vt 0.069990 0.016808
vt 0.070377 0.016809
vt 0.071568 0.016810
vt 0.073516 0.016811
vt 0.076148 0.016811
vt 0.079361 0.016812
vt 0.083033 0.016812
vt 0.087022 0.016813
vt 0.091174 0.016813
vt 0.095331 0.016813
vt 0.099332 0.016813
vt 0.103024 0.016812
vt 0.106264 0.016812
vt 0.108929 0.016812
vt 0.110915 0.016811
vt 0.112147 0.016810
vt 0.112577 0.016810
vt 0.120803 0.016810
vt 0.120713 0.016810
vt 0.120402 0.016810
vt 0.120383 0.016811
vt 0.120674 0.016811
vt 0.121163 0.016812
vt 0.121845 0.016812
vt 0.122713 0.016812
vt 0.123759 0.016813
vt 0.124973 0.016813
vt 0.126344 0.016813
vt 0.127857 0.016813
vt 0.129499 0.016814
vt 0.131254 0.016814
vt 0.133104 0.016814
vt 0.135032 0.016814
vt 0.137020 0.016814
vt 0.139048 0.016814
vt 0.141096 0.016814
vt 0.196247 0.016814
vt 0.198297 0.016814
vt 0.200328 0.016814
vt 0.202320 0.016814
vt 0.204255 0.016814
vt 0.206114 0.016814
vt 0.207879 0.016814
vt 0.209533 0.016814
vt 0.211060 0.016813
vt 0.212445 0.016813
vt 0.213675 0.016813
vt 0.214739 0.016812
vt 0.215625 0.016812
vt 0.216325 0.016812
vt 0.216834 0.016811
vt 0.217144 0.016811
vt 0.217162 0.016811
vt 0.238528 0.016811
vt 0.238507 0.016812
vt 0.238566 0.016812
vt 0.238755 0.016812
vt 0.239073 0.016813
vt 0.239517 0.016813
vt 0.240082 0.016813
vt 0.240762 0.016813
vt 0.241552 0.016813
vt 0.242444 0.016814
vt 0.243428 0.016814
vt 0.244496 0.016814
vt 0.245638 0.016814
vt 0.246842 0.016814
vt 0.248096 0.016814
vt 0.249390 0.016814
vt 0.250709 0.016814
vt 0.252042 0.016814
vt 0.379676 0.016814
vt 0.381009 0.016814
vt 0.382331 0.016814
vt 0.383627 0.016814
vt 0.384886 0.016814
vt 0.386095 0.016814
vt 0.387244 0.016814
vt 0.388320 0.016814
vt 0.389313 0.016814
vt 0.390214 0.016813
vt 0.391014 0.016813
vt 0.391706 0.016813
vt 0.392268 0.016813
vt 0.433900 0.016813
vt 0.434674 0.016813
vt 0.438664 0.016814
vt 0.442817 0.016814
vt 0.343750 0.609289
vt 0.343750 0.567693
vt 0.375000 0.609289
vt 0.375000 0.567693
vt 0.406250 0.609289
vt 0.406250 0.567693
vt 0.437500 0.609289
vt 0.437500 0.567693
vt 0.468750 0.609289
vt 0.468750 0.567693
vt 0.500000 0.609289
vt 0.500000 0.567693
vt 0.531250 0.609289
vt 0.531250 0.567693
vt 0.562500 0.609289
vt 0.562500 0.567693
vt 0.593750 0.609289
vt 0.593750 0.567693
vt 0.625000 0.609289
vt 0.625000 0.567693
vt 0.656250 0.609289
vt 0.656250 0.567693
vt 0.687500 0.609289
vt 0.687500 0.567693
vt 0.718750 0.609289
vt 0.718750 0.567693
vt 0.750000 0.609289
vt 0.750000 0.567693
vt 0.781250 0.609289
vt 0.781250 0.567693
vt 0.014594 0.016820
vt 0.238784 0.016814
vt 0.217254 0.016811
vt 0.217253 0.016811
vt 0.217161 0.016811
vt 0.216869 0.016811
vt 0.216379 0.016810
vt 0.215696 0.016810
vt 0.214827 0.016810
vt 0.213780 0.016810
vt 0.212565 0.016810
vt 0.211194 0.016810
vt 0.209680 0.016810
vt 0.208038 0.016810
vt 0.206283 0.016810
vt 0.204432 0.016810
vt 0.202504 0.016810
vt 0.200517 0.016810
vt 0.198489 0.016809
vt 0.196440 0.016809
vt 0.141297 0.016808
vt 0.139248 0.016807
vt 0.137217 0.016807
vt 0.135225 0.016807
vt 0.133290 0.016807
vt 0.131431 0.016808
vt 0.129667 0.016808
vt 0.128013 0.016808
vt 0.126486 0.016808
vt 0.125101 0.016808
vt 0.123871 0.016808
vt 0.122808 0.016809
vt 0.121922 0.016809
vt 0.121221 0.016809
vt 0.112189 0.016809
vt 0.110998 0.016808
vt 0.109049 0.016807
vt 0.106418 0.016806
vt 0.103205 0.016806
vt 0.099534 0.016805
vt 0.095546 0.016804
vt 0.091394 0.016804
vt 0.087238 0.016804
vt 0.083238 0.016804
vt 0.079547 0.016804
vt 0.076306 0.016805
vt 0.073641 0.016806
vt 0.071654 0.016806
vt 0.070421 0.016807
vt 0.812500 0.609289
vt 0.812500 0.567693
vt 0.843750 0.609289
vt 0.843750 0.567693
vt 0.875000 0.609289
vt 0.875000 0.567693
vt 0.906250 0.609289
vt 0.906250 0.567693
vt 0.937500 0.609289
vt 0.937500 0.567693
vt 0.968750 0.609289
vt 0.968750 0.567693
vt 1.000000 0.609289
vt 1.000000 0.567693
vt 0.000000 0.567693
vt 0.000000 0.609289
vt 0.031250 0.609289
vt 0.031250 0.567693
vt 0.062500 0.609289
vt 0.062500 0.567693
vt 0.093750 0.609289
vt 0.093750 0.567693
vt 0.125000 0.609289
vt 0.125000 0.567693
vt 0.156250 0.609289
vt 0.156250 0.567693
vt 0.187500 0.609289
vt 0.187500 0.567693
vt 0.776002 0.670200
vt 0.785850 0.670201
vt 0.785850 0.653491
vt 0.775577 0.653491
vt 0.773892 0.653491
vt 0.773892 0.670200
vt 0.761699 0.653491
vt 0.761699 0.670200
vt 0.120293 0.016810
vt 0.120292 0.016810
vt 0.749386 0.653491
vt 0.749386 0.670200
vt 0.121159 0.000000
vt 0.121159 0.000000
vt 0.738301 0.670200
vt 0.738301 0.653491
vt 0.726108 0.653491
vt 0.726108 0.670200
vt 0.750614 0.670200
vt 0.750614 0.653491
vt 0.714150 0.653491
vt 0.714150 0.670200
vt 0.702543 0.653491
vt 0.702543 0.670200
vt 0.691400 0.653491
vt 0.691400 0.670200
vt 0.680826 0.653491
vt 0.680826 0.670200
vt 0.670925 0.653491
vt 0.670925 0.670200
vt 0.625000 0.653491
vt 0.625000 0.670200
vt 0.375000 0.329800
vt 0.375000 0.346509
vt 0.394707 0.346509
vt 0.394707 0.329800
vt 0.398955 0.346509
vt 0.398955 0.329800
vt 0.403493 0.346509
vt 0.403493 0.329800
vt 0.408274 0.346509
vt 0.408274 0.329800
vt 0.413255 0.346509
vt 0.413255 0.329800
vt 0.418386 0.346509
vt 0.418386 0.329800
vt 0.423618 0.346509
vt 0.423618 0.329800
vt 0.428901 0.346509
vt 0.428901 0.329800
vt 0.571098 0.346509
vt 0.571098 0.329800
vt 0.576382 0.346509
vt 0.576382 0.329800
vt 0.581614 0.346509
vt 0.581614 0.329800
vt 0.586745 0.346509
vt 0.586745 0.329800
vt 0.591726 0.346509
vt 0.591726 0.329800
vt 0.596507 0.346509
vt 0.596507 0.329800
vt 0.601044 0.346509
vt 0.601044 0.329800
vt 0.605293 0.346509
vt 0.605293 0.329800
vt 0.625000 0.346509
vt 0.625000 0.329800
vt 0.420925 0.846509
vt 0.420925 0.829800
vt 0.375000 0.829800
vt 0.375000 0.846509
vt 0.430826 0.846509
vt 0.430826 0.829800
vt 0.441400 0.846509
vt 0.441400 0.829800
vt 0.452543 0.846509
vt 0.452543 0.829800
vt 0.464150 0.846509
vt 0.464150 0.829800
vt 0.476108 0.846509
vt 0.476108 0.829800
vt 0.484794 0.846509
vt 0.488301 0.846509
vt 0.488301 0.829800
vt 0.490244 0.829800
vt 0.500614 0.846509
vt 0.500614 0.829800
vt 0.217997 0.000000
vt 0.217997 0.000000
vt 0.499386 0.829800
vt 0.499386 0.846509
vt 0.511699 0.846509
vt 0.511699 0.829799
vt 0.523892 0.846509
vt 0.523892 0.829800
vt 0.535850 0.846509
vt 0.535850 0.829800
vt 0.547457 0.846509
vt 0.547457 0.829800
vt 0.558600 0.846509
vt 0.558600 0.829800
vt 0.569174 0.846509
vt 0.569174 0.829800
vt 0.579075 0.846509
vt 0.579075 0.829800
vt 0.625000 0.846509
vt 0.625000 0.829800
vt 0.375000 0.079800
vt 0.375000 0.096509
vt 0.394707 0.096509
vt 0.394707 0.079800
vt 0.398955 0.096509
vt 0.398955 0.079800
vt 0.403493 0.096509
vt 0.403493 0.079800
vt 0.408274 0.096509
vt 0.408274 0.079800
vt 0.413255 0.096509
vt 0.413255 0.079800
vt 0.418386 0.096509
vt 0.418386 0.079800
vt 0.423618 0.096509
vt 0.423618 0.079800
vt 0.428901 0.096509
vt 0.428901 0.079800
vt 0.571099 0.096509
vt 0.571099 0.079800
vt 0.576382 0.096509
vt 0.576382 0.079800
vt 0.581614 0.096509
vt 0.581614 0.079800
vt 0.586745 0.096509
vt 0.586745 0.079800
vt 0.591726 0.096509
vt 0.591726 0.079800
vt 0.596507 0.096509
vt 0.596507 0.079800
vt 0.601045 0.096509
vt 0.601045 0.079800
vt 0.605293 0.096509
vt 0.605293 0.079800
vt 0.625000 0.096509
vt 0.625000 0.079800
vt 0.829075 0.653491
vt 0.829075 0.670200
vt 0.875000 0.670200
vt 0.875000 0.653491
vt 0.819174 0.653491
vt 0.819174 0.670200
vt 0.808600 0.653491
vt 0.808600 0.670200
vt 0.797457 0.653491
vt 0.797457 0.670201
vt 0.491029 0.101585
vt 0.400070 0.101585
vt 0.395346 0.101585
vt 0.395346 0.112843
vt 0.401717 0.112843
vt 0.490977 0.112843
vt 0.012381 0.015145
vt 0.013259 0.015105
vt 0.013620 0.015591
vt 0.982311 0.016820
vt 0.564993 0.016817
vt 0.984553 0.016820
vt 0.813466 0.016818
vt 0.813467 0.016818
vt 0.812753 0.016818
vt 0.810636 0.016818
vt 0.807222 0.016818
vt 0.802681 0.016818
vt 0.797244 0.016818
vt 0.791182 0.016818
vt 0.784797 0.016818
vt 0.777766 0.016818
vt 0.771380 0.016818
vt 0.765314 0.016818
vt 0.759871 0.016818
vt 0.755323 0.016818
vt 0.751898 0.016818
vt 0.749770 0.016818
vt 0.749044 0.016818
vt 0.639703 0.016816
vt 0.636677 0.016816
vt 0.633300 0.016816
vt 0.629745 0.016816
vt 0.603604 0.016816
vt 0.600047 0.016816
vt 0.596666 0.016816
vt 0.593631 0.016816
vt 0.591096 0.016816
vt 0.589185 0.016816
vt 0.587996 0.016816
vt 0.587589 0.016815
vt 0.564853 0.016815
vt 0.983413 0.016820
vt 0.983460 0.016820
vt 0.919269 0.015707
vt 0.919864 0.015707
vt 0.812742 0.016818
vt 0.645700 0.016816
vt 0.645701 0.016816
vt 0.645306 0.016816
vt 0.644130 0.016816
vt 0.642231 0.016816
vt 0.749042 0.016818
vt 0.749755 0.016818
vt 0.751870 0.016817
vt 0.755284 0.016817
vt 0.759823 0.016817
vt 0.765260 0.016818
vt 0.771324 0.016818
vt 0.777710 0.016818
vt 0.784745 0.016818
vt 0.791131 0.016818
vt 0.797200 0.016818
vt 0.802643 0.016818
vt 0.807191 0.016818
vt 0.810615 0.016818
vt 0.645294 0.016816
vt 0.556141 0.016815
vt 0.558076 0.016815
vt 0.559915 0.016815
vt 0.561565 0.016815
vt 0.562945 0.016815
vt 0.563984 0.016815
vt 0.564632 0.016815
vt 0.587588 0.016815
vt 0.587982 0.016815
vt 0.589158 0.016815
vt 0.591056 0.016815
vt 0.593583 0.016815
vt 0.596610 0.016815
vt 0.599987 0.016815
vt 0.603544 0.016815
vt 0.629688 0.016816
vt 0.633246 0.016816
vt 0.636627 0.016816
vt 0.639661 0.016816
vt 0.642196 0.016816
vt 0.644105 0.016816
vt 0.894031 0.015267
vt 0.894601 0.015267
vt 0.984460 0.016820
vt 0.894900 0.015272
vt 0.984497 0.016820
vt 0.985399 0.016820
vt 0.985356 0.016820
vt 0.895413 0.015272
vt 0.987265 0.019283
vt 0.987265 0.019334
vt 0.873076 0.014892
vt 0.836868 0.015595
vt 0.837372 0.016283
vt 0.987265 0.020524
vt 0.837871 0.017053
vt 0.987265 0.021907
vt 0.987265 0.021861
vt 0.987265 0.020476
vt 0.987265 0.021867
vt 0.987265 0.020557
vt 0.987265 0.019551
vt 0.985196 0.016820
vt 0.987265 0.020661
vt 0.987265 0.019786
vt 0.985019 0.016820
vt 0.985197 0.020660
vt 0.985019 0.019786
vt 0.984438 0.016820
vt 0.984357 0.016820
vt 0.984356 0.019552
vt 0.983453 0.016820
vt 0.983432 0.016820
vt 0.983429 0.019340
vt 0.984435 0.020554
vt 0.983443 0.020475
vt 0.984497 0.021854
vt 0.985361 0.021881
vt 0.987265 0.021886
vt 0.982311 0.020524
vt 0.982311 0.019283
vt 0.982311 0.016820
vt 0.987265 0.020402
vt 0.499899 0.560297
vt 0.499899 0.539788
vt 0.472107 0.539089
vt 0.472107 0.559766
vt 0.500100 0.560297
vt 0.500100 0.539788
vt 0.445708 0.537027
vt 0.445708 0.558200
vt 0.422026 0.533704
vt 0.422026 0.555678
vt 0.380719 0.529289
vt 0.380719 0.552325
vt 0.366584 0.524002
vt 0.366584 0.548310
vt 0.355201 0.518107
vt 0.355201 0.543835
vt 0.324198 0.527541
vt 0.324198 0.550997
vt 0.193768 0.539788
vt 0.193768 0.560297
vt 0.178466 0.539788
vt 0.178466 0.560297
vt 0.163931 0.539788
vt 0.163931 0.560297
vt 0.150892 0.539788
vt 0.150892 0.560297
vt 0.125000 0.539788
vt 0.125000 0.560297
vt 0.445708 0.213618
vt 0.445708 0.192777
vt 0.401619 0.198195
vt 0.404496 0.219622
vt 0.472107 0.211074
vt 0.472107 0.190481
vt 0.499899 0.210212
vt 0.499899 0.189703
vt 0.500101 0.210212
vt 0.500101 0.189703
vt 0.527893 0.211074
vt 0.527893 0.190481
vt 0.554292 0.213618
vt 0.554292 0.192777
vt 0.577974 0.217716
vt 0.577974 0.196475
vt 0.607908 0.226452
vt 0.609576 0.204359
vt 0.875000 0.560297
vt 0.875000 0.539788
vt 0.836069 0.539788
vt 0.836069 0.560297
vt 0.821534 0.539788
vt 0.821534 0.560297
vt 0.806232 0.539788
vt 0.806232 0.560297
vt 0.675802 0.527541
vt 0.675802 0.550998
vt 0.644799 0.518108
vt 0.644799 0.543835
vt 0.633416 0.524002
vt 0.633416 0.548310
vt 0.619281 0.529289
vt 0.619281 0.552325
vt 0.577974 0.533704
vt 0.577974 0.555678
vt 0.554292 0.537027
vt 0.554292 0.558200
vt 0.527893 0.539089
vt 0.527893 0.559766
vt 0.496821 0.181460
vt 0.496821 0.201937
vt 0.503179 0.201937
vt 0.503179 0.181460
vt 0.530287 0.203302
vt 0.530287 0.182686
vt 0.469713 0.182686
vt 0.469713 0.203302
vt 0.457073 0.184462
vt 0.443965 0.186303
vt 0.443965 0.207327
vt 0.400103 0.194756
vt 0.402936 0.216733
vt 0.125000 0.548063
vt 0.125000 0.568540
vt 0.166925 0.568540
vt 0.166925 0.548063
vt 0.188039 0.568540
vt 0.188039 0.548063
vt 0.211574 0.568540
vt 0.211574 0.548063
vt 0.236353 0.568540
vt 0.236353 0.548063
vt 0.329800 0.538661
vt 0.329800 0.507346
vt 0.342667 0.544876
vt 0.342667 0.515815
vt 0.357412 0.551309
vt 0.357412 0.524582
vt 0.374531 0.557080
vt 0.374531 0.532446
vt 0.384541 0.558119
vt 0.420867 0.561900
vt 0.420867 0.539014
vt 0.443965 0.565526
vt 0.443965 0.543955
vt 0.469713 0.567777
vt 0.469713 0.547023
vt 0.496821 0.568540
vt 0.496821 0.548063
vt 0.503179 0.568540
vt 0.503179 0.548063
vt 0.530287 0.567777
vt 0.530287 0.547023
vt 0.556035 0.565526
vt 0.556035 0.543955
vt 0.579133 0.561900
vt 0.579133 0.539014
vt 0.625469 0.557080
vt 0.625469 0.532446
vt 0.642588 0.551309
vt 0.642588 0.524582
vt 0.657333 0.544876
vt 0.657333 0.515815
vt 0.670200 0.538661
vt 0.670200 0.507346
vt 0.763647 0.568540
vt 0.763647 0.548063
vt 0.788426 0.568540
vt 0.788426 0.548063
vt 0.811962 0.568540
vt 0.811962 0.548063
vt 0.875000 0.568540
vt 0.875000 0.548063
vt 0.579133 0.192131
vt 0.579133 0.213813
vt 0.608813 0.227472
vt 0.610454 0.204406
vt 0.556035 0.186303
vt 0.556035 0.207328
vt 0.553507 0.571344
vt 0.588858 0.571344
vt 0.588759 0.552273
vt 0.400079 0.552273
vt 0.400079 0.571344
vt 0.394499 0.551829
vt 0.394499 0.571016
vt 0.389198 0.550518
vt 0.389198 0.570049
vt 0.384443 0.548407
vt 0.384443 0.568492
vt 0.378522 0.545601
vt 0.378522 0.566422
vt 0.375164 0.542242
vt 0.375164 0.563944
vt 0.372740 0.538497
vt 0.372740 0.561181
vt 0.354663 0.544274
vt 0.354663 0.565443
vt 0.234835 0.549245
vt 0.159084 0.552273
vt 0.159084 0.571344
vt 0.151500 0.552273
vt 0.151500 0.571344
vt 0.144295 0.552273
vt 0.144295 0.571344
vt 0.140967 0.552273
vt 0.137833 0.552273
vt 0.137833 0.571344
vt 0.393535 0.016815
vt 0.501251 0.016816
vt 0.501084 0.016814
vt 0.501297 0.016814
vt 0.501936 0.016814
vt 0.502968 0.016814
vt 0.504341 0.016814
vt 0.450975 0.016814
vt 0.454662 0.016814
vt 0.457896 0.016814
vt 0.460553 0.016814
vt 0.462531 0.016814
vt 0.463753 0.016814
vt 0.464174 0.016814
vt 0.463776 0.016814
vt 0.462575 0.016814
vt 0.460617 0.016814
vt 0.457978 0.016814
vt 0.454759 0.016814
vt 0.451083 0.016814
vt 0.447092 0.016814
vt 0.442939 0.016814
vt 0.438785 0.016814
vt 0.434787 0.016814
vt 0.431099 0.016814
vt 0.427866 0.016814
vt 0.425208 0.016814
vt 0.423229 0.016814
vt 0.422006 0.016814
vt 0.421584 0.016814
vt 0.421981 0.016813
vt 0.423181 0.016813
vt 0.425138 0.016813
vt 0.427778 0.016813
vt 0.430998 0.016813
vt 0.392283 0.016813
vt 0.392736 0.016813
vt 0.393065 0.016813
vt 0.393265 0.016813
vt 0.393334 0.016813
vt 0.125000 0.552272
vt 0.125000 0.571344
vt 0.389198 0.200112
vt 0.389198 0.180811
vt 0.381368 0.183671
vt 0.382048 0.203278
vt 0.394499 0.198331
vt 0.394499 0.179202
vt 0.400079 0.197727
vt 0.400079 0.178656
vt 0.501727 0.178656
vt 0.590684 0.197727
vt 0.590783 0.178656
vt 0.463007 0.000000
vt 0.501539 0.000000
vt 0.393896 0.000000
vt 0.422081 0.000000
vt 0.422490 0.000000
vt 0.423700 0.000000
vt 0.425666 0.000000
vt 0.431535 0.000000
vt 0.435213 0.000000
vt 0.439204 0.000000
vt 0.443354 0.000000
vt 0.447504 0.000000
vt 0.451494 0.000000
vt 0.455172 0.000000
vt 0.458396 0.000000
vt 0.461041 0.000000
vt 0.811568 0.608426
vt 0.812500 0.608426
vt 0.812500 0.566830
vt 0.781250 0.566829
vt 0.781250 0.608426
vt 0.843750 0.608426
vt 0.843750 0.566830
vt 0.875000 0.608426
vt 0.875000 0.566830
vt 0.906250 0.608426
vt 0.906250 0.566830
vt 0.937500 0.608426
vt 0.937500 0.566830
vt 0.968750 0.608426
vt 0.968750 0.566830
vt 1.000000 0.608426
vt 1.000000 0.566830
vt 0.000000 0.566830
vt 0.000000 0.608426
vt 0.031250 0.608426
vt 0.031250 0.566830
vt 0.062500 0.608426
vt 0.062500 0.566830
vt 0.093750 0.608426
vt 0.093750 0.566830
vt 0.125000 0.608426
vt 0.125000 0.566830
vt 0.156250 0.608426
vt 0.156250 0.566830
vt 0.187500 0.608426
vt 0.187500 0.566830
vt 0.218750 0.608426
vt 0.218750 0.566830
vt 0.250000 0.608426
vt 0.250000 0.566829
vt 0.275707 0.608426
vt 0.281250 0.608426
vt 0.281250 0.566829
vt 0.312500 0.608426
vt 0.312500 0.566829
vt 0.343750 0.608426
vt 0.343750 0.566829
vt 0.375000 0.608426
vt 0.375000 0.566830
vt 0.406250 0.608426
vt 0.406250 0.566830
vt 0.437500 0.608426
vt 0.437500 0.566830
vt 0.430919 0.566830
vt 0.385755 0.637402
vt 0.385755 0.648887
vt 0.387560 0.648719
vt 0.387560 0.637315
vt 0.387514 0.637317
vt 0.384042 0.637507
vt 0.384042 0.649089
vt 0.383990 0.649097
vt 0.382438 0.637628
vt 0.382438 0.649323
vt 0.380789 0.637765
vt 0.380789 0.649586
vt 0.379257 0.637916
vt 0.379257 0.649877
vt 0.378052 0.638079
vt 0.378052 0.650192
vt 0.377002 0.638254
vt 0.377002 0.650528
vt 0.376117 0.638438
vt 0.376117 0.650883
vt 0.375406 0.638630
vt 0.375406 0.651252
vt 0.374875 0.638827
vt 0.374875 0.651632
vt 0.374530 0.639029
vt 0.374530 0.652020
vt 0.362114 0.638040
vt 0.362114 0.650115
vt 0.146961 0.637157
vt 0.146961 0.648415
vt 0.144808 0.637157
vt 0.144808 0.648415
vt 0.142676 0.637157
vt 0.142676 0.648415
vt 0.140586 0.637157
vt 0.140586 0.648415
vt 0.138557 0.637157
vt 0.138557 0.648415
vt 0.136609 0.637157
vt 0.136608 0.648415
vt 0.134760 0.637157
vt 0.134760 0.648415
vt 0.133029 0.637157
vt 0.133029 0.648415
vt 0.125000 0.637157
vt 0.125000 0.648415
vt 0.382438 0.115029
vt 0.382438 0.103553
vt 0.377386 0.104160
vt 0.377651 0.115704
vt 0.384042 0.114466
vt 0.384042 0.103046
vt 0.385755 0.113980
vt 0.385755 0.102608
vt 0.387560 0.113576
vt 0.387560 0.102245
vt 0.389440 0.113258
vt 0.389440 0.101958
vt 0.391376 0.113028
vt 0.391376 0.101751
vt 0.393351 0.112889
vt 0.393351 0.101626
vt 0.389440 0.648588
vt 0.389440 0.637246
vt 0.391376 0.648492
vt 0.391376 0.637197
vt 0.393351 0.648435
vt 0.393351 0.637167
vt 0.395346 0.648415
vt 0.395346 0.637157
vt 0.488605 0.648415
vt 0.488554 0.637157
vt 0.468750 0.608426
vt 0.468750 0.566830
vt 0.500000 0.608426
vt 0.500000 0.566830
vt 0.531250 0.608426
vt 0.531250 0.566830
vt 0.548792 0.566830
vt 0.562500 0.608426
vt 0.562500 0.566830
vt 0.593750 0.608426
vt 0.593750 0.566830
vt 0.625000 0.608426
vt 0.625000 0.566829
vt 0.656250 0.608426
vt 0.656250 0.566829
vt 0.687500 0.608426
vt 0.687500 0.566829
vt 0.718750 0.608426
vt 0.718750 0.566829
vt 0.750000 0.608426
vt 0.750000 0.566830
vt 0.002805 0.000000
vt 0.002767 0.000000
vt 0.002809 0.000000
vt 0.001873 0.000000
vt 0.001865 0.000000
vt 0.000000 0.002474
vt 0.000000 0.002464
vt 0.000000 0.002514
vt 0.001908 0.000000
vt 0.002069 0.000000
vt 0.002827 0.000000
vt 0.000000 0.002731
vt 0.000000 0.002966
vt 0.002246 0.000000
vt 0.002908 0.000000
vt 0.002909 0.002732
vt 0.002246 0.002966
vt 0.000000 0.003841
vt 0.002068 0.003840
vt 0.000000 0.003738
vt 0.000000 0.005066
vt 0.001904 0.005061
vt 0.000000 0.005047
vt 0.000000 0.003656
vt 0.000000 0.003705
vt 0.000000 0.003710
vt 0.000000 0.006543
vt 0.000000 0.994966
vt 0.000000 0.994939
vt 0.001865 0.993457
vt 0.001865 0.006543
vt 0.001908 0.994934
vt 0.002805 0.993457
vt 0.002805 0.006543
vt 0.002767 0.994953
vt 0.002069 0.996159
vt 0.002827 0.996262
vt 0.000000 0.996160
vt 0.000000 0.997034
vt 0.002246 0.997034
vt 0.002908 0.997269
vt 0.002909 1.000000
vt 0.002246 1.000000
vt 0.000000 0.997268
vt 0.002068 1.000000
vt 0.000000 0.996266
vt 0.002830 1.000000
vt 0.003821 1.000000
vt 0.003836 1.000000
vt 0.003832 0.997486
vt 0.004954 1.000000
vt 0.004954 1.000000
vt 0.004954 0.997536
vt 0.995046 1.000000
vt 0.995046 0.997536
vt 0.996188 1.000000
vt 0.996168 1.000000
vt 0.996164 0.997480
vt 0.997173 1.000000
vt 0.997092 1.000000
vt 0.997091 0.997268
vt 0.997233 1.000000
vt 0.998092 1.000000
vt 0.997931 1.000000
vt 0.997754 1.000000
vt 1.000000 0.997486
vt 1.000000 0.997269
vt 1.000000 0.997034
vt 0.997754 0.997034
vt 1.000000 0.996158
vt 0.997932 0.996160
vt 1.000000 0.996262
vt 1.000000 0.996344
vt 1.000000 0.996295
vt 1.000000 0.997536
vt 0.998135 1.000000
vt 1.000000 0.997527
vt 0.998128 1.000000
vt 1.000000 0.996290
vt 0.997195 1.000000
vt 0.997191 1.000000
vt 0.997232 0.994966
vt 0.997170 0.996266
vt 0.996179 0.996345
vt 0.996183 0.994975
vt 0.996148 0.993457
vt 0.997195 0.993457
vt 0.996148 0.006543
vt 0.997195 0.006543
vt 0.997233 0.005047
vt 0.996195 0.005041
vt 0.997173 0.003738
vt 0.996188 0.003656
vt 0.995046 0.005087
vt 0.995046 0.003705
vt 0.995046 0.002464
vt 0.004954 0.002464
vt 0.004954 0.003705
vt 0.003836 0.002520
vt 0.003821 0.003655
vt 0.003832 0.000000
vt 0.003812 0.000000
vt 0.002830 0.003734
vt 0.003817 0.005025
vt 0.002768 0.005034
vt 0.003852 0.006543
vt 0.003852 0.993457
vt 0.004954 0.006543
vt 0.004954 0.005087
vt 0.004954 0.993457
vt 0.995046 0.006543
vt 0.995046 0.993457
vt 0.995046 0.994913
vt 0.004954 0.994913
vt 0.995046 0.996295
vt 0.004954 0.996295
vt 0.003805 0.994959
vt 0.003812 0.996344
s 0
f 2472/2091/776 2470/2092/776 2469/2093/776 2468/2094/776 2463/2095/776 2462/2096/776 2461/2097/776 2460/2098/776 2457/2099/776 2450/2100/776 2449/2101/776 2448/2102/776 2443/2103/776 2442/2104/776 2441/2105/776 2440/2106/776 2437/2107/776 2431/2108/776 2430/2109/776 2429/2110/776 2428/2111/776 2425/2112/776 2420/2113/776 2418/2114/776 2416/2115/776 2415/2116/776 2410/2117/776 2409/2118/776 2408/2119/776 2407/2120/776 2403/2121/776 2398/2122/776 2397/2123/776 2396/2124/776 2395/2125/776 2390/2126/776 2389/2127/776 2387/2128/776 2385/2129/776 2379/2130/776 2378/2131/776 2377/2132/776 2376/2133/776 2373/2134/776 2365/2135/776 2364/2136/776 2363/2137/776 2362/2138/776 2359/2139/776 2357/2140/776 2355/2141/776 2348/2142/776 2347/2143/776 2346/2144/776 2343/2145/776 2341/2146/776 2337/2147/776 2336/2148/776 2334/2149/776 2330/2150/776 2325/2151/776 2324/2152/776 2323/2153/776 2322/2154/776 2315/2155/776 2313/2156/776 2311/2157/776 2310/2158/776 2305/2159/776 2304/2160/776 2303/2161/776 2302/2162/776 2294/2163/776 2293/2164/776 2292/2165/776 2289/2166/776 2287/2167/776 2285/2168/776 2283/2169/776 2276/2170/776 2275/2171/776 2274/2172/776 2269/2173/776 2268/2174/776 2267/2175/776 2266/2176/776 2263/2177/776 2260/2178/776 2255/2179/776 2254/2180/776 2253/2181/776 2252/2182/776 2249/2183/776 2244/2184/776 2239/2185/776 2238/2186/776 2236/2187/776 2235/2188/776 2234/2189/776 2231/2190/776 2224/2191/776 2223/2192/776 2222/2193/776 2217/2194/776 2216/2195/776 2215/2196/776 2214/2197/776 1840/2198/776 1837/2199/776 1833/2200/776 1834/2200/776 2487/2201/776 2483/2201/776 2482/2202/776 2480/2203/776 2479/2204/776 2478/2205/776 2473/2206/776
f 1834/2200/777 1833/2200/777 1835/2207/777 3277/2208/777
f 1833/2200/778 1836/2209/778 3274/2210/778 1835/2207/778
f 1838/2199/779 1836/2209/779 1833/2200/779 1837/2199/779
f 1837/2199/780 1839/2211/780 3387/2212/780 1838/2199/780
f 1843/2213/781 1839/2211/781 1837/2199/781 1841/2214/781
f 1842/2215/776 1841/2214/776 1837/2199/776 1840/2198/776
f 1844/2216/782 1846/2217/782 1839/2211/782 1843/2213/782
f 1845/2218/783 1848/2219/783 1846/2217/783 1844/2216/783
f 1839/2211/784 1846/2217/784 1847/2220/784 3387/2212/784
f 1846/2217/785 1848/2219/785 1849/2221/785 1847/2220/785
f 1848/2219/786 1850/2222/786 1851/2223/786 1849/2221/786
f 1853/2224/787 1850/2222/787 1848/2219/787 1845/2218/787
f 1852/2225/788 3301/2226/788 1851/2223/788 1850/2222/788
f 1854/2227/789 1852/2225/789 1850/2222/789 1853/2224/789
f 1855/2228/790 1857/2229/790 1852/2225/790 1854/2227/790
f 1856/2230/791 1859/2230/791 1857/2229/791 1855/2228/791
f 1857/2229/792 1858/2231/792 3301/2226/792 1852/2225/792
f 1859/2230/793 1860/2232/793 1858/2231/793 1857/2229/793
f 1863/2233/794 1860/2232/794 1859/2230/794 1861/2234/794
f 2053/2235/795 2045/2236/795 2044/2237/795 2042/2238/795 2041/2239/795 2040/2240/795 2037/2241/795 2035/2242/795 2031/2243/795 2030/2244/795 2029/2245/795 2028/2246/795 2025/2247/795 2023/2248/795 2019/2249/795 2018/2250/795 2015/2251/795 2014/2252/795 2016/2253/795 2002/2254/795 2001/2255/795 2000/2256/795 1999/2257/795 1996/2258/795 1992/2259/795 1991/2260/795 1990/2261/795 1989/2262/795 1866/2263/795 1861/2234/795 1859/2230/795 1856/2230/795 2118/2264/795 2117/2265/795 2116/2266/795 2111/2267/795 2110/2268/795 2109/2269/795 2108/2270/795 2105/2271/795 2103/2272/795 2101/2273/795 2099/2274/795 2097/2275/795 2095/2276/795 2093/2277/795 2091/2278/795 2089/2279/795 2087/2280/795 2085/2281/795 2083/2282/795 2081/2283/795 2079/2284/795 2075/2285/795 2074/2286/795 2072/2287/795 2070/2288/795 2069/2289/795 2068/2290/795 2065/2291/795 2063/2292/795 2059/2293/795 2058/2294/795 2057/2295/795 2056/2296/795
f 1869/2297/795 1862/2234/795 1861/2234/795 1868/2298/795
f 3337/2299/796 1864/2300/796 1861/2234/796 1862/2234/796
f 1861/2234/797 1864/2300/797 3315/2301/797 1863/2233/797
f 1908/2302/795 1867/2303/795 1861/2234/795 1865/2304/795 1941/2305/795 1938/2306/795 1934/2307/795 1933/2308/795 1932/2309/795 1931/2310/795 1928/2311/795 1924/2312/795 1923/2313/795 1921/2314/795 1920/2315/795 1919/2316/795 1916/2317/795 1914/2318/795 1912/2319/795 1910/2320/795
f 1943/2321/795 1865/2304/795 1861/2234/795 1866/2263/795 1986/2322/795 1984/2323/795 1982/2324/795 1978/2325/795 1977/2326/795 1975/2327/795 1971/2328/795 1969/2329/795 1967/2330/795 1963/2331/795 1962/2332/795 1961/2333/795 1960/2334/795 1957/2335/795 1953/2336/795 1952/2337/795 1950/2338/795 1949/2339/795 1948/2340/795 1945/2341/795
f 1870/2342/795 1868/2298/795 1861/2234/795 1867/2303/795 1905/2343/795 1904/2344/795 1901/2345/795 1899/2346/795 1895/2347/795 1894/2348/795 1893/2349/795 1892/2350/795 1889/2351/795 1885/2352/795 1884/2353/795 1883/2354/795 1882/2355/795 1879/2356/795 1877/2357/795 1875/2358/795
s 1
f 1868/2359/776 1871/2360/776 1872/2361/776 1869/2362/776
f 1871/2360/798 1868/2359/798 1870/2363/798 1873/2364/798
s 0
f 1902/2365/799 1903/2366/799 1906/2367/799 1907/2368/799 1909/2369/799 1911/2370/799 1913/2371/799 1915/2372/799 1917/2373/799 1918/2374/799 1922/2375/799 1925/2376/799 1926/2377/799 1927/2378/799 1929/2379/799 1930/2380/799 1935/2381/799 1936/2382/799 1937/2383/799 1939/2384/799 1940/2385/799 1942/2386/799 1944/2387/799 1946/2388/799 1947/2389/799 1951/2390/799 1954/2391/799 1955/2392/799 1956/2393/799 1958/2394/799 1959/2395/799 1964/2396/799 1965/2397/799 1966/2398/799 1968/2399/799 1970/2400/799 1972/2401/799 1973/2402/799 1979/2403/799 1980/2404/799 1981/2405/799 1983/2406/799 1985/2407/799 1987/2408/799 1988/2409/799 1993/2410/799 1994/2411/799 1995/2412/799 1997/2413/799 1998/2414/799 2003/2415/799 2004/2416/799 2005/2417/799 2007/2418/799 2009/2419/799 2011/2420/799 2012/2421/799 2017/2422/799 2020/2423/799 2021/2424/799 2022/2425/799 2024/2426/799 2026/2427/799 2027/2428/799 2032/2429/799 2033/2430/799 2034/2431/799 2036/2432/799 2038/2433/799 2039/2434/799 2043/2435/799 2046/2436/799 2121/2437/799 2125/2438/799 2126/2439/799 1872/2440/799 1871/2441/799 1873/2442/799 1874/2443/799 1876/2444/799 1878/2445/799 1880/2446/799 1881/2447/799 1886/2448/799 1887/2449/799 1888/2450/799 1890/2451/799 1891/2452/799 1896/2453/799 1897/2454/799 1898/2455/799 1900/2456/799
s 1
f 1873/2364/800 1870/2363/800 1875/2457/800 1874/2458/800
f 1874/2458/801 1875/2457/801 1877/2459/801 1876/2460/801
f 1876/2460/802 1877/2459/802 1879/2461/802 1878/2462/802
f 1878/2462/803 1879/2461/803 1882/2463/803 1880/2464/803
f 1880/2464/804 1882/2463/804 1883/2465/804 1881/2466/804
f 1881/2466/805 1883/2465/805 1884/2467/805 1886/2468/805
f 1885/2469/806 1887/2470/806 1886/2468/806 1884/2467/806
f 1889/2471/807 1888/2472/807 1887/2470/807 1885/2469/807
f 1892/2473/808 1890/2474/808 1888/2472/808 1889/2471/808
f 1893/2475/809 1891/2476/809 1890/2474/809 1892/2473/809
f 1894/2477/810 1896/2478/810 1891/2476/810 1893/2475/810
f 1895/2479/811 1897/2480/811 1896/2481/811 1894/2482/811
f 1899/2483/812 1898/2484/812 1897/2480/812 1895/2479/812
f 1901/2485/813 1900/2486/813 1898/2484/813 1899/2483/813
f 1900/2486/814 1901/2485/814 1904/2487/814 1902/2488/814
f 1903/2489/776 1905/2490/776 1867/2491/776 1906/2492/776
f 1906/2492/798 1867/2491/798 1908/2493/798 1907/2494/798
f 1907/2494/800 1908/2493/800 1910/2495/800 1909/2496/800
f 1909/2496/801 1910/2495/801 1912/2497/801 1911/2498/801
f 1911/2498/802 1912/2497/802 1914/2499/802 1913/2500/802
f 1913/2500/803 1914/2499/803 1916/2501/803 1915/2502/803
f 1915/2502/804 1916/2501/804 1919/2503/804 1917/2504/804
f 1917/2504/805 1919/2503/805 1920/2505/805 1918/2506/805
f 1921/2507/806 1922/2508/806 1918/2506/806 1920/2505/806
f 1923/2509/807 1925/2510/807 1922/2508/807 1921/2507/807
f 1924/2511/808 1926/2512/808 1925/2510/808 1923/2509/808
f 1928/2513/809 1927/2514/809 1926/2512/809 1924/2511/809
f 1931/2515/810 1929/2516/810 1927/2514/810 1928/2513/810
f 1932/2517/811 1930/2518/811 1929/2519/811 1931/2520/811
f 1933/2521/812 1935/2522/812 1930/2518/812 1932/2517/812
f 1934/2523/813 1936/2524/813 1935/2522/813 1933/2521/813
f 1937/2525/814 1936/2524/814 1934/2523/814 1938/2526/814
f 1939/2527/776 1941/2528/776 1865/2529/776 1940/2530/776
f 1940/2530/798 1865/2529/798 1943/2531/798 1942/2532/798
f 1942/2532/800 1943/2531/800 1945/2533/800 1944/2534/800
f 1944/2534/801 1945/2533/801 1948/2535/801 1946/2536/801
f 1946/2536/802 1948/2535/802 1949/2537/802 1947/2538/802
f 1947/2538/803 1949/2537/803 1950/2539/803 1951/2540/803
f 1951/2540/804 1950/2539/804 1952/2541/804 1954/2542/804
f 1954/2542/805 1952/2541/805 1953/2543/805 1955/2544/805
f 1957/2545/806 1956/2546/806 1955/2544/806 1953/2543/806
f 1960/2547/807 1958/2548/807 1956/2546/807 1957/2545/807
f 1961/2549/808 1959/2550/808 1958/2548/808 1960/2547/808
f 1962/2551/809 1964/2552/809 1959/2550/809 1961/2549/809
f 1963/2553/810 1965/2554/810 1964/2552/810 1962/2551/810
f 1967/2555/811 1966/2556/811 1965/2557/811 1963/2558/811
f 1969/2559/812 1968/2560/812 1966/2556/812 1967/2555/812
f 1971/2561/813 1970/2562/813 1968/2560/813 1969/2559/813
f 1972/2563/814 1970/2562/814 1971/2561/814 1975/2564/814 1974/2565/814
s 0
f 1976/2566/795 1974/2567/795 1975/2327/795 1977/2326/795
s 1
f 1973/2568/776 1976/2569/776 1977/2570/776 1979/2571/776
f 1979/2571/798 1977/2570/798 1978/2572/798 1980/2573/798
f 1980/2573/800 1978/2572/800 1982/2574/800 1981/2575/800
f 1981/2575/801 1982/2574/801 1984/2576/801 1983/2577/801
f 1983/2577/802 1984/2576/802 1986/2578/802 1985/2579/802
f 1866/2580/803 1989/2581/803 1987/2582/803 1985/2579/803 1986/2578/803
f 1987/2582/804 1989/2581/804 1990/2583/804 1988/2584/804
f 1988/2584/805 1990/2583/805 1991/2585/805 1993/2586/805
f 1992/2587/806 1994/2588/806 1993/2586/806 1991/2585/806
f 1996/2589/807 1995/2590/807 1994/2588/807 1992/2587/807
f 1999/2591/808 1997/2592/808 1995/2590/808 1996/2589/808
f 2000/2593/809 1998/2594/809 1997/2592/809 1999/2591/809
f 2001/2595/810 2003/2596/810 1998/2594/810 2000/2593/810
f 2002/2597/811 2004/2598/811 2003/2599/811 2001/2600/811
f 2006/2601/812 2005/2602/812 2004/2598/812 2002/2597/812 2016/2603/812
f 2008/2604/813 2007/2605/813 2005/2602/813 2006/2601/813
f 2009/2606/814 2007/2605/814 2008/2604/814 2010/2607/814
f 2011/2608/776 2013/2609/776 2014/2610/776 2012/2611/776
s 0
f 2013/2612/795 2010/2613/795 2008/2614/795 2006/2615/795 2016/2253/795 2014/2252/795
s 1
f 2012/2611/798 2014/2610/798 2015/2616/798 2017/2617/798
f 2017/2617/800 2015/2616/800 2018/2618/800 2020/2619/800
f 2020/2619/801 2018/2618/801 2019/2620/801 2021/2621/801
f 2021/2621/802 2019/2620/802 2023/2622/802 2022/2623/802
f 2022/2623/803 2023/2622/803 2025/2624/803 2024/2625/803
f 2024/2625/804 2025/2624/804 2028/2626/804 2026/2627/804
f 2026/2627/805 2028/2626/805 2029/2628/805 2027/2629/805
f 2030/2630/806 2032/2631/806 2027/2629/806 2029/2628/806
f 2031/2632/807 2033/2633/807 2032/2631/807 2030/2630/807
f 2035/2634/808 2034/2635/808 2033/2633/808 2031/2632/808
f 2037/2636/809 2036/2637/809 2034/2635/809 2035/2634/809
f 2040/2638/810 2038/2639/810 2036/2637/810 2037/2636/810
f 2041/2640/811 2039/2641/811 2038/2642/811 2040/2643/811
f 2042/2644/812 2043/2645/812 2039/2641/812 2041/2640/812
f 2044/2646/813 2046/2647/813 2043/2645/813 2042/2644/813
s 0
f 2048/2648/795 2047/2237/795 2044/2237/795 2045/2236/795
s 1
f 2046/2647/814 2044/2646/814 2047/2649/814 2049/2650/814
s 0
f 2114/2651/799 2115/2652/799 2121/2437/799 2046/2436/799 2049/2653/799 2050/2654/799 2051/2655/799 2052/2656/799 2054/2657/799 2055/2658/799 2060/2659/799 2061/2660/799 2062/2661/799 2064/2662/799 2066/2663/799 2067/2664/799 2071/2665/799 2073/2666/799 2076/2667/799 2077/2668/799 2078/2669/799 2080/2670/799 2082/2671/799 2084/2672/799 2086/2673/799 2088/2674/799 2090/2675/799 2092/2676/799 2094/2677/799 2096/2678/799 2098/2679/799 2100/2680/799 2102/2681/799 2104/2682/799 2106/2683/799 2107/2684/799 2112/2685/799 2113/2686/799
s 1
f 2045/2687/776 2051/2688/776 2050/2689/776 2048/2690/776
f 2051/2688/815 2045/2687/815 2053/2691/815 2052/2692/815
f 2052/2692/816 2053/2691/816 2056/2693/816 2054/2694/816
f 2054/2694/817 2056/2693/817 2057/2695/817 2055/2696/817
f 2055/2696/818 2057/2695/818 2058/2697/818 2060/2698/818
f 2060/2698/819 2058/2697/819 2059/2699/819 2061/2700/819
f 2061/2700/820 2059/2699/820 2063/2701/820 2062/2702/820
f 2062/2702/821 2063/2701/821 2065/2703/821 2064/2704/821
f 2064/2704/822 2065/2703/822 2068/2705/822 2066/2706/822
f 2066/2706/823 2068/2705/823 2069/2707/823 2067/2708/823
f 2067/2708/824 2069/2707/824 2070/2709/824 2071/2710/824
f 2071/2710/825 2070/2709/825 2072/2711/825 2073/2712/825
f 2073/2712/826 2072/2711/826 2074/2713/826 2076/2714/826
f 2076/2714/827 2074/2713/827 2075/2715/827 2077/2716/827
f 2077/2716/828 2075/2715/828 2079/2717/828 2078/2718/828
f 2078/2718/829 2079/2717/829 2081/2719/829 2080/2720/829
f 2080/2720/830 2081/2719/830 2083/2721/830 2082/2722/830
f 2085/2723/806 2084/2724/806 2082/2722/806 2083/2721/806
f 2087/2725/831 2086/2726/831 2084/2724/831 2085/2723/831
f 2089/2727/832 2088/2728/832 2086/2726/832 2087/2725/832
f 2091/2729/833 2090/2730/833 2088/2728/833 2089/2727/833
f 2093/2731/834 2092/2732/834 2090/2730/834 2091/2729/834
f 2095/2733/835 2094/2734/835 2092/2732/835 2093/2731/835
f 2097/2735/836 2096/2736/836 2094/2734/836 2095/2733/836
f 2099/2737/837 2098/2738/837 2096/2736/837 2097/2735/837
f 2101/2739/838 2100/2740/838 2098/2738/838 2099/2737/838
f 2103/2741/839 2102/2742/839 2100/2743/839 2101/2744/839
f 2105/2745/840 2104/2746/840 2102/2742/840 2103/2741/840
f 2108/2747/841 2106/2748/841 2104/2746/841 2105/2745/841
f 2109/2749/842 2107/2750/842 2106/2748/842 2108/2747/842
f 2110/2751/843 2112/2752/843 2107/2750/843 2109/2749/843
f 2111/2753/844 2113/2754/844 2112/2752/844 2110/2751/844
f 2116/2755/845 2114/2756/845 2113/2754/845 2111/2753/845
f 2117/2757/846 2115/2758/846 2114/2756/846 2116/2755/846
f 2115/2758/814 2117/2757/814 2118/2759/814 2119/2760/814
s 0
f 2119/2761/799 2120/2762/799 2121/2437/799 2115/2652/799
f 2121/2437/847 2122/2763/847 2197/2764/847 2124/2765/847
f 2125/2438/848 2121/2437/848 2123/2766/848 2128/2767/848
f 2121/2437/849 2124/2765/849 2174/2768/849 2123/2766/849
f 2125/2438/850 2127/2769/850 2131/2770/850 2129/2771/850
f 2125/2438/851 2128/2767/851 2171/2772/851 2127/2769/851
f 2130/2773/852 2125/2438/852 2129/2771/852
f 2131/2770/853 2127/2769/853 2132/2774/853
f 2127/2769/854 2135/2775/854 2133/2776/854 2132/2774/854
f 2133/2776/855 2135/2775/855 2134/2777/855
f 2135/2775/856 2137/2778/856 2138/2779/856 2134/2777/856
f 2127/2769/857 2171/2772/857 2136/2780/857 2135/2775/857
f 2135/2775/858 2136/2780/858 2140/2781/858 2137/2778/858
f 2138/2779/859 2137/2778/859 2139/2782/859 3389/2783/859
f 2139/2782/860 2137/2778/860 2140/2781/860 2142/2784/860
f 2136/2780/861 2173/2785/861 2141/2786/861 2140/2781/861
f 2142/2784/862 2140/2781/862 2141/2786/862 2144/2787/862
f 2581/2788/863 2139/2782/863 2142/2784/863 2143/2789/863
f 2143/2789/864 2142/2784/864 2144/2787/864 2145/2790/864
f 2145/2790/865 2144/2787/865 2146/2791/865 2147/2792/865
f 2144/2787/866 2141/2786/866 2148/2793/866 2146/2791/866
f 2150/2794/867 2147/2792/867 2146/2791/867 2149/2795/867
f 2146/2791/868 2148/2793/868 2149/2795/868
f 2154/2796/869 2150/2794/869 2149/2795/869 2151/2797/869
f 2152/2798/870 2151/2797/870 2149/2795/870 2148/2793/870
f 2172/2799/871 2153/2800/871 2151/2797/871 2152/2798/871
f 2156/2801/872 2154/2796/872 2151/2797/872 2153/2800/872
f 2155/2802/873 2570/2803/873 2150/2794/873 2154/2796/873
f 2157/2804/874 2155/2802/874 2154/2796/874 2156/2801/874
f 2160/2805/875 2157/2804/875 2156/2801/875 2158/2806/875
f 2158/2806/876 2156/2801/876 2153/2800/876 2161/2807/876
f 2158/2806/877 2159/2808/877 3390/2809/877 2160/2805/877
f 2161/2807/878 2163/2810/878 2159/2808/878 2158/2806/878
f 2162/2811/879 2165/2766/879 2163/2810/879 2161/2807/879
f 2162/2811/880 2161/2807/880 2153/2800/880 2172/2799/880
f 2159/2808/881 2163/2810/881 2164/2812/881 2555/2813/881
f 2163/2810/882 2165/2766/882 2166/2814/882 2164/2812/882
f 2167/2766/883 2168/2815/883 2166/2814/883 2165/2766/883
f 2169/2811/884 2167/2766/884 2165/2766/884 2162/2811/884
f 2128/2767/885 2123/2766/885 2167/2766/885 2169/2811/885
f 2123/2766/886 2174/2768/886 2168/2815/886 2167/2766/886
f 2169/2811/887 2162/2811/887 2172/2799/887 2170/2816/887
f 2128/2767/888 2169/2811/888 2170/2816/888 2171/2772/888
f 2171/2772/889 2170/2816/889 2173/2785/889 2136/2780/889
f 2170/2816/890 2172/2799/890 2152/2798/890 2173/2785/890
f 2173/2785/891 2152/2798/891 2148/2793/891 2141/2786/891
f 2174/2768/892 2176/2817/892 2175/2818/892 2168/2815/892
f 2168/2815/893 2175/2818/893 2178/2819/893 2166/2814/893
f 2176/2817/894 2189/2820/894 2177/2821/894 2175/2818/894
f 2175/2818/895 2177/2821/895 2180/2822/895 2178/2819/895
f 2179/2823/896 2178/2819/896 2180/2822/896 2181/2824/896
f 2164/2812/897 2166/2814/897 2178/2819/897 2179/2823/897
f 2177/2821/898 2184/2825/898 2182/2826/898 2180/2822/898
f 2182/2826/899 2181/2824/899 2180/2822/899
f 2183/2827/900 2550/2828/900 2181/2824/900 2182/2826/900
f 2185/2829/901 2183/2827/901 2182/2826/901 2184/2825/901
f 2187/2830/902 2185/2829/902 2184/2825/902 2186/2831/902
f 2189/2820/903 2186/2831/903 2184/2825/903 2177/2821/903
f 2201/2832/904 2187/2830/904 2186/2831/904 2188/2833/904
f 2190/2834/905 2188/2833/905 2186/2831/905 2189/2820/905
f 2193/2835/906 2190/2834/906 2189/2820/906 2176/2817/906
f 2193/2835/907 2194/2836/907 2191/2837/907 2190/2834/907
f 2191/2837/908 2192/2838/908 2190/2834/908
f 2190/2834/909 2192/2838/909 2198/2839/909 2188/2833/909
f 2195/2840/910 2194/2836/910 2193/2835/910
f 2124/2765/911 2196/2841/911 2195/2840/911 2193/2835/911
f 2124/2765/912 2193/2835/912 2176/2817/912 2174/2768/912
f 2197/2764/913 2196/2841/913 2124/2765/913
f 2188/2833/914 2198/2839/914 2199/2842/914 2201/2832/914
f 2201/2832/915 2199/2842/915 2200/2843/915 2202/2844/915
f 2202/2844/916 2203/2845/916 2187/2830/916 2201/2832/916
f 2204/2846/917 2207/2847/917 2203/2845/917 2202/2844/917
f 2202/2844/918 2200/2843/918 2206/2848/918 2204/2846/918
f 2205/2849/814 2209/2850/814 2204/2846/814
f 2204/2846/919 2208/2851/919 2498/2852/919 2207/2847/919
f 2413/2853/814 2414/2854/814 2421/2855/814 2423/2856/814 2424/2857/814 2426/2858/814 2427/2859/814 2432/2860/814 2433/2861/814 2435/2862/814 2438/2863/814 2439/2864/814 2444/2865/814 2445/2866/814 2446/2867/814 2447/2868/814 2455/2869/814 2456/2870/814 2458/2871/814 2459/2872/814 2464/2873/814 2465/2874/814 2466/2875/814 2467/2876/814 2471/2877/814 2474/2878/814 2475/2879/814 2476/2880/814 2477/2881/814 2481/2882/814 2484/2883/814 2485/2884/814 2208/2851/814 2204/2846/814 2209/2850/814 2210/2885/814 2211/2886/814 2212/2887/814 2213/2888/814 2218/2889/814 2219/2890/814 2220/2891/814 2221/2892/814 2229/2893/814 2230/2894/814 2232/2895/814 2233/2896/814 2237/2897/814 2240/2898/814 2241/2899/814 2243/2900/814 2245/2901/814 2250/2902/814 2251/2903/814 2256/2904/814 2257/2905/814 2258/2906/814 2262/2907/814 2264/2908/814 2265/2909/814 2270/2910/814 2271/2911/814 2272/2912/814 2273/2913/814 2281/2914/814 2282/2915/814 2284/2916/814 2286/2917/814 2288/2918/814 2290/2919/814 2291/2920/814 2299/2921/814 2300/2922/814 2301/2923/814 2306/2924/814 2307/2925/814 2308/2926/814 2309/2927/814 2316/2928/814 2317/2929/814 2320/2930/814 2321/2931/814 2326/2932/814 2327/2933/814 2328/2934/814 2329/2935/814 2338/2936/814 2339/2937/814 2340/2938/814 2342/2939/814 2344/2940/814 2345/2941/814 2353/2942/814 2354/2943/814 2356/2944/814 2358/2945/814 2360/2946/814 2361/2947/814 2366/2948/814 2370/2949/814 2372/2950/814 2374/2951/814 2375/2952/814 2380/2953/814 2381/2954/814 2382/2955/814 2384/2956/814 2391/2957/814 2392/2958/814 2393/2959/814 2394/2960/814 2399/2961/814 2400/2962/814 2402/2963/814 2405/2964/814 2406/2965/814 2411/2966/814 2412/2967/814
f 1840/2968/799 2211/2969/799 2210/2970/799 1842/2971/799
f 2211/2969/920 1840/2968/920 2214/2972/920 2212/2973/920
f 2212/2973/921 2214/2972/921 2215/2974/921 2213/2975/921
f 2213/2975/922 2215/2974/922 2216/2976/922 2218/2977/922
f 2218/2978/879 2216/2979/879 2217/2980/879 2219/2981/879
f 2219/2981/923 2217/2980/923 2222/2982/923 2220/2983/923
f 2220/2983/924 2222/2982/924 2223/2984/924 2221/2985/924
f 2224/2191/814 2225/2986/814 2223/2192/814
f 2225/2986/776 2226/2987/776 2223/2192/776
f 2221/2985/925 2223/2984/925 2226/2988/925 2227/2989/925
f 2225/2990/926 2228/2991/926 2227/2989/926 2226/2988/926
f 2221/2892/814 2227/2992/814 2228/2993/814
f 2221/2892/776 2228/2993/776 2229/2893/776
f 2224/2994/927 2229/2995/927 2228/2991/927 2225/2990/927
f 2231/2996/928 2230/2997/928 2229/2995/928 2224/2994/928
f 2234/2998/929 2232/2999/929 2230/2997/929 2231/2996/929
f 2235/3000/930 2233/3001/930 2232/2999/930 2234/2998/930
f 2236/3002/931 2237/3003/931 2233/3004/931 2235/3005/931
f 2238/3006/932 2240/3007/932 2237/3003/932 2236/3002/932
f 2239/3008/933 2241/3009/933 2240/3007/933 2238/3006/933
f 2242/3010/814 2246/3011/814 2243/2900/814 2241/2899/814
f 2241/3009/795 2239/3008/795 2248/3012/795 2242/3013/795
f 2244/2968/799 2243/2969/799 2246/3014/799 2247/3015/799
f 2243/2969/920 2244/2968/920 2249/2972/920 2245/2973/920
f 2247/2184/776 2248/3016/776 2239/2185/776 2244/2184/776
f 2245/2973/921 2249/2972/921 2252/2974/921 2250/2975/921
f 2250/2975/922 2252/2974/922 2253/2976/922 2251/2977/922
f 2251/2978/879 2253/2979/879 2254/2980/879 2256/2981/879
f 2256/2981/923 2254/2980/923 2255/2982/923 2257/2983/923
f 2257/2983/924 2255/2982/924 2260/2984/924 2258/2985/924
f 2258/2906/776 2259/3017/776 2262/2907/776
f 2258/2906/814 2261/3018/814 2259/3017/814
f 2258/2985/925 2260/2984/925 2496/2988/925 2261/2989/925
f 2266/2996/928 2264/2997/928 2262/2995/928 2263/2994/928
f 2263/2994/927 2262/2995/927 2259/2991/927 2495/2990/927
f 2267/2998/929 2265/2999/929 2264/2997/929 2266/2996/929
f 2268/3000/930 2270/3001/930 2265/2999/930 2267/2998/930
f 2269/3002/931 2271/3003/931 2270/3004/931 2268/3005/931
f 2274/3006/932 2272/3007/932 2271/3003/932 2269/3002/932
f 2275/3008/933 2273/3009/933 2272/3007/933 2274/3006/933
f 2278/3019/776 2277/2171/776 2275/2171/776 2276/2170/776
f 2273/3009/795 2275/3008/795 2277/3020/795 2279/3021/795
f 2279/3022/814 2280/3023/814 2281/2914/814 2273/2913/814
f 2276/2968/799 2281/2969/799 2280/3024/799 2278/3025/799
f 2281/2969/920 2276/2968/920 2283/2972/920 2282/2973/920
f 2282/2973/921 2283/2972/921 2285/2974/921 2284/2975/921
f 2284/2975/922 2285/2974/922 2287/2976/922 2286/2977/922
f 2286/2978/879 2287/2979/879 2289/2980/879 2288/2981/879
f 2288/2981/923 2289/2980/923 2292/2982/923 2290/2983/923
f 2290/2983/924 2292/2982/924 2293/2984/924 2291/2985/924
f 2294/2163/814 2295/3026/814 2293/2164/814
f 2295/3026/776 2296/3027/776 2293/2164/776
f 2291/2985/925 2293/2984/925 2296/2988/925 2297/2989/925
f 2295/2990/926 2298/2991/926 2297/2989/926 2296/2988/926
f 2291/2920/814 2297/3028/814 2298/3029/814
f 2291/2920/776 2298/3029/776 2299/2921/776
f 2294/2994/927 2299/2995/927 2298/2991/927 2295/2990/927
f 2302/2996/928 2300/2997/928 2299/2995/928 2294/2994/928
f 2303/2998/929 2301/2999/929 2300/2997/929 2302/2996/929
f 2304/3000/930 2306/3001/930 2301/2999/930 2303/2998/930
f 2305/3002/931 2307/3003/931 2306/3004/931 2304/3005/931
f 2310/3006/932 2308/3007/932 2307/3003/932 2305/3002/932
f 2311/3008/933 2309/3009/933 2308/3007/933 2310/3006/933
f 2309/3009/795 2311/3008/795 2312/3030/795 2319/3031/795
f 2314/2156/776 2312/3032/776 2311/2157/776 2313/2156/776
f 2313/2968/799 2316/2969/799 2318/3033/799 2314/3034/799
f 2316/2969/920 2313/2968/920 2315/2972/920 2317/2973/920
f 2319/3035/814 2318/3036/814 2316/2928/814 2309/2927/814
f 2317/2973/921 2315/2972/921 2322/2974/921 2320/2975/921
f 2320/2975/922 2322/2974/922 2323/2976/922 2321/2977/922
f 2321/2978/879 2323/2979/879 2324/2980/879 2326/2981/879
f 2326/2981/923 2324/2980/923 2325/2982/923 2327/2983/923
f 2327/2983/924 2325/2982/924 2330/2984/924 2328/2985/924
f 2328/2934/776 2331/3037/776 2329/2935/776
f 2328/2985/925 2330/2984/925 2333/2988/925 2331/2989/925
f 2331/3037/814 2332/3038/814 2329/2935/814
f 2335/2990/926 2332/2991/926 2331/2989/926 2333/2988/926
f 2334/2149/776 2335/3039/776 2333/3040/776
f 2334/2149/814 2333/3040/814 2330/2150/814
f 2334/2994/927 2329/2995/927 2332/2991/927 2335/2990/927
f 2336/2996/928 2338/2997/928 2329/2995/928 2334/2994/928
f 2337/2998/929 2339/2999/929 2338/2997/929 2336/2996/929
f 2341/3000/930 2340/3001/930 2339/2999/930 2337/2998/930
f 2343/3002/931 2342/3003/931 2340/3004/931 2341/3005/931
f 2346/3006/932 2344/3007/932 2342/3003/932 2343/3002/932
f 2347/3008/933 2345/3009/933 2344/3007/933 2346/3006/933
f 2350/3041/776 2349/2143/776 2347/2143/776 2348/2142/776
f 2345/3009/795 2347/3008/795 2349/3042/795 2351/3043/795
f 2351/3044/814 2352/3045/814 2353/2942/814 2345/2941/814
f 2348/2968/799 2353/2969/799 2352/3046/799 2350/3047/799
f 2353/2969/920 2348/2968/920 2355/2972/920 2354/2973/920
f 2354/2973/921 2355/2972/921 2357/2974/921 2356/2975/921
f 2356/2975/922 2357/2974/922 2359/2976/922 2358/2977/922
f 2358/2978/879 2359/2979/879 2362/2980/879 2360/2981/879
f 2360/2981/923 2362/2980/923 2363/2982/923 2361/2983/923
f 2361/2983/924 2363/2982/924 2364/2984/924 2366/2985/924
f 2365/2135/814 2367/3048/814 2364/2136/814
f 2366/2985/925 2364/2984/925 2367/2988/925 2369/2989/925
f 2365/2135/776 2368/3049/776 2367/3048/776
f 2368/2990/926 2371/2991/926 2369/2989/926 2367/2988/926
f 2366/2948/776 2369/3050/776 2370/2949/776
f 2369/3050/814 2371/3051/814 2370/2949/814
f 2365/2994/927 2370/2995/927 2371/2991/927 2368/2990/927
f 2373/2996/928 2372/2997/928 2370/2995/928 2365/2994/928
f 2376/2998/929 2374/2999/929 2372/2997/929 2373/2996/929
f 2377/3000/930 2375/3001/930 2374/2999/930 2376/2998/930
f 2378/3002/931 2380/3003/931 2375/3004/931 2377/3005/931
f 2379/3006/932 2381/3007/932 2380/3003/932 2378/3002/932
f 2385/3008/933 2382/3009/933 2381/3007/933 2379/3006/933
f 2383/3052/814 2494/3053/814 2384/2956/814 2382/2955/814
f 2382/3009/795 2385/3008/795 2386/3054/795 2383/3055/795
f 2388/3056/776 2386/3057/776 2385/2129/776 2387/2128/776
f 2387/2968/799 2384/2969/799 2494/3058/799 2388/3059/799
f 2384/2969/920 2387/2968/920 2389/2972/920 2391/2973/920
f 2391/2973/921 2389/2972/921 2390/2974/921 2392/2975/921
f 2392/2975/922 2390/2974/922 2395/2976/922 2393/2977/922
f 2393/2978/879 2395/2979/879 2396/2980/879 2394/2981/879
f 2394/2981/923 2396/2980/923 2397/2982/923 2399/2983/923
f 2399/2983/924 2397/2982/924 2398/2984/924 2400/2985/924
f 2400/2985/925 2398/2984/925 2493/2988/925 2401/2989/925
f 2400/2962/776 2401/3060/776 2402/2963/776
f 2407/2996/928 2405/2997/928 2402/2995/928 2403/2994/928
f 2403/2994/927 2402/2995/927 2404/2991/927 2492/2990/927
f 2401/3060/814 2404/3061/814 2402/2963/814
f 2408/2998/929 2406/2999/929 2405/2997/929 2407/2996/929
f 2409/3000/930 2411/3001/930 2406/2999/930 2408/2998/930
f 2410/3002/931 2412/3003/931 2411/3004/931 2409/3005/931
f 2415/3006/932 2413/3007/932 2412/3003/932 2410/3002/932
f 2416/3008/933 2414/3009/933 2413/3007/933 2415/3006/933
f 2416/2115/776 2418/2114/776 2419/3062/776 2417/2115/776
f 2414/3009/795 2416/3008/795 2417/3063/795 2491/3064/795
f 2418/2968/799 2421/2969/799 2422/3065/799 2419/3066/799
f 2421/2969/920 2418/2968/920 2420/2972/920 2423/2973/920
f 2491/3067/814 2422/3068/814 2421/2855/814 2414/2854/814
f 2423/2973/921 2420/2972/921 2425/2974/921 2424/2975/921
f 2424/2975/922 2425/2974/922 2428/2976/922 2426/2977/922
f 2426/2978/879 2428/2979/879 2429/2980/879 2427/2981/879
f 2427/2981/923 2429/2980/923 2430/2982/923 2432/2983/923
f 2432/2983/924 2430/2982/924 2431/2984/924 2433/2985/924
f 2433/2985/925 2431/2984/925 2489/2988/925 2434/2989/925
f 2433/2861/776 2434/3069/776 2435/2862/776
f 2434/3069/814 2436/3070/814 2435/2862/814
f 2437/2994/927 2435/2995/927 2436/2991/927 2490/2990/927
f 2440/2996/928 2438/2997/928 2435/2995/928 2437/2994/928
f 2441/2998/929 2439/2999/929 2438/2997/929 2440/2996/929
f 2442/3000/930 2444/3001/930 2439/2999/930 2441/2998/930
f 2443/3002/931 2445/3003/931 2444/3004/931 2442/3005/931
f 2448/3006/932 2446/3007/932 2445/3003/932 2443/3002/932
f 2449/3008/933 2447/3009/933 2446/3007/933 2448/3006/933
f 2452/3071/776 2451/3072/776 2449/2101/776 2450/2100/776
f 2447/3009/795 2449/3008/795 2451/3073/795 2453/3074/795
f 2453/3075/814 2454/3076/814 2455/2869/814 2447/2868/814
f 2450/2968/799 2455/2969/799 2454/3077/799 2452/3078/799
f 2455/2969/920 2450/2968/920 2457/2972/920 2456/2973/920
f 2456/2973/921 2457/2972/921 2460/2974/921 2458/2975/921
f 2458/2975/922 2460/2974/922 2461/2976/922 2459/2977/922
f 2459/2978/879 2461/2979/879 2462/2980/879 2464/2981/879
f 2464/2981/923 2462/2980/923 2463/2982/923 2465/2983/923
f 2465/2983/924 2463/2982/924 2468/2984/924 2466/2985/924
f 2466/2985/925 2468/2984/925 2469/2988/925 2467/2989/925
f 2470/2990/926 2471/2991/926 2467/2989/926 2469/2988/926
f 2472/2994/927 2474/2995/927 2471/2991/927 2470/2990/927
f 2473/2996/928 2475/2997/928 2474/2995/928 2472/2994/928
f 2478/2998/929 2476/2999/929 2475/2997/929 2473/2996/929
f 2479/3000/930 2477/3001/930 2476/2999/930 2478/2998/930
f 2480/3002/931 2481/3003/931 2477/3004/931 2479/3005/931
f 2482/3006/932 2484/3007/932 2481/3003/932 2480/3002/932
f 2483/3008/933 2485/3009/933 2484/3007/933 2482/3006/933
f 2485/3009/795 2483/3008/795 2487/3079/795 2486/3080/795
f 2486/3081/814 2488/3082/814 2208/2851/814 2485/2884/814
f 2437/2107/776 2490/3083/776 2489/3084/776
f 2437/2107/814 2489/3084/814 2431/2108/814
f 2490/2990/926 2436/2991/926 2434/2989/926 2489/2988/926
f 2492/2990/926 2404/2991/926 2401/2989/926 2493/2988/926
f 2403/2121/776 2492/3085/776 2493/3086/776
f 2403/2121/814 2493/3086/814 2398/2122/814
f 2263/2177/814 2495/3087/814 2260/2178/814
f 2495/3087/776 2496/3088/776 2260/2178/776
f 2495/2990/926 2259/2991/926 2261/2989/926 2496/2988/926
f 2502/3089/934 2499/3089/934 2208/3089/934 2497/3089/934
f 2208/2851/935 2499/3090/935 2500/3091/935 2498/2852/935
f 2499/3090/936 2501/3092/936 3391/3093/936 2500/3091/936
f 2503/3089/937 2501/3089/937 2499/3089/937 2502/3089/937
f 2504/3089/938 2506/3089/938 2501/3089/938 2503/3089/938
f 2505/3094/939 2508/3095/939 2506/3096/939 2504/3097/939
f 2501/3092/940 2506/3096/940 2507/3098/940 3391/3093/940
f 2506/3096/941 2508/3095/941 2509/3099/941 2507/3098/941
f 2510/3100/942 2514/3101/942 2509/3099/942 2508/3095/942
f 2510/3100/943 2508/3095/943 2505/3094/943 2513/3102/943
f 2512/3103/944 2510/3100/944 2511/3104/944 3249/3105/944
f 2511/3104/945 2510/3100/945 2513/3102/945
f 2512/3103/946 2515/3106/946 2514/3101/946 2510/3100/946
f 2515/3106/947 2519/3107/947 2516/3108/947 2514/3101/947
f 2514/3101/948 2516/3108/948 2518/3109/948 2509/3099/948
f 2516/3108/949 2517/3110/949 2539/3111/949 2518/3109/949
f 2519/3107/950 2521/3112/950 2517/3110/950 2516/3108/950
f 2520/3113/951 2522/3114/951 2521/3112/951 2519/3107/951
f 2889/3114/952 2520/3113/952 2519/3107/952 2515/3106/952
f 2522/3114/953 2524/3115/953 2523/3116/953 2521/3112/953
f 2521/3112/954 2523/3116/954 2525/3117/954 2517/3110/954
f 2528/3118/955 2526/3119/955 2523/3116/955 2524/3115/955
f 2526/3119/956 2529/3120/956 2525/3117/956 2523/3116/956
f 2527/3121/957 2530/3122/957 2529/3120/957 2526/3119/957
f 2561/3123/958 2527/3121/958 2526/3119/958 2528/3118/958
f 2530/3122/959 2533/3124/959 2531/3125/959 2529/3120/959
f 2529/3120/960 2531/3125/960 2532/3126/960 2525/3117/960
f 2531/3125/961 2534/3127/961 2537/3128/961 2532/3126/961
f 2533/3124/962 2536/3129/962 2534/3127/962 2531/3125/962
f 2535/3130/963 2538/3131/963 2537/3128/963 2534/3127/963
f 2540/3132/964 2535/3130/964 2534/3127/964 2536/3129/964
f 2538/3131/965 2518/3109/965 2539/3111/965 2537/3128/965
f 2537/3128/966 2539/3111/966 2532/3126/966
f 2517/3110/967 2525/3117/967 2532/3126/967 2539/3111/967
f 3391/3093/968 2507/3098/968 2538/3131/968 2535/3130/968
f 2507/3098/969 2509/3099/969 2518/3109/969 2538/3131/969
f 2544/3133/970 2540/3132/970 2536/3129/970 2541/2852/970
f 2543/3134/971 2541/2852/971 2536/3129/971 2533/3124/971
f 2542/3135/810 2541/2852/810 2543/3134/810 2549/3136/810
f 2545/3137/972 2544/3133/972 2541/2852/972 2542/3135/972
f 2207/2847/973 2498/2852/973 2544/3133/973 2545/3137/973
f 2498/2852/974 2500/3091/974 2540/3132/974 2544/3133/974
f 2207/2847/975 2545/3137/975 2546/3138/975 2203/2845/975
f 2545/3137/976 2542/3135/976 2547/3139/976 2546/3138/976
f 2203/2845/977 2546/3138/977 2185/2829/977 2187/2830/977
f 2546/3138/978 2547/3139/978 2183/2827/978 2185/2829/978
f 2542/3135/979 2549/3136/979 2548/3140/979 2547/3139/979
f 2547/3139/980 2548/3140/980 2550/2828/980 2183/2827/980
f 2553/3141/981 2551/3142/981 2548/3140/981 2549/3136/981
f 2551/3142/982 2554/3143/982 2550/2828/982 2548/3140/982
f 2552/3144/983 2555/2813/983 2554/3143/983 2551/3142/983
f 2556/3145/984 2552/3144/984 2551/3142/984 2553/3141/984
f 2554/3143/985 2179/2823/985 2181/2824/985 2550/2828/985
f 2555/2813/986 2164/2812/986 2179/2823/986 2554/3143/986
f 3390/2809/987 2159/2808/987 2555/2813/987 2552/3144/987
f 2553/3141/988 2557/3146/988 2558/3147/988 2556/3145/988
f 2549/3136/989 2543/3134/989 2557/3146/989 2553/3141/989
f 2558/3147/990 2557/3146/990 2530/3122/990 2527/3121/990
f 2557/3146/991 2543/3134/991 2533/3124/991 2530/3122/991
f 2556/3145/992 2558/3147/992 2559/3148/992 2560/3149/992
f 2559/3148/993 2558/3147/993 2527/3121/993 2561/3123/993
f 2559/3148/806 2562/3150/806 2565/3151/806 2560/3149/806
f 2561/3123/994 2564/3152/994 2562/3150/994 2559/3148/994
f 2563/3153/995 2566/3154/995 2565/3151/995 2562/3150/995
f 2562/3150/996 2564/3152/996 2936/3155/996 2563/3153/996
f 2160/2805/997 3390/2809/997 2560/3149/997 2565/3151/997
f 2565/3151/998 2566/3154/998 2157/2804/998 2160/2805/998
f 2568/3156/999 2567/3157/999 2566/3154/999 2563/3153/999
f 2566/3154/1000 2567/3157/1000 2155/2802/1000 2157/2804/1000
f 2571/3158/1001 2569/3159/1001 2567/3157/1001 2568/3156/1001
f 2567/3157/1002 2569/3159/1002 2570/2803/1002 2155/2802/1002
f 2569/3159/1003 2572/3160/1003 2574/3161/1003 2570/2803/1003
f 2573/3162/802 2572/3160/802 2569/3159/802 2571/3158/802
f 2576/3163/1004 2575/3164/1004 2572/3160/1004 2573/3162/1004
f 2575/3164/1005 2578/3165/1005 2574/3161/1005 2572/3160/1005
f 2943/3163/1006 2577/3164/1006 2575/3164/1006 2576/3163/1006
f 2577/3164/1007 2579/3166/1007 2578/3165/1007 2575/3164/1007
f 2578/3165/1008 2145/2790/1008 2147/2792/1008 2574/3161/1008
f 2579/3166/1009 2143/2789/1009 2145/2790/1009 2578/3165/1009
f 2580/3167/1010 2581/2788/1010 2143/2789/1010 2579/3166/1010
f 2583/3168/1011 2580/3167/1011 2579/3166/1011 2577/3164/1011
f 3388/3089/1012 2581/3089/1012 2580/3089/1012 2582/3089/1012
f 2582/3089/1013 2580/3089/1013 2583/3089/1013 2584/3089/1013
f 2585/3163/1014 2583/3168/1014 2577/3164/1014 2943/3163/1014
f 2588/3169/776 2587/3170/776 2583/3168/776 2585/3163/776 2616/3171/776 2614/3172/776 2612/3173/776 2611/3174/776 2610/3175/776 2605/3176/776 2604/3177/776 2603/3178/776 2602/3179/776 2597/3180/776 2596/3181/776 2594/3182/776 2592/3183/776 2590/3184/776
f 2587/3170/776 2586/3185/776 2583/3168/776
s 1
f 2589/3186/921 2588/3187/921 2590/3188/921 2591/3189/921
f 2591/3189/922 2590/3188/922 2592/3190/922 2593/3191/922
f 2593/3192/879 2592/3193/879 2594/3194/879 2595/3195/879
f 2595/3195/923 2594/3194/923 2596/3196/923 2598/3197/923
f 2598/3197/924 2596/3196/924 2597/3198/924 2599/3199/924
s 0
f 2615/3200/814 2617/3201/814 2619/3202/814 2622/3203/814 2623/3203/814 2589/3204/814 2591/3205/814 2593/3206/814 2595/3207/814 2598/3208/814 2599/3209/814 2600/3210/814 2601/3211/814 2606/3212/814 2607/3213/814 2608/3214/814 2609/3215/814 2613/3216/814
s 1
f 2599/3199/925 2597/3198/925 2602/3217/925 2600/3218/925
f 2603/3219/806 2601/3220/806 2600/3218/806 2602/3217/806
f 2604/3221/927 2606/3222/927 2601/3220/927 2603/3219/927
f 2605/3223/928 2607/3224/928 2606/3222/928 2604/3221/928
f 2610/3225/929 2608/3226/929 2607/3224/929 2605/3223/929
f 2611/3227/930 2609/3228/930 2608/3226/930 2610/3225/930
f 2612/3229/931 2613/3230/931 2609/3231/931 2611/3232/931
f 2614/3233/932 2615/3234/932 2613/3230/932 2612/3229/932
s 0
f 2618/3235/1015 2621/3236/1015 2619/3202/1015 2617/3201/1015
f 2620/3201/1016 2625/3237/1016 2622/3203/1016 2619/3202/1016
f 2619/3202/1017 2621/3236/1017 2639/3238/1017 2620/3201/1017
f 2623/3203/1018 2622/3203/1018 2624/3239/1018 3335/3240/1018
f 2622/3203/1019 2625/3237/1019 2626/3241/1019 2624/3239/1019
f 2625/3237/1020 2627/3242/1020 2629/3243/1020 2626/3241/1020
f 2628/3244/1021 2627/3242/1021 2625/3237/1021 2620/3201/1021
f 2633/3245/1022 2630/3246/1022 2627/3242/1022 2628/3244/1022
f 2627/3242/1023 2630/3246/1023 2631/3247/1023 2629/3243/1023
f 2630/3246/1024 2632/3248/1024 3339/3249/1024 2631/3247/1024
f 2634/3250/1025 2632/3248/1025 2630/3246/1025 2633/3245/1025
f 2628/3244/1026 2638/3251/1026 2635/3252/1026 2633/3245/1026
f 2634/3250/1027 2633/3245/1027 2635/3252/1027 2637/3253/1027
f 2638/3251/1028 2640/3254/1028 2636/3255/1028 2635/3252/1028
f 2637/3253/1029 2635/3252/1029 2636/3255/1029 3353/3256/1029
f 2639/3238/1030 2641/3257/1030 2640/3254/1030 2638/3251/1030
f 2620/3201/1031 2639/3238/1031 2638/3251/1031 2628/3244/1031
f 2641/3257/1032 2643/3258/1032 2642/3259/1032 2640/3254/1032
f 2640/3254/1033 2642/3259/1033 2645/3260/1033 2636/3255/1033
f 2643/3258/1034 2656/3261/1034 2644/3262/1034 2642/3259/1034
f 2642/3259/1035 2644/3262/1035 2647/3263/1035 2645/3260/1035
f 3353/3256/1036 2636/3255/1036 2645/3260/1036 2646/3264/1036
f 2647/3263/1037 2646/3264/1037 2645/3260/1037
f 2648/3265/1038 2649/3266/1038 2646/3264/1038 2647/3263/1038
f 2651/3267/1039 2648/3265/1039 2647/3263/1039 2644/3262/1039
f 2650/3268/1040 3355/3269/1040 2649/3266/1040 2648/3265/1040
f 2652/3270/1041 2650/3268/1041 2648/3265/1041 2651/3267/1041
f 2654/3271/1042 2652/3270/1042 2651/3267/1042 2653/3272/1042
f 2653/3272/1043 2651/3267/1043 2644/3262/1043 2656/3261/1043
f 2666/3273/1044 2654/3271/1044 2653/3272/1044 2655/3274/1044
f 2655/3274/1045 2653/3272/1045 2656/3261/1045 2657/3275/1045
f 2659/3276/1046 2657/3275/1046 2656/3261/1046 2643/3258/1046
f 2658/3277/1047 2657/3275/1047 2659/3276/1047 2660/3278/1047
f 2663/3279/1048 2655/3274/1048 2657/3275/1048 2658/3277/1048
f 2660/3278/1049 2659/3276/1049 2661/3280/1049 2662/3281/1049
f 2661/3280/1050 2659/3276/1050 2643/3258/1050 2641/3257/1050
f 2662/3281/1051 2661/3280/1051 2621/3236/1051 2618/3235/1051
f 2621/3236/1052 2661/3280/1052 2641/3257/1052 2639/3238/1052
f 2664/3282/1053 2666/3273/1053 2655/3274/1053 2663/3279/1053
f 2665/3283/1054 2667/3283/1054 2666/3273/1054 2664/3282/1054
f 2667/3283/1055 2668/3284/1055 2654/3271/1055 2666/3273/1055
f 2674/3285/1056 2668/3284/1056 2667/3283/1056 2672/3286/1056
f 2665/3283/799 3074/3287/799 3072/3288/799 3015/3289/799 3014/3290/799 3013/3291/799 3011/3292/799 3012/3293/799 3069/3294/799 3068/3295/799 3067/3296/799 3066/3297/799 3061/3298/799 3060/3299/799 3059/3300/799 3058/3301/799 3053/3302/799 3052/3303/799 3051/3304/799 3050/3305/799 3045/3306/799 3044/3307/799 3043/3307/799 3042/3306/799 3041/3308/799 3038/3304/799 2669/3309/799 2667/3283/799
f 3018/3310/799 3015/3289/799 3072/3288/799 3073/3311/799 2974/3312/799 2980/3312/799 2981/3313/799 2982/3314/799 2983/3315/799 2987/3316/799 2989/3317/799 2992/3318/799 2993/3319/799 2994/3320/799 2995/3321/799 2999/3322/799 3001/3323/799 3004/3324/799 3006/3325/799 3008/3326/799 2671/3327/799 2667/3283/799 2669/3309/799 3036/3328/799 3034/3329/799 3032/3330/799 3030/3331/799 3028/3332/799 3024/3333/799 3023/3334/799 3022/3335/799 3021/3336/799
f 2973/3337/799 2974/3312/799 3073/3311/799 3076/3338/799 3077/3339/799 3081/3340/799 3083/3341/799 3085/3342/799 3087/3343/799 3089/3344/799 3090/3345/799 3092/3346/799 3094/3347/799 3095/3348/799 3101/3349/799 3103/3350/799 3105/3351/799 3107/3352/799 3112/3353/799 3113/3354/799 3114/3355/799 3244/3356/799 3243/3357/799 3241/3358/799 3240/3359/799 3239/3360/799 3234/3361/799 3233/3362/799 3231/3363/799 3230/3364/799 3229/3365/799 3226/3366/799 3154/3367/799 3153/3368/799 3151/3369/799 3149/3370/799 3147/3371/799 3145/3372/799 3146/3373/799 3225/3374/799 3220/3375/799 3219/3376/799 3218/3377/799 3162/3378/799 3164/3379/799 2670/3380/799 2667/3283/799 2671/3327/799 2947/3327/799 2948/3381/799 2949/3325/799 2951/3382/799 2953/3383/799 2954/3384/799 2958/3385/799 2960/3386/799 2963/3387/799 2964/3388/799 2965/3389/799 2966/3390/799 2971/3315/799 2972/3391/799
f 2744/3392/799 2711/3393/799 2709/3394/799 2707/3395/799 2706/3396/799 2705/3397/799 2702/3398/799 2698/3399/799 2697/3400/799 2695/3401/799 2693/3402/799 2691/3403/799 2689/3404/799 2688/3405/799 2687/3406/799 2684/3407/799 2680/3408/799 2679/3409/799 2676/3410/799 2672/3286/799 2667/3283/799 2670/3380/799 3167/3411/799 3168/3412/799 3169/3413/799 3170/3414/799 3174/3415/799 3177/3416/799 3178/3417/799 3179/3418/799 3180/3419/799 3184/3420/799 3186/3421/799 3189/3422/799 3190/3423/799 3191/3424/799 3192/3425/799 3196/3426/799 3198/3427/799 3201/3428/799 3202/3429/799 3203/3430/799 3204/3431/799 3209/3432/799 3210/3433/799 3211/3434/799 3212/3435/799 3216/3436/799 3217/3437/799 2815/3438/799 2814/3439/799 2813/3440/799 2810/3441/799 2808/3442/799 2806/3443/799 2804/3444/799 2802/3445/799 2800/3446/799 2798/3447/799 2794/3448/799 2793/3449/799 2792/3450/799 2791/3451/799 2788/3452/799 2784/3453/799 2783/3454/799 2781/3455/799 2780/3456/799 2779/3457/799 2776/3458/799 2772/3459/799 2771/3460/799 2770/3461/799 2769/3462/799 2766/3463/799 2762/3464/799 2761/3465/799 2760/3466/799 2759/3467/799 2754/3468/799 2753/3469/799 2752/3470/799 2749/3471/799
f 2885/3472/799 2673/3286/799 2672/3286/799 2676/3410/799 2677/3473/799 2740/3474/799 2739/3475/799 2734/3476/799 2733/3477/799 2732/3404/799 2731/3478/799 2728/3479/799 2724/3401/799 2723/3480/799 2722/3481/799 2721/3398/799 2718/3397/799 2716/3482/799 2710/3395/799 2709/3394/799 2711/3393/799 2878/3468/799 2876/3483/799 2874/3484/799 2873/3485/799 2872/3486/799 2869/3463/799 2867/3487/799 2865/3488/799 2861/3489/799 2860/3490/799 2859/3458/799 2858/3491/799 2855/3492/799 2853/3493/799 2851/3494/799 2847/3495/799 2846/3496/799 2845/3451/799 2844/3497/799 2841/3498/799 2839/3499/799 2837/3447/799 2833/3500/799 2832/3501/799 2831/3502/799 2830/3503/799 2827/3442/799 2825/3504/799 2820/3440/799 2818/3505/799 2816/3505/799 2814/3439/799 2815/3438/799
f 3252/3506/1057 2675/3507/1057 2672/3286/1057 2673/3286/1057
f 2672/3286/1058 2675/3507/1058 3250/3508/1058 2674/3285/1058
s 1
f 2741/3509/1059 2677/3510/1059 2676/3511/1059 2678/3512/1059
f 2678/3512/1060 2676/3511/1060 2679/3513/1060 2681/3514/1060
f 2681/3514/1061 2679/3513/1061 2680/3515/1061 2682/3516/1061
s 0
f 3232/3517/795 3098/3518/795 3097/3519/795 3096/3520/795 3093/3521/795 3091/3522/795 2895/3523/795 2890/3524/795 2886/3525/795 2678/3526/795 2681/3527/795 2682/3528/795 2683/3529/795 2685/3530/795 2686/3531/795 2690/3532/795 2692/3533/795 2694/3534/795 2696/3535/795 2699/3536/795 2700/3537/795 2701/3538/795 2703/3539/795 2704/3540/795 2708/3541/795 2712/3542/795 2713/3543/795 2743/3544/795 2745/3545/795 2746/3546/795 2755/3547/795 2756/3548/795 2757/3549/795 2758/3550/795 2763/3551/795 2764/3552/795 2765/3553/795 2767/3554/795 2768/3555/795 2773/3556/795 2774/3557/795 2775/3558/795 2777/3559/795 2778/3560/795 2782/3561/795 2785/3562/795 2786/3563/795 2787/3564/795 2789/3565/795 2790/3566/795 2795/3567/795 2796/3568/795 2797/3569/795 2799/3570/795 2801/3571/795 2803/3572/795 2805/3573/795 2807/3574/795 2809/3575/795 2811/3576/795 2812/3577/795 2880/3578/795 2881/3579/795 2882/3580/795 3215/3581/795 3214/3582/795 3213/3583/795 3208/3584/795 3207/3585/795 3206/3586/795 3205/3587/795 3200/3588/795 3199/3589/795 3197/3590/795 3195/3591/795 3194/3592/795 3193/3593/795 3188/3594/795 3187/3595/795 3185/3596/795 3183/3597/795 3182/3598/795 3181/3599/795 3176/3600/795 3175/3601/795 3173/3602/795 3172/3603/795 3171/3604/795 3166/3605/795 3165/3606/795 3163/3607/795 3161/3608/795 3159/3609/795 3157/3610/795 3158/3611/795 3227/3612/795 3228/3613/795
s 1
f 2682/3516/1062 2680/3515/1062 2684/3614/1062 2683/3615/1062
f 2683/3615/1063 2684/3614/1063 2687/3616/1063 2685/3617/1063
f 2685/3617/1064 2687/3616/1064 2688/3618/1064 2686/3619/1064
f 2686/3619/1065 2688/3618/1065 2689/3620/1065 2690/3621/1065
f 2690/3621/1066 2689/3620/1066 2691/3622/1066 2692/3623/1066
f 2692/3623/1067 2691/3622/1067 2693/3624/1067 2694/3625/1067
f 2694/3625/1068 2693/3624/1068 2695/3626/1068 2696/3627/1068
f 2696/3627/1069 2695/3626/1069 2697/3628/1069 2699/3629/1069
f 2699/3629/1070 2697/3628/1070 2698/3630/1070 2700/3631/1070
f 2700/3631/1071 2698/3630/1071 2702/3632/1071 2701/3633/1071
f 2701/3633/1072 2702/3632/1072 2705/3634/1072 2703/3635/1072
f 2703/3635/1073 2705/3634/1073 2706/3636/1073 2704/3637/1073
f 2704/3637/1074 2706/3636/1074 2707/3638/1074 2708/3639/1074
f 2708/3639/1075 2707/3638/1075 2709/3640/1075 2712/3641/1075
f 2712/3641/1076 2709/3640/1076 2710/3642/1076 2714/3643/1076
s 0
f 2884/3644/795 2883/3645/795 2881/3579/795 2880/3578/795 2879/3646/795 2822/3647/795 2821/3648/795 2823/3649/795 2824/3650/795 2826/3651/795 2828/3652/795 2829/3653/795 2834/3654/795 2835/3655/795 2836/3656/795 2838/3657/795 2840/3658/795 2842/3659/795 2843/3660/795 2848/3661/795 2849/3662/795 2850/3663/795 2852/3664/795 2854/3665/795 2856/3666/795 2857/3667/795 2862/3668/795 2863/3669/795 2864/3670/795 2866/3671/795 2868/3672/795 2870/3673/795 2871/3674/795 2875/3675/795 2877/3676/795 2742/3677/795 2713/3543/795 2712/3542/795 2714/3678/795 2715/3679/795 2717/3680/795 2719/3681/795 2720/3682/795 2725/3683/795 2726/3684/795 2727/3685/795 2729/3686/795 2730/3687/795 2735/3688/795 2736/3689/795 2737/3690/795 2738/3691/795 2741/3692/795 2678/3526/795 2886/3525/795
s 1
f 2714/3643/1077 2710/3642/1077 2716/3693/1077 2715/3694/1077
f 2715/3694/1078 2716/3693/1078 2718/3695/1078 2717/3696/1078
f 2717/3696/1079 2718/3695/1079 2721/3697/1079 2719/3698/1079
f 2719/3698/1080 2721/3697/1080 2722/3699/1080 2720/3700/1080
f 2720/3700/1081 2722/3699/1081 2723/3701/1081 2725/3702/1081
f 2725/3702/1082 2723/3701/1082 2724/3703/1082 2726/3704/1082
f 2726/3704/1083 2724/3703/1083 2728/3705/1083 2727/3706/1083
f 2727/3707/1084 2728/3708/1084 2731/3709/1084 2729/3710/1084
f 2729/3710/1085 2731/3709/1085 2732/3711/1085 2730/3712/1085
f 2730/3712/1086 2732/3711/1086 2733/3713/1086 2735/3714/1086
f 2735/3714/1087 2733/3713/1087 2734/3715/1087 2736/3716/1087
f 2736/3716/1088 2734/3715/1088 2739/3717/1088 2737/3718/1088
f 2737/3718/1089 2739/3717/1089 2740/3719/1089 2738/3720/1089
f 2738/3720/1090 2740/3719/1090 2677/3510/1090 2741/3509/1090
f 2713/3721/1091 2742/3722/1091 2878/3723/1091 2711/3724/1091 2744/3725/1091 2743/3726/1091
f 2749/3727/1092 2745/3728/1092 2743/3726/1092 2744/3725/1092
s 0
f 2745/3545/1093 2747/3729/1093 2746/3546/1093
f 2745/3545/1094 2748/3730/1094 2747/3729/1094
s 1
f 2751/3731/1095 2748/3732/1095 2745/3728/1095 2749/3727/1095
s 0
f 2752/3470/1096 2750/3733/1096 2749/3471/1096
f 2750/3733/1097 2751/3734/1097 2749/3471/1097
s 1
f 2746/3735/845 2752/3736/845 2753/3737/845 2755/3738/845
f 2747/3739/846 2750/3740/846 2752/3736/846 2746/3735/846
f 2755/3738/844 2753/3737/844 2754/3741/844 2756/3742/844
f 2756/3742/1098 2754/3741/1098 2759/3743/1098 2757/3744/1098
f 2757/3744/1099 2759/3743/1099 2760/3745/1099 2758/3746/1099
f 2758/3746/841 2760/3745/841 2761/3747/841 2763/3748/841
f 2763/3748/840 2761/3747/840 2762/3749/840 2764/3750/840
f 2764/3750/1100 2762/3749/1100 2766/3751/1100 2765/3752/1100
f 2765/3753/838 2766/3754/838 2769/3755/838 2767/3756/838
f 2767/3756/837 2769/3755/837 2770/3757/837 2768/3758/837
f 2768/3758/836 2770/3757/836 2771/3759/836 2773/3760/836
f 2773/3760/835 2771/3759/835 2772/3761/835 2774/3762/835
f 2774/3762/834 2772/3761/834 2776/3763/834 2775/3764/834
f 2775/3764/833 2776/3763/833 2779/3765/833 2777/3766/833
f 2777/3766/832 2779/3765/832 2780/3767/832 2778/3768/832
f 2778/3768/831 2780/3767/831 2781/3769/831 2782/3770/831
f 2782/3770/806 2781/3769/806 2783/3771/806 2785/3772/806
f 2784/3773/830 2786/3774/830 2785/3772/830 2783/3771/830
f 2788/3775/829 2787/3776/829 2786/3774/829 2784/3773/829
f 2791/3777/828 2789/3778/828 2787/3776/828 2788/3775/828
f 2792/3779/827 2790/3780/827 2789/3778/827 2791/3777/827
f 2793/3781/826 2795/3782/826 2790/3780/826 2792/3779/826
f 2794/3783/825 2796/3784/825 2795/3782/825 2793/3781/825
f 2798/3785/824 2797/3786/824 2796/3784/824 2794/3783/824
f 2800/3787/823 2799/3788/823 2797/3786/823 2798/3785/823
f 2802/3789/1101 2801/3790/1101 2799/3791/1101 2800/3792/1101
f 2804/3793/821 2803/3794/821 2801/3790/821 2802/3789/821
f 2806/3795/820 2805/3796/820 2803/3794/820 2804/3793/820
f 2808/3797/1102 2807/3798/1102 2805/3796/1102 2806/3795/1102
f 2810/3799/818 2809/3800/818 2807/3798/818 2808/3797/818
f 2813/3801/817 2811/3802/817 2809/3800/817 2810/3799/817
f 2813/3801/816 2814/3803/816 2816/3804/816 2812/3805/816 2811/3802/816
f 2880/3806/815 2812/3805/815 2816/3804/815 2817/3807/815 2879/3808/815
s 0
f 2818/3505/795 2817/3809/795 2816/3505/795
f 2818/3505/799 2819/3810/799 2817/3809/799
s 1
f 2822/3811/1103 2819/3812/1103 2818/3813/1103 2821/3814/1103
f 2821/3814/1104 2818/3813/1104 2820/3815/1104 2823/3816/1104
f 2823/3816/1105 2820/3815/1105 2825/3817/1105 2824/3818/1105
f 2824/3818/1106 2825/3817/1106 2827/3819/1106 2826/3820/1106
f 2826/3820/1107 2827/3819/1107 2830/3821/1107 2828/3822/1107
f 2828/3822/1108 2830/3821/1108 2831/3823/1108 2829/3824/1108
f 2829/3824/1109 2831/3823/1109 2832/3825/1109 2834/3826/1109
f 2834/3826/1110 2832/3825/1110 2833/3827/1110 2835/3828/1110
f 2835/3829/1111 2833/3830/1111 2837/3831/1111 2836/3832/1111
f 2836/3832/1112 2837/3831/1112 2839/3833/1112 2838/3834/1112
f 2838/3834/1113 2839/3833/1113 2841/3835/1113 2840/3836/1113
f 2840/3836/1114 2841/3835/1114 2844/3837/1114 2842/3838/1114
f 2842/3838/1115 2844/3837/1115 2845/3839/1115 2843/3840/1115
f 2843/3840/1116 2845/3839/1116 2846/3841/1116 2848/3842/1116
f 2848/3842/1117 2846/3841/1117 2847/3843/1117 2849/3844/1117
f 2849/3844/1118 2847/3843/1118 2851/3845/1118 2850/3846/1118
f 2850/3846/926 2851/3845/926 2853/3847/926 2852/3848/926
f 2855/3849/1119 2854/3850/1119 2852/3848/1119 2853/3847/1119
f 2858/3851/1120 2856/3852/1120 2854/3850/1120 2855/3849/1120
f 2859/3853/1121 2857/3854/1121 2856/3852/1121 2858/3851/1121
f 2860/3855/1122 2862/3856/1122 2857/3854/1122 2859/3853/1122
f 2861/3857/1123 2863/3858/1123 2862/3856/1123 2860/3855/1123
f 2865/3859/1124 2864/3860/1124 2863/3858/1124 2861/3857/1124
f 2867/3861/1125 2866/3862/1125 2864/3860/1125 2865/3859/1125
f 2869/3863/1126 2868/3864/1126 2866/3862/1126 2867/3861/1126
f 2872/3865/1127 2870/3866/1127 2868/3867/1127 2869/3868/1127
f 2873/3869/1128 2871/3870/1128 2870/3866/1128 2872/3865/1128
f 2874/3871/1129 2875/3872/1129 2871/3870/1129 2873/3869/1129
f 2876/3873/1130 2877/3874/1130 2875/3872/1130 2874/3871/1130
f 2878/3723/1131 2742/3722/1131 2877/3874/1131 2876/3873/1131
f 2879/3808/814 2817/3807/814 2819/3812/814 2822/3811/814
f 2885/3875/814 2815/3876/814 3217/3877/814 2882/3878/814 2881/3879/814 2883/3880/814
s 0
f 2886/3525/1132 2512/3103/1132 3248/3881/1132 2887/3882/1132
f 2888/3883/799 2886/3525/799 2887/3882/799
f 2886/3525/1133 2889/3114/1133 2515/3106/1133 2512/3103/1133
f 2886/3525/1134 2890/3524/1134 2892/3884/1134 2889/3114/1134
f 3075/3885/795 2891/3886/795 2890/3524/795 2894/3887/795 3046/3888/795 3047/3889/795 3048/3890/795 3049/3891/795 3054/3892/795 3055/3893/795 3056/3894/795 3057/3895/795 3062/3896/795 3063/3897/795 3064/3898/795 3065/3899/795 3070/3900/795 3071/3901/795 3010/3902/795 3002/3903/795 3000/3904/795 2998/3905/795 2997/3906/795 2996/3907/795 2991/3908/795 2990/3909/795 2988/3910/795 2986/3911/795 2985/3912/795 2984/3913/795 2979/3914/795 2977/3915/795 2978/3916/795
f 2890/3524/1135 2893/3917/1135 2942/3918/1135 2892/3884/1135
f 2890/3524/1136 2897/3919/1136 2898/3920/1136 2893/3917/1136
f 3040/3921/795 2894/3887/795 2890/3524/795 2896/3922/795 2946/3923/795 3007/3924/795 3005/3925/795 3003/3926/795 3000/3904/795 3002/3903/795 3009/3927/795 3016/3928/795 3017/3929/795 3019/3930/795 3020/3931/795 3025/3932/795 3026/3933/795 3027/3934/795 3029/3935/795 3031/3936/795 3033/3937/795 3035/3938/795 3037/3939/795 3039/3940/795
f 2945/3941/795 2896/3922/795 2890/3524/795 2895/3523/795 3088/3942/795 3086/3943/795 3084/3944/795 3082/3945/795 3080/3946/795 3079/3947/795 3078/3948/795 2978/3916/795 2977/3915/795 2976/3949/795 2975/3950/795 2970/3951/795 2969/3952/795 2968/3953/795 2967/3954/795 2962/3955/795 2961/3956/795 2959/3957/795 2957/3958/795 2956/3959/795 2955/3960/795 2952/3961/795 2950/3962/795
f 2898/3920/1137 2899/3963/1137 2893/3917/1137
f 2893/3917/1138 2899/3963/1138 2900/3964/1138 2902/3965/1138
f 2900/3964/1139 2901/3966/1139 2902/3965/1139
f 2893/3917/1140 2902/3965/1140 2903/3967/1140 2942/3918/1140
f 2902/3965/1141 2904/3968/1141 2905/3969/1141 2903/3967/1141
f 2902/3965/1142 2901/3966/1142 2908/3970/1142 2904/3968/1142
f 2904/3968/1143 2906/3971/1143 2917/3972/1143 2905/3969/1143
f 2904/3968/1144 2907/3973/1144 2909/3974/1144 2906/3971/1144
f 2908/3970/1145 2907/3973/1145 2904/3968/1145
f 2906/3971/1146 2909/3974/1146 2910/3975/1146 2912/3976/1146
f 2912/3976/1147 2910/3975/1147 2911/3977/1147 2913/3978/1147
f 2913/3978/1148 2915/3979/1148 2914/3980/1148 2912/3976/1148
f 2912/3976/1149 2914/3980/1149 2917/3972/1149 2906/3971/1149
f 2915/3979/1150 2935/3981/1150 2916/3982/1150 2914/3980/1150
f 2914/3980/1151 2916/3982/1151 2918/3983/1151 2917/3972/1151
f 2905/3969/1152 2917/3972/1152 2918/3983/1152 2919/3984/1152
f 2916/3982/1153 2921/3985/1153 2920/3986/1153 2918/3983/1153
f 2919/3984/1154 2918/3983/1154 2920/3986/1154 2923/3987/1154
f 2921/3985/1155 2932/3988/1155 2922/3989/1155 2920/3986/1155
f 2923/3987/1156 2920/3986/1156 2922/3989/1156
f 2925/3990/1157 2919/3984/1157 2923/3987/1157 2924/3991/1157
f 2927/3992/1158 2924/3991/1158 2923/3987/1158 2922/3989/1158
f 2941/3993/1159 2925/3990/1159 2924/3991/1159 2926/3994/1159
f 2928/3995/1160 2926/3994/1160 2924/3991/1160 2927/3992/1160
f 2929/3996/1161 2927/3992/1161 2922/3989/1161 2932/3988/1161
f 2930/3997/1162 2928/3995/1162 2927/3992/1162 2929/3996/1162
f 2936/3155/1163 2930/3997/1163 2929/3996/1163 2931/3998/1163
f 2931/3998/1164 2929/3996/1164 2932/3988/1164 2933/3999/1164
f 2934/4000/1165 2933/3999/1165 2932/3988/1165 2921/3985/1165
f 2568/3156/1166 2931/3998/1166 2933/3999/1166 2571/3158/1166
f 2573/3162/1167 2571/3158/1167 2933/3999/1167 2934/4000/1167
f 2576/3163/1168 2573/3162/1168 2934/4000/1168 2935/3981/1168
f 2935/3981/1169 2934/4000/1169 2921/3985/1169 2916/3982/1169
f 2943/3163/1170 2576/3163/1170 2935/3981/1170 2915/3979/1170
f 2563/3153/1171 2936/3155/1171 2931/3998/1171 2568/3156/1171
f 2564/3152/1172 2937/4001/1172 2930/3997/1172 2936/3155/1172
f 2937/4001/1173 2938/4002/1173 2928/3995/1173 2930/3997/1173
f 2528/3118/1174 2937/4001/1174 2564/3152/1174 2561/3123/1174
f 2524/3115/1175 2938/4002/1175 2937/4001/1175 2528/3118/1175
f 2938/4002/1176 2939/4003/1176 2926/3994/1176 2928/3995/1176
f 2522/3114/930 2939/4003/930 2938/4002/930 2524/3115/930
f 2520/3113/1177 2940/4003/1177 2939/4003/1177 2522/3114/1177
f 2940/4003/1178 2941/3993/1178 2926/3994/1178 2939/4003/1178
f 2889/3114/1179 2892/3884/1179 2940/4003/1179 2520/3113/1179
f 2892/3884/1180 2942/3918/1180 2941/3993/1180 2940/4003/1180
f 2942/3918/1181 2903/3967/1181 2925/3990/1181 2941/3993/1181
f 2903/3967/1182 2905/3969/1182 2919/3984/1182 2925/3990/1182
f 2585/3163/1183 2943/3163/1183 2915/3979/1183 2913/3978/1183
f 2913/3978/1184 2911/3977/1184 2944/4004/1184 2585/3163/1184
s 1
f 2947/4005/798 2896/4006/798 2945/4007/798 2948/4008/798
f 2896/4006/776 2947/4005/776 2671/4009/776 2946/4010/776
f 2948/4008/800 2945/4007/800 2950/4011/800 2949/4012/800
f 2949/4012/801 2950/4011/801 2952/4013/801 2951/4014/801
f 2951/4014/802 2952/4013/802 2955/4015/802 2953/4016/802
f 2953/4016/803 2955/4015/803 2956/4017/803 2954/4018/803
f 2954/4018/804 2956/4017/804 2957/4019/804 2958/4020/804
f 2958/4020/805 2957/4019/805 2959/4021/805 2960/4022/805
f 2961/4023/806 2963/4024/806 2960/4022/806 2959/4021/806
f 2962/4025/807 2964/4026/807 2963/4024/807 2961/4023/807
f 2967/4027/808 2965/4028/808 2964/4026/808 2962/4025/808
f 2968/4029/809 2966/4030/809 2965/4028/809 2967/4027/809
f 2969/4031/810 2971/4032/810 2966/4030/810 2968/4029/810
f 2970/4033/811 2972/4034/811 2971/4035/811 2969/4036/811
f 2975/4037/812 2973/4038/812 2972/4034/812 2970/4033/812
f 2976/4039/813 2974/4040/813 2973/4038/813 2975/4037/813
f 2974/4040/814 2976/4039/814 2977/4041/814 2980/4042/814
f 2980/4042/1185 2977/4041/1185 2979/4043/1185 2981/4044/1185
f 2981/4044/1186 2979/4043/1186 2984/4045/1186 2982/4046/1186
f 2982/4046/1187 2984/4045/1187 2985/4047/1187 2983/4048/1187
f 2983/4048/1025 2985/4047/1025 2986/4049/1025 2987/4050/1025
f 2987/4051/1188 2986/4052/1188 2988/4053/1188 2989/4054/1188
f 2989/4054/1189 2988/4053/1189 2990/4055/1189 2992/4056/1189
f 2992/4056/1190 2990/4055/1190 2991/4057/1190 2993/4058/1190
f 2996/4059/926 2994/4060/926 2993/4058/926 2991/4057/926
f 2997/4061/1191 2995/4062/1191 2994/4060/1191 2996/4059/1191
f 2998/4063/1192 2999/4064/1192 2995/4062/1192 2997/4061/1192
f 3000/4065/1193 3001/4066/1193 2999/4064/1193 2998/4063/1193
f 3003/4067/1194 3004/4068/1194 3001/4066/1194 3000/4065/1194
f 3005/4069/1195 3006/4070/1195 3004/4068/1195 3003/4067/1195
f 3007/4071/1196 3008/4072/1196 3006/4070/1196 3005/4069/1196
f 2946/4010/1197 2671/4009/1197 3008/4072/1197 3007/4071/1197
f 3013/4073/814 3009/4074/814 3002/4075/814 3011/4076/814
f 3011/4076/1185 3002/4075/1185 3010/4077/1185 3012/4078/1185
f 3009/4074/813 3013/4073/813 3014/4079/813 3016/4080/813
f 3015/4081/812 3018/4082/812 3017/4083/812 3016/4080/812 3014/4079/812
f 3017/4083/811 3018/4082/811 3021/4084/811 3019/4085/811
f 3019/4086/810 3021/4087/810 3022/4088/810 3020/4089/810
f 3020/4089/809 3022/4088/809 3023/4090/809 3025/4091/809
f 3025/4091/808 3023/4090/808 3024/4092/808 3026/4093/808
f 3026/4093/807 3024/4092/807 3028/4094/807 3027/4095/807
f 3027/4095/806 3028/4094/806 3030/4096/806 3029/4097/806
f 3032/4098/805 3031/4099/805 3029/4097/805 3030/4096/805
f 3034/4100/804 3033/4101/804 3031/4099/804 3032/4098/804
f 3036/4102/803 3035/4103/803 3033/4101/803 3034/4100/803
f 3035/4103/802 3036/4102/802 2669/4104/802 3038/4105/802 3037/4106/802
f 3041/4107/801 3039/4108/801 3037/4106/801 3038/4105/801
f 3042/4109/800 3040/4110/800 3039/4108/800 3041/4107/800
f 3043/4111/798 2894/4112/798 3040/4110/798 3042/4109/798
f 2894/4112/776 3043/4111/776 3044/4113/776 3046/4114/776
f 3046/4114/1197 3044/4113/1197 3045/4115/1197 3047/4116/1197
f 3047/4116/1196 3045/4115/1196 3050/4117/1196 3048/4118/1196
f 3048/4118/1195 3050/4117/1195 3051/4119/1195 3049/4120/1195
f 3049/4120/1194 3051/4119/1194 3052/4121/1194 3054/4122/1194
f 3054/4122/1193 3052/4121/1193 3053/4123/1193 3055/4124/1193
f 3055/4124/1192 3053/4123/1192 3058/4125/1192 3056/4126/1192
f 3056/4126/1191 3058/4125/1191 3059/4127/1191 3057/4128/1191
f 3057/4128/926 3059/4127/926 3060/4129/926 3062/4130/926
f 3061/4131/1190 3063/4132/1190 3062/4130/1190 3060/4129/1190
f 3066/4133/1189 3064/4134/1189 3063/4132/1189 3061/4131/1189
f 3067/4135/1188 3065/4136/1188 3064/4134/1188 3066/4133/1188
f 3068/4137/1025 3070/4138/1025 3065/4139/1025 3067/4140/1025
f 3069/4141/1187 3071/4142/1187 3070/4138/1187 3068/4137/1187
f 3012/4078/1186 3010/4077/1186 3071/4142/1186 3069/4141/1186
f 3072/4143/776 3074/4144/776 3075/4145/776 2978/4146/776 3073/4147/776
f 3073/4147/798 2978/4146/798 3078/4148/798 3076/4149/798
f 3076/4149/800 3078/4148/800 3079/4150/800 3077/4151/800
f 3077/4151/801 3079/4150/801 3080/4152/801 3081/4153/801
f 3081/4153/802 3080/4152/802 3082/4154/802 3083/4155/802
f 3083/4155/803 3082/4154/803 3084/4156/803 3085/4157/803
f 3085/4157/804 3084/4156/804 3086/4158/804 3087/4159/804
f 3087/4159/805 3086/4158/805 3088/4160/805 3089/4161/805
f 2895/4162/806 3091/4163/806 3090/4164/806 3089/4161/806 3088/4160/806
f 3093/4165/807 3092/4166/807 3090/4164/807 3091/4163/807
f 3096/4167/808 3094/4168/808 3092/4166/808 3093/4165/808
f 3096/4167/809 3097/4169/809 3099/4170/809 3095/4171/809 3094/4168/809
s 0
f 3109/4172/795 3108/4173/795 3106/4174/795 3104/4175/795 3102/4176/795 3100/4177/795 3099/4178/795 3097/3519/795 3098/3518/795 3235/4179/795 3236/4180/795 3237/4181/795 3238/4182/795 3242/4183/795 3245/4184/795 3246/4185/795 3247/4186/795 3116/4187/795 3118/4188/795 3121/4189/795 3122/4190/795 3123/4191/795 3124/4192/795 3128/4193/795 3131/4194/795 3132/4195/795 3133/4196/795 3134/4197/795 3139/4198/795 3140/4199/795 3141/4200/795 3142/4201/795 3148/4202/795 3150/4203/795 3152/4204/795 3155/4205/795 3156/4206/795 3157/3610/795 3159/3609/795 3160/4207/795 3221/4208/795 3222/4209/795 3223/4210/795 3224/4211/795
s 1
f 3100/4212/810 3101/4213/810 3095/4171/810 3099/4170/810
f 3102/4214/811 3103/4215/811 3101/4216/811 3100/4217/811
f 3104/4218/812 3105/4219/812 3103/4215/812 3102/4214/812
f 3106/4220/813 3107/4221/813 3105/4219/813 3104/4218/813
f 3112/4222/814 3107/4221/814 3106/4220/814 3108/4223/814 3110/4224/814
s 0
f 3115/4225/799 3113/3354/799 3112/3353/799 3110/4226/799 3111/4227/799 3146/3373/799 3145/3372/799 3144/4228/799 3143/4229/799 3138/4230/799 3137/4231/799 3136/3368/799 3135/4232/799 3130/4233/799 3129/4234/799 3127/4235/799 3126/4236/799 3125/4237/799 3120/4238/799 3119/4239/799 3117/4240/799
s 1
f 3113/4241/1077 3115/4242/1077 3116/4243/1077 3247/4244/1077 3114/4245/1077
f 3116/4243/1078 3115/4242/1078 3117/4246/1078 3118/4247/1078
f 3118/4247/1079 3117/4246/1079 3119/4248/1079 3121/4249/1079
f 3121/4249/1080 3119/4248/1080 3120/4250/1080 3122/4251/1080
f 3122/4251/1081 3120/4250/1081 3125/4252/1081 3123/4253/1081
f 3123/4253/1082 3125/4252/1082 3126/4254/1082 3124/4255/1082
f 3124/4255/1083 3126/4254/1083 3127/4256/1083 3128/4257/1083
f 3128/4258/1084 3127/4259/1084 3129/4260/1084 3131/4261/1084
f 3131/4261/1085 3129/4260/1085 3130/4262/1085 3132/4263/1085
f 3132/4263/1086 3130/4262/1086 3135/4264/1086 3133/4265/1086
f 3133/4265/1087 3135/4264/1087 3136/4266/1087 3134/4267/1087
f 3134/4267/1088 3136/4266/1088 3137/4268/1088 3139/4269/1088
f 3139/4269/1089 3137/4268/1089 3138/4270/1089 3140/4271/1089
f 3140/4271/1090 3138/4270/1090 3143/4272/1090 3141/4273/1090
f 3141/4273/1059 3143/4272/1059 3144/4274/1059 3142/4275/1059
f 3145/4276/1060 3147/4277/1060 3148/4278/1060 3142/4275/1060 3144/4274/1060
f 3148/4278/1061 3147/4277/1061 3149/4279/1061 3150/4280/1061
f 3150/4280/1062 3149/4279/1062 3151/4281/1062 3152/4282/1062
f 3152/4282/1063 3151/4281/1063 3153/4283/1063 3155/4284/1063
f 3155/4284/1064 3153/4283/1064 3154/4285/1064 3156/4286/1064
f 3156/4286/1065 3154/4285/1065 3226/4287/1065 3158/4288/1065 3157/4289/1065
f 3161/4290/1102 3162/4291/1102 3218/4292/1102 3160/4293/1102 3159/4294/1102
f 3162/4291/820 3161/4290/820 3163/4295/820 3164/4296/820
f 2670/4297/821 3164/4296/821 3163/4295/821 3165/4298/821 3167/4299/821
f 3167/4299/1101 3165/4298/1101 3166/4300/1101 3168/4301/1101
f 3168/4301/1198 3166/4300/1198 3171/4302/1198 3169/4303/1198
f 3169/4303/824 3171/4302/824 3172/4304/824 3170/4305/824
f 3170/4305/825 3172/4304/825 3173/4306/825 3174/4307/825
f 3174/4307/826 3173/4306/826 3175/4308/826 3177/4309/826
f 3177/4309/827 3175/4308/827 3176/4310/827 3178/4311/827
f 3178/4311/828 3176/4310/828 3181/4312/828 3179/4313/828
f 3179/4313/829 3181/4312/829 3182/4314/829 3180/4315/829
f 3180/4315/830 3182/4314/830 3183/4316/830 3184/4317/830
f 3185/4318/806 3186/4319/806 3184/4317/806 3183/4316/806
f 3187/4320/831 3189/4321/831 3186/4319/831 3185/4318/831
f 3188/4322/832 3190/4323/832 3189/4321/832 3187/4320/832
f 3193/4324/833 3191/4325/833 3190/4323/833 3188/4322/833
f 3194/4326/834 3192/4327/834 3191/4325/834 3193/4324/834
f 3195/4328/835 3196/4329/835 3192/4327/835 3194/4326/835
f 3197/4330/836 3198/4331/836 3196/4329/836 3195/4328/836
f 3199/4332/837 3201/4333/837 3198/4331/837 3197/4330/837
f 3200/4334/1199 3202/4335/1199 3201/4333/1199 3199/4332/1199
f 3205/4336/1100 3203/4337/1100 3202/4338/1100 3200/4339/1100
f 3206/4340/840 3204/4341/840 3203/4337/840 3205/4336/840
f 3207/4342/841 3209/4343/841 3204/4341/841 3206/4340/841
f 3208/4344/842 3210/4345/842 3209/4343/842 3207/4342/842
f 3213/4346/1098 3211/4347/1098 3210/4345/1098 3208/4344/1098
f 3214/4348/844 3212/4349/844 3211/4347/844 3213/4346/844
f 3215/4350/845 3216/4351/845 3212/4349/845 3214/4348/845
f 2882/3878/846 3217/3877/846 3216/4351/846 3215/4350/846
f 3219/4352/818 3221/4353/818 3160/4293/818 3218/4292/818
f 3220/4354/817 3222/4355/817 3221/4353/817 3219/4352/817
f 3225/4356/816 3223/4357/816 3222/4355/816 3220/4354/816
f 3146/4358/815 3224/4359/815 3223/4357/815 3225/4356/815
f 3224/4359/776 3146/4358/776 3111/4360/776 3109/4361/776
f 3158/4288/1066 3226/4287/1066 3229/4362/1066 3227/4363/1066
f 3227/4363/1067 3229/4362/1067 3230/4364/1067 3228/4365/1067
f 3228/4365/1068 3230/4364/1068 3231/4366/1068 3232/4367/1068
f 3098/4368/1069 3232/4367/1069 3231/4366/1069 3233/4369/1069 3235/4370/1069
f 3235/4370/1070 3233/4369/1070 3234/4371/1070 3236/4372/1070
f 3236/4372/1071 3234/4371/1071 3239/4373/1071 3237/4374/1071
f 3237/4374/1072 3239/4373/1072 3240/4375/1072 3238/4376/1072
f 3238/4376/1073 3240/4375/1073 3241/4377/1073 3242/4378/1073
f 3242/4378/1074 3241/4377/1074 3243/4379/1074 3245/4380/1074
f 3245/4380/1075 3243/4379/1075 3244/4381/1075 3246/4382/1075
f 3246/4382/1076 3244/4381/1076 3114/4245/1076 3247/4244/1076
s 0
f 3248/3881/1200 2512/3103/1200 3249/3105/1200
s 1
f 2750/3740/776 2747/3739/776 2748/3732/776 2751/3731/776
s 0
f 2675/3507/1201 3251/4383/1201 3259/4384/1201 3250/3508/1201
f 3253/4385/1202 3251/4383/1202 2675/3507/1202 3252/3506/1202
f 3254/4386/1203 3256/4387/1203 3251/4383/1203 3253/4385/1203
f 3255/4388/1204 3257/4389/1204 3256/4387/1204 3254/4386/1204
f 3256/4387/1205 3257/4389/1205 3260/4390/1205 3258/4391/1205
f 3251/4383/1206 3256/4387/1206 3258/4391/1206 3259/4384/1206
f 3259/4384/1207 3258/4391/1207 3261/4392/1207 3263/4393/1207
f 3258/4391/1208 3260/4390/1208 3262/4394/1208 3261/4392/1208
f 3261/4392/1209 3262/4394/1209 3267/4395/1209 3264/4396/1209
f 3263/4393/1210 3261/4392/1210 3264/4396/1210 3265/4397/1210
f 3367/4398/1211 3265/4397/1211 3264/4396/1211 3266/4399/1211
f 3267/4395/1212 3266/4399/1212 3264/4396/1212
f 3268/4400/1213 3269/4401/1213 3266/4399/1213 3267/4395/1213
f 3271/4402/1214 3268/4400/1214 3267/4395/1214 3262/4394/1214
f 3270/4403/1215 3372/4404/1215 3269/4401/1215 3268/4400/1215
f 3272/4405/1216 3270/4403/1216 3268/4400/1216 3271/4402/1216
f 3274/2210/1217 3272/4405/1217 3271/4402/1217 3273/4406/1217
f 3273/4406/1218 3271/4402/1218 3262/4394/1218 3260/4390/1218
f 1835/2207/1219 3274/2210/1219 3273/4406/1219 3275/4407/1219
f 3275/4407/1220 3273/4406/1220 3260/4390/1220 3257/4389/1220
f 3277/2208/1221 1835/2207/1221 3275/4407/1221 3276/4408/1221
f 3276/4408/1222 3275/4407/1222 3257/4389/1222 3255/4388/1222
f 1836/2209/1223 3278/4409/1223 3272/4405/1223 3274/2210/1223
f 3278/4409/1224 3279/2209/1224 3270/4403/1224 3272/4405/1224
f 3280/2214/1225 3278/4409/1225 1836/2209/1225 1838/2199/1225
f 3282/2214/1226 3279/2209/1226 3278/4409/1226 3280/2214/1226
f 1838/2199/1227 3387/2212/1227 3281/4410/1227 3280/2214/1227
f 3280/2214/1228 3281/4410/1228 3283/4411/1228 3282/2214/1228
f 3284/4412/1194 3285/4413/1194 3279/2209/1194 3282/2214/1194
f 3284/4412/1229 3282/2214/1229 3283/4411/1229 3287/4414/1229
f 3286/4415/1230 3371/4416/1230 3285/4413/1230 3284/4412/1230
f 3286/4415/1231 3284/4412/1231 3287/4414/1231 3288/4417/1231
f 3288/4417/1232 3287/4414/1232 3289/4418/1232 3291/4419/1232
f 3287/4414/1233 3283/4411/1233 3290/4420/1233 3289/4418/1233
f 3289/4418/1234 3290/4420/1234 3295/4421/1234 3292/4422/1234
f 3291/4419/1235 3289/4418/1235 3292/4422/1235 3293/4423/1235
f 3302/4424/1236 3293/4423/1236 3292/4422/1236 3294/4425/1236
f 3295/4421/1237 3294/4425/1237 3292/4422/1237
f 3296/4426/1238 3297/4427/1238 3294/4425/1238 3295/4421/1238
f 3298/4428/1239 3296/4426/1239 3295/4421/1239 3290/4420/1239
f 1849/2221/1240 1851/2223/1240 3297/4427/1240 3296/4426/1240
f 1847/2220/1241 1849/2221/1241 3296/4426/1241 3298/4428/1241
f 3387/2212/1242 1847/2220/1242 3298/4428/1242 3281/4410/1242
f 3281/4410/1243 3298/4428/1243 3290/4420/1243 3283/4411/1243
f 3301/2226/1244 3299/4429/1244 3297/4427/1244 1851/2223/1244
f 3299/4429/1245 3302/4424/1245 3294/4425/1245 3297/4427/1245
f 3300/4430/1246 3303/4431/1246 3302/4424/1246 3299/4429/1246
f 1858/2231/1247 3300/4430/1247 3299/4429/1247 3301/2226/1247
f 3303/4431/1248 3304/4432/1248 3293/4423/1248 3302/4424/1248
f 3306/4433/1249 3305/4434/1249 3303/4431/1249 3300/4430/1249
f 3305/4434/1250 3307/4435/1250 3304/4432/1250 3303/4431/1250
f 3308/2233/1251 3305/4434/1251 3306/4433/1251 3309/4436/1251
f 3310/4437/1252 3307/4435/1252 3305/4434/1252 3308/2233/1252
f 3309/4436/1253 3314/4438/1253 3311/4439/1253 3308/2233/1253
f 3310/4437/1254 3308/2233/1254 3311/4439/1254 3313/4440/1254
f 3314/4438/1255 3316/4441/1255 3312/4442/1255 3311/4439/1255
f 3313/4440/1256 3311/4439/1256 3312/4442/1256 3343/4443/1256
f 3315/2301/1257 3317/4444/1257 3316/4441/1257 3314/4438/1257
f 1863/2233/1258 3315/2301/1258 3314/4438/1258 3309/4436/1258
f 3317/4444/1259 3319/4445/1259 3318/4446/1259 3316/4441/1259
f 3316/4441/1260 3318/4446/1260 3321/4447/1260 3312/4442/1260
f 3319/4445/1261 3329/4448/1261 3320/4449/1261 3318/4446/1261
f 3318/4446/1262 3320/4449/1262 3323/4450/1262 3321/4447/1262
f 3343/4443/1263 3312/4442/1263 3321/4447/1263 3322/4451/1263
f 3323/4450/1264 3322/4451/1264 3321/4447/1264
f 3324/4452/1265 3325/4453/1265 3322/4451/1265 3323/4450/1265
f 3326/4454/1266 3324/4452/1266 3323/4450/1266 3320/4449/1266
f 2631/3247/1267 3339/3249/1267 3325/4453/1267 3324/4452/1267
f 2629/3243/1268 2631/3247/1268 3324/4452/1268 3326/4454/1268
f 2626/3241/1269 2629/3243/1269 3326/4454/1269 3327/4455/1269
f 3327/4455/1270 3326/4454/1270 3320/4449/1270 3329/4448/1270
f 2624/3239/1271 2626/3241/1271 3327/4455/1271 3328/4456/1271
f 3328/4456/1272 3327/4455/1272 3329/4448/1272 3330/4457/1272
f 3331/4458/1273 3330/4457/1273 3329/4448/1273 3319/4445/1273
f 3332/4459/1274 3330/4457/1274 3331/4458/1274 3333/4460/1274
f 3334/4461/1275 3328/4456/1275 3330/4457/1275 3332/4459/1275
f 3335/3240/1276 2624/3239/1276 3328/4456/1276 3334/4461/1276
f 3333/4460/1277 3331/4458/1277 3338/4462/1277 3336/4463/1277
f 3336/4463/1278 3338/4462/1278 1864/2300/1278 3337/2299/1278
f 1864/2300/1279 3338/4462/1279 3317/4444/1279 3315/2301/1279
f 3338/4462/1280 3331/4458/1280 3319/4445/1280 3317/4444/1280
f 3342/4464/1281 3340/4465/1281 3325/4453/1281 3339/3249/1281
f 3340/4465/1282 3343/4443/1282 3322/4451/1282 3325/4453/1282
f 3341/4466/1283 3313/4440/1283 3343/4443/1283 3340/4465/1283
f 3344/4467/1284 3341/4466/1284 3340/4465/1284 3342/4464/1284
f 3346/4468/1285 3344/4467/1285 3342/4464/1285 3345/4469/1285
f 3345/4469/1286 3342/4464/1286 3339/3249/1286 2632/3248/1286
f 3348/4470/1287 3346/4468/1287 3345/4469/1287 3347/4471/1287
f 3347/4471/1288 3345/4469/1288 2632/3248/1288 2634/3250/1288
f 3348/4470/1289 3347/4471/1289 3349/4472/1289 3350/4473/1289
f 3347/4471/1290 2634/3250/1290 2637/3253/1290 3349/4472/1290
f 3350/4473/1291 3349/4472/1291 3351/4474/1291 3352/4475/1291
f 3349/4472/1292 2637/3253/1292 3353/3256/1292 3351/4474/1292
f 3352/4475/1293 3351/4474/1293 2649/3266/1293 3355/3269/1293
f 3351/4474/1294 3353/3256/1294 2646/3264/1294 2649/3266/1294
f 3379/4476/1295 3350/4473/1295 3352/4475/1295 3354/4477/1295
f 3354/4477/1296 3352/4475/1296 3355/3269/1296 3356/4478/1296
f 3357/3284/1297 3356/4478/1297 3355/3269/1297 2650/3268/1297
f 3358/4479/1298 3356/4478/1298 3357/3284/1298 3361/3285/1298
f 3359/4480/1299 3354/4477/1299 3356/4478/1299 3358/4479/1299
f 3359/4480/1300 3358/4479/1300 3360/4481/1300 3366/4482/1300
f 3358/4479/1301 3361/3285/1301 3363/4483/1301 3360/4481/1301
f 3361/3285/1302 3357/3284/1302 3365/3283/1302 3362/3286/1302
f 3362/3286/1303 3364/4484/1303 3363/4483/1303 3361/3285/1303
f 3364/4484/1304 3263/4393/1304 3265/4397/1304 3363/4483/1304
f 3360/4481/1305 3363/4483/1305 3265/4397/1305 3367/4398/1305
f 3250/3508/1306 3259/4384/1306 3263/4393/1306 3364/4484/1306
f 2674/3285/1307 3250/3508/1307 3364/4484/1307 3362/3286/1307
f 3362/3286/1308 3365/3283/1308 2668/3284/1308 2674/3285/1308
f 2668/3284/1309 3365/3283/1309 2652/3270/1309 2654/3271/1309
f 3365/3283/1310 3357/3284/1310 2650/3268/1310 2652/3270/1310
f 3366/4482/1311 3360/4481/1311 3367/4398/1311 3368/4485/1311
f 3368/4485/1312 3367/4398/1312 3266/4399/1312 3269/4401/1312
f 3370/4486/1313 3366/4482/1313 3368/4485/1313 3369/4487/1313
f 3369/4487/1314 3368/4485/1314 3269/4401/1314 3372/4404/1314
f 3373/4488/1315 3370/4486/1315 3369/4487/1315 3371/4416/1315
f 3371/4416/1316 3369/4487/1316 3372/4404/1316 3285/4413/1316
f 3279/2209/1317 3285/4413/1317 3372/4404/1317 3270/4403/1317
f 3374/4489/1318 3373/4488/1318 3371/4416/1318 3286/4415/1318
f 3375/4490/1319 3376/4491/1319 3370/4486/1319 3373/4488/1319
f 3377/4492/1320 3375/4490/1320 3373/4488/1320 3374/4489/1320
f 3375/4490/1321 3378/4493/1321 3379/4476/1321 3376/4491/1321
f 3375/4490/926 3377/4492/926 3380/4494/926 3378/4493/926
f 3378/4493/1322 3348/4470/1322 3350/4473/1322 3379/4476/1322
f 3378/4493/1323 3380/4494/1323 3346/4468/1323 3348/4470/1323
f 3380/4494/1324 3381/4495/1324 3344/4467/1324 3346/4468/1324
f 3380/4494/1325 3377/4492/1325 3383/4496/1325 3381/4495/1325
f 3381/4495/1326 3382/4497/1326 3341/4466/1326 3344/4467/1326
f 3381/4495/1327 3383/4496/1327 3385/4498/1327 3382/4497/1327
f 3377/4492/1328 3374/4489/1328 3384/4499/1328 3383/4496/1328
f 3383/4496/1329 3384/4499/1329 3386/4500/1329 3385/4498/1329
f 3385/4498/1330 3386/4500/1330 3304/4432/1330 3307/4435/1330
f 3382/4497/1331 3385/4498/1331 3307/4435/1331 3310/4437/1331
f 3384/4499/1332 3288/4417/1332 3291/4419/1332 3386/4500/1332
f 3386/4500/1333 3291/4419/1333 3293/4423/1333 3304/4432/1333
f 3374/4489/1334 3286/4415/1334 3288/4417/1334 3384/4499/1334
f 3382/4497/1335 3310/4437/1335 3313/4440/1335 3341/4466/1335
f 3376/4491/1336 3379/4476/1336 3354/4477/1336 3359/4480/1336
f 3376/4491/1337 3359/4480/1337 3366/4482/1337 3370/4486/1337
f 3309/4436/1338 3306/4433/1338 1860/2232/1338 1863/2233/1338
f 1860/2232/1339 3306/4433/1339 3300/4430/1339 1858/2231/1339
f 3389/3089/1340 2139/3089/1340 2581/3089/1340 3388/3089/1340
f 2570/2803/1341 2574/3161/1341 2147/2792/1341 2150/2794/1341
f 2560/3149/1342 3390/2809/1342 2552/3144/1342 2556/3145/1342
f 2500/3091/1343 3391/3093/1343 2535/3130/1343 2540/3132/1343
